{"textures":{"0":"modelengine:entity/nocsy_drakonin_baby"},"elements":[{"from":[5.5,1.8021894,4.896348],"to":[10.5,6.80219,11.896348],"faces":{"east":{"uv":[2.5,5.0,3.375,5.625],"tintindex":0,"rotation":0,"texture":"#0"},"south":{"uv":[5.5,4.25,6.125,4.875],"tintindex":0,"rotation":0,"texture":"#0"},"north":{"uv":[5.5,3.5,6.125,4.125],"tintindex":0,"rotation":0,"texture":"#0"},"west":{"uv":[3.5,5.0,4.375,5.625],"tintindex":0,"rotation":0,"texture":"#0"},"up":{"uv":[5.125,5.875,4.5,5.0],"tintindex":0,"rotation":0,"texture":"#0"},"down":{"uv":[5.875,5.0,5.25,5.875],"tintindex":0,"rotation":0,"texture":"#0"}}},{"from":[5.49,2.8790329,3.9033358],"to":[10.51,7.8990326,8.923336],"faces":{"east":{"uv":[3.25,5.75,3.875,6.375],"tintindex":0,"rotation":0,"texture":"#0"},"south":{"uv":[4.0,6.0,4.625,6.625],"tintindex":0,"rotation":0,"texture":"#0"},"north":{"uv":[2.5,5.75,3.125,6.375],"tintindex":0,"rotation":0,"texture":"#0"},"west":{"uv":[4.75,6.0,5.375,6.625],"tintindex":0,"rotation":0,"texture":"#0"},"up":{"uv":[6.625,5.625,6.0,5.0],"tintindex":0,"rotation":0,"texture":"#0"},"down":{"uv":[6.125,6.0,5.5,6.625],"tintindex":0,"rotation":0,"texture":"#0"}},"rotation":{"origin":[7.5257998,4.8367167,7.1066704],"angle":-22.5,"axis":"x"}},{"from":[6.0,-0.06681728,10.3214445],"to":[10.0,4.9331822,13.3214445],"faces":{"east":{"uv":[7.0,1.25,7.375,1.875],"tintindex":0,"rotation":0,"texture":"#0"},"south":{"uv":[0.0,6.375,0.5,7.0],"tintindex":0,"rotation":0,"texture":"#0"},"north":{"uv":[6.25,5.75,6.75,6.375],"tintindex":0,"rotation":0,"texture":"#0"},"west":{"uv":[1.875,7.0,2.25,7.625],"tintindex":0,"rotation":0,"texture":"#0"},"up":{"uv":[8.625,0.375,8.125,0.0],"tintindex":0,"rotation":0,"texture":"#0"},"down":{"uv":[8.625,0.5,8.125,0.875],"tintindex":0,"rotation":0,"texture":"#0"}},"rotation":{"origin":[7.16,1.9451518,15.360008],"angle":22.5,"axis":"x"}}],"display":{"gui":{"rotation":[30,225,0]}}}