{"textures":{"0":"modelengine:entity/nocsy_drakonin_baby"},"elements":[{"from":[5.8255,10.046701,4.9070053],"to":[6.1254997,10.346701,4.9070053],"faces":{"south":{"uv":[3.25,8.875,3.125,9.0],"tintindex":0,"rotation":0,"texture":"#0"},"north":{"uv":[8.625,4.25,8.5,4.375],"tintindex":0,"rotation":0,"texture":"#0"}}},{"from":[5.4265003,8.071701,4.9570055],"to":[5.4265003,12.071701,5.9570055],"faces":{"east":{"uv":[5.0,10.25,4.875,10.75],"tintindex":0,"rotation":0,"texture":"#0"},"west":{"uv":[10.375,3.0,10.25,3.5],"tintindex":0,"rotation":0,"texture":"#0"}}},{"from":[5.7255,8.471701,4.932006],"to":[7.7255,10.471701,4.932006],"faces":{"south":{"uv":[10.5,6.75,10.25,7.0],"tintindex":0,"rotation":0,"texture":"#0"},"north":{"uv":[10.5,5.5,10.25,5.75],"tintindex":0,"rotation":0,"texture":"#0"}}},{"from":[10.5735,8.071701,4.9570055],"to":[10.5735,12.071701,5.9570055],"faces":{"east":{"uv":[10.25,3.0,10.375,3.5],"tintindex":0,"rotation":0,"texture":"#0"},"west":{"uv":[4.875,10.25,5.0,10.75],"tintindex":0,"rotation":0,"texture":"#0"}}},{"from":[5.4255,8.071701,4.9570055],"to":[8.4255,12.071701,4.9570055],"faces":{"south":{"uv":[6.875,7.75,7.25,8.25],"tintindex":0,"rotation":0,"texture":"#0"},"north":{"uv":[7.25,7.75,6.875,8.25],"tintindex":0,"rotation":0,"texture":"#0"}}},{"from":[7.5745,8.071701,4.9570055],"to":[10.5745,12.071701,4.9570055],"faces":{"south":{"uv":[7.25,7.75,6.875,8.25],"tintindex":0,"rotation":0,"texture":"#0"},"north":{"uv":[6.875,7.75,7.25,8.25],"tintindex":0,"rotation":0,"texture":"#0"}}},{"from":[5.5,7.3717012,5.1860056],"to":[10.5,12.3717,10.186006],"faces":{"east":{"uv":[6.25,0.75,6.875,1.375],"tintindex":0,"rotation":0,"texture":"#0"},"south":{"uv":[6.25,1.5,6.875,2.125],"tintindex":0,"rotation":0,"texture":"#0"},"north":{"uv":[6.25,0.0,6.875,0.625],"tintindex":0,"rotation":0,"texture":"#0"},"west":{"uv":[6.25,2.25,6.875,2.875],"tintindex":0,"rotation":0,"texture":"#0"},"up":{"uv":[6.875,3.625,6.25,3.0],"tintindex":0,"rotation":0,"texture":"#0"},"down":{"uv":[6.875,3.75,6.25,4.375],"tintindex":0,"rotation":0,"texture":"#0"}}},{"from":[4.6254997,9.671701,4.857005],"to":[6.6254997,13.671701,4.857005],"faces":{"south":{"uv":[9.5,4.875,9.25,5.375],"tintindex":0,"rotation":0,"texture":"#0"},"north":{"uv":[9.5,4.25,9.25,4.75],"tintindex":0,"rotation":0,"texture":"#0"}}},{"from":[6.6,8.077186,2.7512708],"to":[9.4,9.877185,5.551271],"faces":{"east":{"uv":[9.75,7.125,10.125,7.375],"tintindex":0,"rotation":0,"texture":"#0"},"south":{"uv":[9.75,7.5,10.125,7.75],"tintindex":0,"rotation":0,"texture":"#0"},"north":{"uv":[9.75,6.75,10.125,7.0],"tintindex":0,"rotation":0,"texture":"#0"},"west":{"uv":[9.75,7.875,10.125,8.125],"tintindex":0,"rotation":0,"texture":"#0"},"up":{"uv":[9.0,2.125,8.625,1.75],"tintindex":0,"rotation":0,"texture":"#0"},"down":{"uv":[9.0,2.25,8.625,2.625],"tintindex":0,"rotation":0,"texture":"#0"}},"rotation":{"origin":[7.4,9.2771845,3.951271],"angle":-22.5,"axis":"x"}},{"from":[8.406607,9.35675,4.8766127],"to":[11.406607,13.356749,4.8766127],"faces":{"south":{"uv":[6.375,7.75,6.75,8.25],"tintindex":0,"rotation":0,"texture":"#0"},"north":{"uv":[5.875,7.75,6.25,8.25],"tintindex":0,"rotation":0,"texture":"#0"}}},{"from":[8.2745,8.471701,4.932006],"to":[10.2745,10.471701,4.932006],"faces":{"south":{"uv":[10.25,6.75,10.5,7.0],"tintindex":0,"rotation":0,"texture":"#0"},"north":{"uv":[10.25,5.5,10.5,5.75],"tintindex":0,"rotation":0,"texture":"#0"}}},{"from":[9.4745,10.046701,4.9070053],"to":[9.7745,10.346701,4.9070053],"faces":{"south":{"uv":[3.125,8.875,3.25,9.0],"tintindex":0,"rotation":0,"texture":"#0"},"north":{"uv":[8.5,4.25,8.625,4.375],"tintindex":0,"rotation":0,"texture":"#0"}}},{"from":[7.0,7.251335,3.3572273],"to":[9.0,9.251335,6.3572273],"faces":{"east":{"uv":[9.75,8.25,10.125,8.5],"tintindex":0,"rotation":0,"texture":"#0"},"south":{"uv":[10.25,9.25,10.5,9.5],"tintindex":0,"rotation":0,"texture":"#0"},"north":{"uv":[10.25,8.625,10.5,8.875],"tintindex":0,"rotation":0,"texture":"#0"},"west":{"uv":[9.75,8.625,10.125,8.875],"tintindex":0,"rotation":0,"texture":"#0"},"up":{"uv":[5.25,10.125,5.0,9.75],"tintindex":0,"rotation":0,"texture":"#0"},"down":{"uv":[10.0,9.0,9.75,9.375],"tintindex":0,"rotation":0,"texture":"#0"}}},{"from":[4.5933933,9.35675,4.8766127],"to":[7.5933933,13.356749,4.8766127],"faces":{"south":{"uv":[6.75,7.75,6.375,8.25],"tintindex":0,"rotation":0,"texture":"#0"},"north":{"uv":[6.25,7.75,5.875,8.25],"tintindex":0,"rotation":0,"texture":"#0"}}},{"from":[9.3745,9.671701,4.857005],"to":[11.3745,13.671701,4.857005],"faces":{"south":{"uv":[9.25,4.875,9.5,5.375],"tintindex":0,"rotation":0,"texture":"#0"},"north":{"uv":[9.25,4.25,9.5,4.75],"tintindex":0,"rotation":0,"texture":"#0"}}}],"display":{"gui":{"rotation":[30,225,0]}}}