{"textures":{"0":"modelengine:entity/nocsy_drakonin_baby"},"elements":[{"from":[6.484951,5.178529,5.4676857],"to":[8.484951,9.178528,9.467686],"faces":{"east":{"uv":[7.0,0.0,7.5,0.5],"tintindex":0,"rotation":0,"texture":"#0"},"south":{"uv":[9.375,8.875,9.625,9.375],"tintindex":0,"rotation":0,"texture":"#0"},"north":{"uv":[8.75,9.375,9.0,9.875],"tintindex":0,"rotation":0,"texture":"#0"},"west":{"uv":[0.625,7.0,1.125,7.5],"tintindex":0,"rotation":0,"texture":"#0"},"up":{"uv":[0.25,10.0,0.0,9.5],"tintindex":0,"rotation":0,"texture":"#0"},"down":{"uv":[9.75,2.75,9.5,3.25],"tintindex":0,"rotation":0,"texture":"#0"}},"rotation":{"origin":[10.2549515,7.5785284,7.787686],"angle":-22.5,"axis":"x"}}],"display":{"gui":{"rotation":[30,225,0]}}}