{"textures":{"0":"modelengine:entity/nocsy_drakonin_baby"},"elements":[{"from":[3.4322178,7.2344337,7.04],"to":[7.032218,8.834434,8.64],"faces":{"east":{"uv":[0.0,10.125,0.25,10.375],"tintindex":0,"rotation":0,"texture":"#0"},"south":{"uv":[9.125,5.5,9.625,5.75],"tintindex":0,"rotation":0,"texture":"#0"},"north":{"uv":[4.375,9.125,4.875,9.375],"tintindex":0,"rotation":0,"texture":"#0"},"west":{"uv":[0.375,10.125,0.625,10.375],"tintindex":0,"rotation":0,"texture":"#0"},"up":{"uv":[9.75,0.25,9.25,0.0],"tintindex":0,"rotation":0,"texture":"#0"},"down":{"uv":[9.75,0.375,9.25,0.625],"tintindex":0,"rotation":0,"texture":"#0"}}},{"from":[0.94554806,7.934434,5.9143143],"to":[6.945548,8.034433,24.914314],"faces":{"east":{"uv":[0.625,6.75,3.0,6.875],"tintindex":0,"rotation":0,"texture":"#0"},"south":{"uv":[9.75,6.5,10.5,6.625],"tintindex":0,"rotation":0,"texture":"#0"},"north":{"uv":[9.75,6.25,10.5,6.375],"tintindex":0,"rotation":0,"texture":"#0"},"west":{"uv":[3.125,6.75,5.5,6.875],"tintindex":0,"rotation":0,"texture":"#0"},"up":{"uv":[5.375,2.375,4.625,0.0],"tintindex":0,"rotation":0,"texture":"#0"},"down":{"uv":[5.375,2.5,4.625,4.875],"tintindex":0,"rotation":0,"texture":"#0"}}},{"from":[6.0322175,7.034434,6.84],"to":[9.032217,9.034433,8.84],"faces":{"east":{"uv":[8.625,10.0,8.875,10.25],"tintindex":0,"rotation":0,"texture":"#0"},"south":{"uv":[2.375,9.75,2.75,10.0],"tintindex":0,"rotation":0,"texture":"#0"},"north":{"uv":[9.75,2.0,10.125,2.25],"tintindex":0,"rotation":0,"texture":"#0"},"west":{"uv":[9.875,10.0,10.125,10.25],"tintindex":0,"rotation":0,"texture":"#0"},"up":{"uv":[10.125,2.625,9.75,2.375],"tintindex":0,"rotation":0,"texture":"#0"},"down":{"uv":[10.125,5.5,9.75,5.75],"tintindex":0,"rotation":0,"texture":"#0"}}},{"from":[-0.06488995,7.244434,6.0115223],"to":[4.515111,8.824433,7.591522],"faces":{"east":{"uv":[1.875,10.125,2.125,10.375],"tintindex":0,"rotation":0,"texture":"#0"},"south":{"uv":[1.625,8.375,2.25,8.625],"tintindex":0,"rotation":0,"texture":"#0"},"north":{"uv":[8.375,1.375,9.0,1.625],"tintindex":0,"rotation":0,"texture":"#0"},"west":{"uv":[2.25,10.125,2.5,10.375],"tintindex":0,"rotation":0,"texture":"#0"},"up":{"uv":[9.0,5.75,8.375,5.5],"tintindex":0,"rotation":0,"texture":"#0"},"down":{"uv":[6.25,8.375,5.625,8.625],"tintindex":0,"rotation":0,"texture":"#0"}},"rotation":{"origin":[2.725111,8.034433,6.8015223],"angle":-45.0,"axis":"y"}}],"display":{"gui":{"rotation":[30,225,0]}}}