{"textures":{"0":"modelengine:entity/nocsy_drakonin_baby"},"elements":[{"from":[6.598692,5.1304526,6.5085907],"to":[9.598692,8.130453,9.508591],"faces":{"east":{"uv":[4.875,8.625,5.25,9.0],"tintindex":0,"rotation":0,"texture":"#0"},"south":{"uv":[8.75,0.0,9.125,0.375],"tintindex":0,"rotation":0,"texture":"#0"},"north":{"uv":[4.375,8.625,4.75,9.0],"tintindex":0,"rotation":0,"texture":"#0"},"west":{"uv":[8.75,0.5,9.125,0.875],"tintindex":0,"rotation":0,"texture":"#0"},"up":{"uv":[2.0,9.125,1.625,8.75],"tintindex":0,"rotation":0,"texture":"#0"},"down":{"uv":[9.125,4.25,8.75,4.625],"tintindex":0,"rotation":0,"texture":"#0"}}},{"from":[6.608692,5.148013,5.521421],"to":[9.588692,6.1280127,6.5014205],"faces":{"east":{"uv":[9.25,0.75,9.375,0.875],"tintindex":0,"rotation":0,"texture":"#0"},"south":{"uv":[8.75,4.75,9.125,4.875],"tintindex":0,"rotation":0,"texture":"#0"},"north":{"uv":[4.0,5.75,4.375,5.875],"tintindex":0,"rotation":0,"texture":"#0"},"west":{"uv":[0.875,9.75,1.0,9.875],"tintindex":0,"rotation":0,"texture":"#0"},"up":{"uv":[10.75,4.125,10.375,4.0],"tintindex":0,"rotation":0,"texture":"#0"},"down":{"uv":[10.75,4.25,10.375,4.375],"tintindex":0,"rotation":0,"texture":"#0"}},"rotation":{"origin":[7.090604,5.1376486,6.50088],"angle":45.0,"axis":"x"}}],"display":{"gui":{"rotation":[30,225,0]}}}