{"textures":{"0":"modelengine:entity/nocsy_drakonin_baby"},"elements":[{"from":[6.484951,5.5785284,5.4676857],"to":[8.484951,8.578528,8.467686],"faces":{"east":{"uv":[3.375,8.625,3.75,9.0],"tintindex":0,"rotation":0,"texture":"#0"},"south":{"uv":[1.5,9.875,1.75,10.25],"tintindex":0,"rotation":0,"texture":"#0"},"north":{"uv":[9.875,0.0,10.125,0.375],"tintindex":0,"rotation":0,"texture":"#0"},"west":{"uv":[3.875,8.625,4.25,9.0],"tintindex":0,"rotation":0,"texture":"#0"},"up":{"uv":[10.125,3.125,9.875,2.75],"tintindex":0,"rotation":0,"texture":"#0"},"down":{"uv":[10.125,3.25,9.875,3.625],"tintindex":0,"rotation":0,"texture":"#0"}},"rotation":{"origin":[10.2549515,7.9785285,7.787686],"angle":-22.5,"axis":"x"}}],"display":{"gui":{"rotation":[30,225,0]}}}