{"textures":{"0":"modelengine:entity/nocsy_drakonin_baby"},"elements":[{"from":[6.4,8.26457,7.290993],"to":[9.6,12.524571,11.970993],"faces":{"east":{"uv":[5.625,6.75,6.125,7.25],"tintindex":0,"rotation":0,"texture":"#0"},"south":{"uv":[7.625,0.625,8.0,1.125],"tintindex":0,"rotation":0,"texture":"#0"},"north":{"uv":[7.625,0.0,8.0,0.5],"tintindex":0,"rotation":0,"texture":"#0"},"west":{"uv":[6.25,6.75,6.75,7.25],"tintindex":0,"rotation":0,"texture":"#0"},"up":{"uv":[1.25,8.125,0.875,7.625],"tintindex":0,"rotation":0,"texture":"#0"},"down":{"uv":[1.75,7.625,1.375,8.125],"tintindex":0,"rotation":0,"texture":"#0"}}},{"from":[6.51,10.685354,7.098831],"to":[9.49,14.665354,11.078831],"faces":{"east":{"uv":[6.875,5.5,7.375,6.0],"tintindex":0,"rotation":0,"texture":"#0"},"south":{"uv":[2.875,7.625,3.25,8.125],"tintindex":0,"rotation":0,"texture":"#0"},"north":{"uv":[2.375,7.625,2.75,8.125],"tintindex":0,"rotation":0,"texture":"#0"},"west":{"uv":[6.875,6.75,7.375,7.25],"tintindex":0,"rotation":0,"texture":"#0"},"up":{"uv":[3.75,8.125,3.375,7.625],"tintindex":0,"rotation":0,"texture":"#0"},"down":{"uv":[4.25,7.625,3.875,8.125],"tintindex":0,"rotation":0,"texture":"#0"}},"rotation":{"origin":[8.2442,12.937626,9.381488],"angle":-22.5,"axis":"x"}}],"display":{"gui":{"rotation":[30,225,0]}}}