{"textures":{"0":"modelengine:entity/nocsy_drakonin_baby"},"elements":[{"from":[6.9677825,7.034434,6.84],"to":[9.967783,9.034433,8.84],"faces":{"east":{"uv":[5.25,7.0,5.5,7.25],"tintindex":0,"rotation":0,"texture":"#0"},"south":{"uv":[5.375,9.625,5.75,9.875],"tintindex":0,"rotation":0,"texture":"#0"},"north":{"uv":[9.5,5.875,9.875,6.125],"tintindex":0,"rotation":0,"texture":"#0"},"west":{"uv":[10.0,4.25,10.25,4.5],"tintindex":0,"rotation":0,"texture":"#0"},"up":{"uv":[0.75,10.0,0.375,9.75],"tintindex":0,"rotation":0,"texture":"#0"},"down":{"uv":[2.25,9.75,1.875,10.0],"tintindex":0,"rotation":0,"texture":"#0"}}},{"from":[9.054452,7.934434,5.9143143],"to":[15.054452,8.034433,24.914314],"faces":{"east":{"uv":[6.25,4.5,8.625,4.625],"tintindex":0,"rotation":0,"texture":"#0"},"south":{"uv":[9.625,5.25,10.375,5.375],"tintindex":0,"rotation":0,"texture":"#0"},"north":{"uv":[3.125,6.5,3.875,6.625],"tintindex":0,"rotation":0,"texture":"#0"},"west":{"uv":[6.25,4.75,8.625,4.875],"tintindex":0,"rotation":0,"texture":"#0"},"up":{"uv":[4.5,2.375,3.75,0.0],"tintindex":0,"rotation":0,"texture":"#0"},"down":{"uv":[4.5,2.5,3.75,4.875],"tintindex":0,"rotation":0,"texture":"#0"}}},{"from":[11.484889,7.244434,6.0115223],"to":[16.064892,8.824433,7.591522],"faces":{"east":{"uv":[10.0,5.875,10.25,6.125],"tintindex":0,"rotation":0,"texture":"#0"},"south":{"uv":[4.125,8.25,4.75,8.5],"tintindex":0,"rotation":0,"texture":"#0"},"north":{"uv":[3.375,8.25,4.0,8.5],"tintindex":0,"rotation":0,"texture":"#0"},"west":{"uv":[6.25,10.0,6.5,10.25],"tintindex":0,"rotation":0,"texture":"#0"},"up":{"uv":[5.5,8.5,4.875,8.25],"tintindex":0,"rotation":0,"texture":"#0"},"down":{"uv":[9.0,1.0,8.375,1.25],"tintindex":0,"rotation":0,"texture":"#0"}},"rotation":{"origin":[13.274889,8.034433,6.8015223],"angle":45.0,"axis":"y"}},{"from":[8.967782,7.2344337,7.04],"to":[12.567782,8.834434,8.64],"faces":{"east":{"uv":[10.0,4.625,10.25,4.875],"tintindex":0,"rotation":0,"texture":"#0"},"south":{"uv":[9.125,2.375,9.625,2.625],"tintindex":0,"rotation":0,"texture":"#0"},"north":{"uv":[9.125,2.0,9.625,2.25],"tintindex":0,"rotation":0,"texture":"#0"},"west":{"uv":[5.375,10.0,5.625,10.25],"tintindex":0,"rotation":0,"texture":"#0"},"up":{"uv":[3.625,9.375,3.125,9.125],"tintindex":0,"rotation":0,"texture":"#0"},"down":{"uv":[4.25,9.125,3.75,9.375],"tintindex":0,"rotation":0,"texture":"#0"}}}],"display":{"gui":{"rotation":[30,225,0]}}}