{"textures":{"0":"modelengine:entity/nocsy_drakonin_baby"},"elements":[{"from":[7.515049,5.178529,5.4676857],"to":[9.515049,9.178528,9.467686],"faces":{"east":{"uv":[1.125,7.0,0.625,7.5],"tintindex":0,"rotation":0,"texture":"#0"},"south":{"uv":[9.625,8.875,9.375,9.375],"tintindex":0,"rotation":0,"texture":"#0"},"north":{"uv":[9.0,9.375,8.75,9.875],"tintindex":0,"rotation":0,"texture":"#0"},"west":{"uv":[7.5,0.0,7.0,0.5],"tintindex":0,"rotation":0,"texture":"#0"},"up":{"uv":[0.0,10.0,0.25,9.5],"tintindex":0,"rotation":0,"texture":"#0"},"down":{"uv":[9.5,2.75,9.75,3.25],"tintindex":0,"rotation":0,"texture":"#0"}},"rotation":{"origin":[5.745049,7.5785284,7.787686],"angle":-22.5,"axis":"x"}}],"display":{"gui":{"rotation":[30,225,0]}}}