{"textures":{"0":"modelengine:entity/nocsy_drakonin_baby"},"elements":[{"from":[7.997448,7.8849,6.035283],"to":[21.997448,7.9848995,25.035282],"faces":{"east":{"uv":[0.625,6.5,3.0,6.625],"tintindex":0,"rotation":0,"texture":"#0"},"south":{"uv":[7.0,3.0,8.75,3.125],"tintindex":0,"rotation":0,"texture":"#0"},"north":{"uv":[7.0,2.75,8.75,2.875],"tintindex":0,"rotation":0,"texture":"#0"},"west":{"uv":[6.25,6.5,8.625,6.625],"tintindex":0,"rotation":0,"texture":"#0"},"up":{"uv":[1.75,2.375,0.0,0.0],"tintindex":0,"rotation":0,"texture":"#0"},"down":{"uv":[3.625,0.0,1.875,2.375],"tintindex":0,"rotation":0,"texture":"#0"}}},{"from":[15.633483,7.3849,10.996571],"to":[16.833483,8.5849,15.196571],"faces":{"east":{"uv":[8.0,2.5,8.5,2.625],"tintindex":0,"rotation":0,"texture":"#0"},"south":{"uv":[7.5,5.875,7.625,6.0],"tintindex":0,"rotation":0,"texture":"#0"},"north":{"uv":[6.0,5.75,6.125,5.875],"tintindex":0,"rotation":0,"texture":"#0"},"west":{"uv":[10.0,5.0,10.5,5.125],"tintindex":0,"rotation":0,"texture":"#0"},"up":{"uv":[3.0,10.25,2.875,9.75],"tintindex":0,"rotation":0,"texture":"#0"},"down":{"uv":[1.375,10.0,1.25,10.5],"tintindex":0,"rotation":0,"texture":"#0"}},"rotation":{"origin":[15.733483,7.9848995,9.996571],"angle":22.5,"axis":"y"}},{"from":[5.647448,6.4848995,4.635283],"to":[8.247448,9.0849,7.235283],"faces":{"east":{"uv":[8.375,6.75,8.75,7.125],"tintindex":0,"rotation":0,"texture":"#0"},"south":{"uv":[6.875,8.375,7.25,8.75],"tintindex":0,"rotation":0,"texture":"#0"},"north":{"uv":[6.375,8.375,6.75,8.75],"tintindex":0,"rotation":0,"texture":"#0"},"west":{"uv":[8.375,7.25,8.75,7.625],"tintindex":0,"rotation":0,"texture":"#0"},"up":{"uv":[7.75,8.75,7.375,8.375],"tintindex":0,"rotation":0,"texture":"#0"},"down":{"uv":[8.75,7.75,8.375,8.125],"tintindex":0,"rotation":0,"texture":"#0"}},"rotation":{"origin":[9.147449,7.9848995,8.035283],"angle":-22.5,"axis":"y"}},{"from":[12.033483,7.2849,9.296571],"to":[17.433483,8.684899,10.69657],"faces":{"east":{"uv":[7.375,10.0,7.625,10.25],"tintindex":0,"rotation":0,"texture":"#0"},"south":{"uv":[6.125,7.375,6.875,7.625],"tintindex":0,"rotation":0,"texture":"#0"},"north":{"uv":[4.375,7.0,5.125,7.25],"tintindex":0,"rotation":0,"texture":"#0"},"west":{"uv":[7.75,10.0,8.0,10.25],"tintindex":0,"rotation":0,"texture":"#0"},"up":{"uv":[7.75,7.625,7.0,7.375],"tintindex":0,"rotation":0,"texture":"#0"},"down":{"uv":[8.25,1.25,7.5,1.5],"tintindex":0,"rotation":0,"texture":"#0"}},"rotation":{"origin":[15.733483,7.9848995,9.996571],"angle":-45.0,"axis":"y"}},{"from":[5.247448,7.4849,-0.56471634],"to":[10.247448,7.4849,5.4352827],"faces":{"up":{"uv":[6.125,0.75,5.5,0.0],"tintindex":0,"rotation":0,"texture":"#0"},"down":{"uv":[6.125,0.875,5.5,1.625],"tintindex":0,"rotation":0,"texture":"#0"}}},{"from":[6.347448,7.1849,5.235283],"to":[12.947449,8.7849,6.8352833],"faces":{"east":{"uv":[6.625,10.0,6.875,10.25],"tintindex":0,"rotation":0,"texture":"#0"},"south":{"uv":[7.0,2.0,7.875,2.25],"tintindex":0,"rotation":0,"texture":"#0"},"north":{"uv":[6.875,6.125,7.75,6.375],"tintindex":0,"rotation":0,"texture":"#0"},"west":{"uv":[7.0,10.0,7.25,10.25],"tintindex":0,"rotation":0,"texture":"#0"},"up":{"uv":[3.25,7.25,2.375,7.0],"tintindex":0,"rotation":0,"texture":"#0"},"down":{"uv":[7.875,2.375,7.0,2.625],"tintindex":0,"rotation":0,"texture":"#0"}},"rotation":{"origin":[9.147449,7.9848995,8.035283],"angle":-22.5,"axis":"y"}}],"display":{"gui":{"rotation":[30,225,0]}}}