{"textures":{"0":"modelengine:entity/nocsy_drakonin_baby"},"elements":[{"from":[6.58,4.914614,6.4553328],"to":[8.58,8.914614,8.455333],"faces":{"east":{"uv":[7.375,9.375,7.125,9.875],"tintindex":0,"rotation":0,"texture":"#0"},"south":{"uv":[9.625,7.0,9.375,7.5],"tintindex":0,"rotation":0,"texture":"#0"},"north":{"uv":[9.625,6.375,9.375,6.875],"tintindex":0,"rotation":0,"texture":"#0"},"west":{"uv":[7.0,9.375,6.75,9.875],"tintindex":0,"rotation":0,"texture":"#0"},"up":{"uv":[10.25,9.875,10.5,9.625],"tintindex":0,"rotation":0,"texture":"#0"},"down":{"uv":[10.25,10.0,10.5,10.25],"tintindex":0,"rotation":0,"texture":"#0"}},"rotation":{"origin":[8.29,8.278614,7.467333],"angle":22.5,"axis":"x"}}],"display":{"gui":{"rotation":[30,225,0]}}}