{"textures":{"0":"modelengine:entity/nocsy_drakonin_baby"},"elements":[{"from":[6.401308,5.1304526,6.5085907],"to":[9.401308,8.130453,9.508591],"faces":{"east":{"uv":[9.125,0.5,8.75,0.875],"tintindex":0,"rotation":0,"texture":"#0"},"south":{"uv":[9.125,0.0,8.75,0.375],"tintindex":0,"rotation":0,"texture":"#0"},"north":{"uv":[4.75,8.625,4.375,9.0],"tintindex":0,"rotation":0,"texture":"#0"},"west":{"uv":[5.25,8.625,4.875,9.0],"tintindex":0,"rotation":0,"texture":"#0"},"up":{"uv":[1.625,9.125,2.0,8.75],"tintindex":0,"rotation":0,"texture":"#0"},"down":{"uv":[8.75,4.25,9.125,4.625],"tintindex":0,"rotation":0,"texture":"#0"}}},{"from":[6.4113083,5.148013,5.521421],"to":[9.391308,6.1280127,6.5014205],"faces":{"east":{"uv":[1.0,9.75,0.875,9.875],"tintindex":0,"rotation":0,"texture":"#0"},"south":{"uv":[9.125,4.75,8.75,4.875],"tintindex":0,"rotation":0,"texture":"#0"},"north":{"uv":[4.375,5.75,4.0,5.875],"tintindex":0,"rotation":0,"texture":"#0"},"west":{"uv":[9.375,0.75,9.25,0.875],"tintindex":0,"rotation":0,"texture":"#0"},"up":{"uv":[10.375,4.125,10.75,4.0],"tintindex":0,"rotation":0,"texture":"#0"},"down":{"uv":[10.375,4.25,10.75,4.375],"tintindex":0,"rotation":0,"texture":"#0"}},"rotation":{"origin":[8.909396,5.1376486,6.50088],"angle":45.0,"axis":"x"}}],"display":{"gui":{"rotation":[30,225,0]}}}