{"textures":{"0":"modelengine:entity/nocsy_drakonin_baby"},"elements":[{"from":[7.0,4.2002487,9.232946],"to":[9.0,7.2002487,12.232946],"faces":{"east":{"uv":[9.125,1.0,9.5,1.375],"tintindex":0,"rotation":0,"texture":"#0"},"south":{"uv":[10.0,1.0,10.25,1.375],"tintindex":0,"rotation":0,"texture":"#0"},"north":{"uv":[0.875,10.0,1.125,10.375],"tintindex":0,"rotation":0,"texture":"#0"},"west":{"uv":[9.125,1.5,9.5,1.875],"tintindex":0,"rotation":0,"texture":"#0"},"up":{"uv":[10.25,1.875,10.0,1.5],"tintindex":0,"rotation":0,"texture":"#0"},"down":{"uv":[10.25,3.75,10.0,4.125],"tintindex":0,"rotation":0,"texture":"#0"}}},{"from":[8.0,5.9780197,9.979645],"to":[8.0,15.97802,18.979645],"faces":{"east":{"uv":[0.0,5.0,1.125,6.25],"tintindex":0,"rotation":0,"texture":"#0"},"west":{"uv":[1.25,5.0,2.375,6.25],"tintindex":0,"rotation":0,"texture":"#0"}},"rotation":{"origin":[8.0,9.17802,14.679646],"angle":-45.0,"axis":"x"}},{"from":[6.5,3.3836846,6.9222975],"to":[9.5,7.3836846,9.922298],"faces":{"east":{"uv":[1.125,8.25,1.5,8.75],"tintindex":0,"rotation":0,"texture":"#0"},"south":{"uv":[2.375,8.25,2.75,8.75],"tintindex":0,"rotation":0,"texture":"#0"},"north":{"uv":[0.625,8.25,1.0,8.75],"tintindex":0,"rotation":0,"texture":"#0"},"west":{"uv":[2.875,8.25,3.25,8.75],"tintindex":0,"rotation":0,"texture":"#0"},"up":{"uv":[9.375,4.125,9.0,3.75],"tintindex":0,"rotation":0,"texture":"#0"},"down":{"uv":[9.375,5.875,9.0,6.25],"tintindex":0,"rotation":0,"texture":"#0"}},"rotation":{"origin":[7.66,4.6718206,10.50477],"angle":22.5,"axis":"x"}}],"display":{"gui":{"rotation":[30,225,0]}}}