{"textures":{"0":"modelengine:entity/nocsy_drakonin_baby7"},"elements":[{"from":[5.5,1.8021894,4.896348],"to":[10.5,6.80219,11.896348],"faces":{"east":{"uv":[3.5,7.5,4.375,8.125],"tintindex":0,"rotation":0,"texture":"#0"},"south":{"uv":[8.5,6.0,9.125,6.625],"tintindex":0,"rotation":0,"texture":"#0"},"north":{"uv":[8.5,5.25,9.125,5.875],"tintindex":0,"rotation":0,"texture":"#0"},"west":{"uv":[4.5,7.5,5.375,8.125],"tintindex":0,"rotation":0,"texture":"#0"},"up":{"uv":[7.125,8.375,6.5,7.5],"tintindex":0,"rotation":0,"texture":"#0"},"down":{"uv":[7.875,7.5,7.25,8.375],"tintindex":0,"rotation":0,"texture":"#0"}}},{"from":[5.49,2.8790329,3.9033358],"to":[10.51,7.8990326,8.923336],"faces":{"east":{"uv":[8.625,1.5,9.25,2.125],"tintindex":0,"rotation":0,"texture":"#0"},"south":{"uv":[8.625,2.5,9.25,3.125],"tintindex":0,"rotation":0,"texture":"#0"},"north":{"uv":[8.625,0.75,9.25,1.375],"tintindex":0,"rotation":0,"texture":"#0"},"west":{"uv":[8.625,3.25,9.25,3.875],"tintindex":0,"rotation":0,"texture":"#0"},"up":{"uv":[9.25,4.625,8.625,4.0],"tintindex":0,"rotation":0,"texture":"#0"},"down":{"uv":[9.25,7.5,8.625,8.125],"tintindex":0,"rotation":0,"texture":"#0"}},"rotation":{"origin":[7.5257998,4.8367167,7.1066704],"angle":-22.5,"axis":"x"}},{"from":[6.0,-0.06681728,10.3214445],"to":[10.0,4.9331822,13.3214445],"faces":{"east":{"uv":[6.0,9.0,6.375,9.625],"tintindex":0,"rotation":0,"texture":"#0"},"south":{"uv":[3.25,9.25,3.75,9.875],"tintindex":0,"rotation":0,"texture":"#0"},"north":{"uv":[5.375,9.0,5.875,9.625],"tintindex":0,"rotation":0,"texture":"#0"},"west":{"uv":[6.5,9.5,6.875,10.125],"tintindex":0,"rotation":0,"texture":"#0"},"up":{"uv":[3.75,10.375,3.25,10.0],"tintindex":0,"rotation":0,"texture":"#0"},"down":{"uv":[10.5,3.875,10.0,4.25],"tintindex":0,"rotation":0,"texture":"#0"}},"rotation":{"origin":[7.16,1.9451518,15.360008],"angle":22.5,"axis":"x"}}],"display":{"gui":{"rotation":[30,225,0]}}}