{"textures":{"0":"modelengine:entity/nocsy_drakonin_baby7"},"elements":[{"from":[5.4255,10.410265,5.4511175],"to":[7.9255,14.210264,5.4511175],"faces":{"south":{"uv":[6.0,13.375,5.625,13.875],"tintindex":0,"rotation":0,"texture":"#0"},"north":{"uv":[5.625,13.375,6.0,13.875],"tintindex":0,"rotation":0,"texture":"#0"}},"rotation":{"origin":[6.1755,12.210264,6.276118],"angle":22.5,"axis":"x"}},{"from":[5.4265003,8.071701,5.0820055],"to":[5.4265003,12.071701,6.0820055],"faces":{"east":{"uv":[2.125,12.5,2.25,13.0],"tintindex":0,"rotation":0,"texture":"#0"},"west":{"uv":[3.75,12.5,3.875,13.0],"tintindex":0,"rotation":0,"texture":"#0"}}},{"from":[10.5745,10.410265,5.4511175],"to":[10.5745,14.210264,8.4511175],"faces":{"east":{"uv":[5.625,13.375,6.0,13.875],"tintindex":0,"rotation":0,"texture":"#0"},"west":{"uv":[6.0,13.375,5.625,13.875],"tintindex":0,"rotation":0,"texture":"#0"}},"rotation":{"origin":[9.8245,12.210264,6.276118],"angle":22.5,"axis":"x"}},{"from":[10.94701,6.3717012,7.652413],"to":[10.94701,13.3717,11.652412],"faces":{"east":{"uv":[4.125,8.25,4.625,9.125],"tintindex":0,"rotation":0,"texture":"#0"},"west":{"uv":[4.75,8.25,5.25,9.125],"tintindex":0,"rotation":0,"texture":"#0"}},"rotation":{"origin":[9.14701,9.871701,8.452413],"angle":22.5,"axis":"y"}},{"from":[5.7255,8.471701,5.057006],"to":[7.7255,10.471701,5.057006],"faces":{"south":{"uv":[4.375,12.5,4.625,12.75],"tintindex":0,"rotation":0,"texture":"#0"},"north":{"uv":[4.0,12.5,4.25,12.75],"tintindex":0,"rotation":0,"texture":"#0"}}},{"from":[10.5735,8.071701,5.107006],"to":[10.5735,12.071701,6.107006],"faces":{"east":{"uv":[5.125,12.5,5.25,13.0],"tintindex":0,"rotation":0,"texture":"#0"},"west":{"uv":[12.5,5.875,12.625,6.375],"tintindex":0,"rotation":0,"texture":"#0"}}},{"from":[6.703999,5.177185,2.0472727],"to":[6.703999,6.177185,4.0472727],"faces":{"east":{"uv":[12.75,3.25,13.0,3.375],"tintindex":0,"rotation":0,"texture":"#0"},"west":{"uv":[12.75,3.75,13.0,3.875],"tintindex":0,"rotation":0,"texture":"#0"}},"rotation":{"origin":[0.0039992332,8.2771845,0.7472725],"angle":-45.0,"axis":"x"}},{"from":[8.0745,8.071701,5.107006],"to":[10.5745,12.071701,5.107006],"faces":{"south":{"uv":[7.375,10.375,7.75,10.875],"tintindex":0,"rotation":0,"texture":"#0"},"north":{"uv":[6.875,10.375,7.25,10.875],"tintindex":0,"rotation":0,"texture":"#0"}}},{"from":[5.4255,10.410265,5.4511175],"to":[5.4255,14.210264,8.4511175],"faces":{"east":{"uv":[5.625,13.375,6.0,13.875],"tintindex":0,"rotation":0,"texture":"#0"},"west":{"uv":[6.0,13.375,5.625,13.875],"tintindex":0,"rotation":0,"texture":"#0"}},"rotation":{"origin":[6.1755,12.210264,6.276118],"angle":22.5,"axis":"x"}},{"from":[5.5,4.1481886,9.035991],"to":[10.5,6.1481886,9.035991],"faces":{"south":{"uv":[10.875,10.25,11.5,10.5],"tintindex":0,"rotation":0,"texture":"#0"},"north":{"uv":[10.875,9.5,11.5,9.75],"tintindex":0,"rotation":0,"texture":"#0"}},"rotation":{"origin":[8.0,9.648189,6.5359907],"angle":-22.5,"axis":"x"}},{"from":[5.5,12.370701,10.186006],"to":[10.5,12.370701,13.186006],"faces":{"up":{"uv":[1.375,10.125,0.75,9.75],"tintindex":0,"rotation":0,"texture":"#0"},"down":{"uv":[2.125,9.75,1.5,10.125],"tintindex":0,"rotation":0,"texture":"#0"}}},{"from":[7.0,7.651335,3.4572277],"to":[9.0,9.651335,6.4572277],"faces":{"east":{"uv":[12.25,3.75,12.625,4.0],"tintindex":0,"rotation":0,"texture":"#0"},"south":{"uv":[12.625,4.875,12.875,5.125],"tintindex":0,"rotation":0,"texture":"#0"},"north":{"uv":[2.75,12.625,3.0,12.875],"tintindex":0,"rotation":0,"texture":"#0"},"west":{"uv":[12.25,4.125,12.625,4.375],"tintindex":0,"rotation":0,"texture":"#0"},"up":{"uv":[12.5,7.25,12.25,6.875],"tintindex":0,"rotation":0,"texture":"#0"},"down":{"uv":[7.375,12.25,7.125,12.625],"tintindex":0,"rotation":0,"texture":"#0"}}},{"from":[5.5,12.767788,7.752795],"to":[10.5,12.767788,10.752796],"faces":{"up":{"uv":[9.875,9.875,9.25,9.5],"tintindex":0,"rotation":0,"texture":"#0"},"down":{"uv":[0.625,9.75,0.0,10.125],"tintindex":0,"rotation":0,"texture":"#0"}},"rotation":{"origin":[8.0,11.017788,8.452795],"angle":-22.5,"axis":"x"}},{"from":[5.8255,10.046701,5.0320053],"to":[6.1254997,10.346701,5.0320053],"faces":{"south":{"uv":[2.0,10.25,2.125,10.375],"tintindex":0,"rotation":0,"texture":"#0"},"north":{"uv":[4.875,9.875,5.0,10.0],"tintindex":0,"rotation":0,"texture":"#0"}}},{"from":[7.0,7.7771845,2.7512712],"to":[9.0,8.7771845,2.7512712],"faces":{"south":{"uv":[12.75,2.75,13.0,2.875],"tintindex":0,"rotation":0,"texture":"#0"},"north":{"uv":[12.75,2.25,13.0,2.375],"tintindex":0,"rotation":0,"texture":"#0"}}},{"from":[10.115353,3.3004293,5.1860056],"to":[10.115353,6.3004293,10.186006],"faces":{"east":{"uv":[8.5,9.5,9.125,9.875],"tintindex":0,"rotation":0,"texture":"#0"},"west":{"uv":[9.5,8.75,10.125,9.125],"tintindex":0,"rotation":0,"texture":"#0"}},"rotation":{"origin":[7.615352,7.8004293,7.6860056],"angle":22.5,"axis":"z"}},{"from":[9.296001,5.177185,2.0472727],"to":[9.296001,6.177185,4.0472727],"faces":{"east":{"uv":[12.75,3.0,13.0,3.125],"tintindex":0,"rotation":0,"texture":"#0"},"west":{"uv":[3.125,12.75,3.375,12.875],"tintindex":0,"rotation":0,"texture":"#0"}},"rotation":{"origin":[15.996,8.2771845,0.7472725],"angle":-45.0,"axis":"x"}},{"from":[5.4255,8.071701,5.0820055],"to":[7.9255,12.071701,5.0820055],"faces":{"south":{"uv":[6.375,10.25,6.75,10.75],"tintindex":0,"rotation":0,"texture":"#0"},"north":{"uv":[4.375,10.25,4.75,10.75],"tintindex":0,"rotation":0,"texture":"#0"}}},{"from":[8.8995,10.410265,5.4511175],"to":[8.8995,14.210264,8.4511175],"faces":{"east":{"uv":[5.625,13.375,6.0,13.875],"tintindex":0,"rotation":0,"texture":"#0"},"west":{"uv":[6.0,13.375,5.625,13.875],"tintindex":0,"rotation":0,"texture":"#0"}},"rotation":{"origin":[9.8245,12.210264,6.276118],"angle":22.5,"axis":"x"}},{"from":[5.5,7.3717012,5.1860056],"to":[10.5,12.3717,10.186006],"faces":{"east":{"uv":[7.25,8.75,7.875,9.375],"tintindex":0,"rotation":0,"texture":"#0"},"south":{"uv":[8.0,8.75,8.625,9.375],"tintindex":0,"rotation":0,"texture":"#0"},"north":{"uv":[6.5,8.75,7.125,9.375],"tintindex":0,"rotation":0,"texture":"#0"},"west":{"uv":[8.75,8.75,9.375,9.375],"tintindex":0,"rotation":0,"texture":"#0"},"up":{"uv":[2.375,9.625,1.75,9.0],"tintindex":0,"rotation":0,"texture":"#0"},"down":{"uv":[3.125,9.0,2.5,9.625],"tintindex":0,"rotation":0,"texture":"#0"}}},{"from":[5.05299,6.3717012,7.652413],"to":[5.05299,13.3717,11.652412],"faces":{"east":{"uv":[8.0,7.5,8.5,8.375],"tintindex":0,"rotation":0,"texture":"#0"},"west":{"uv":[3.5,8.25,4.0,9.125],"tintindex":0,"rotation":0,"texture":"#0"}},"rotation":{"origin":[6.85299,9.871701,8.452413],"angle":-22.5,"axis":"y"}},{"from":[6.5,8.377185,2.7512712],"to":[9.5,10.377185,5.7512712],"faces":{"east":{"uv":[12.25,0.0,12.625,0.25],"tintindex":0,"rotation":0,"texture":"#0"},"south":{"uv":[12.25,2.75,12.625,3.0],"tintindex":0,"rotation":0,"texture":"#0"},"north":{"uv":[12.0,12.125,12.375,12.375],"tintindex":0,"rotation":0,"texture":"#0"},"west":{"uv":[2.875,12.25,3.25,12.5],"tintindex":0,"rotation":0,"texture":"#0"},"up":{"uv":[9.5,11.375,9.125,11.0],"tintindex":0,"rotation":0,"texture":"#0"},"down":{"uv":[10.0,11.0,9.625,11.375],"tintindex":0,"rotation":0,"texture":"#0"}}},{"from":[7.1005,10.410265,5.4511175],"to":[7.1005,14.210264,8.4511175],"faces":{"east":{"uv":[5.625,13.375,6.0,13.875],"tintindex":0,"rotation":0,"texture":"#0"},"west":{"uv":[6.0,13.375,5.625,13.875],"tintindex":0,"rotation":0,"texture":"#0"}},"rotation":{"origin":[6.1755,12.210264,6.276118],"angle":22.5,"axis":"x"}},{"from":[5.884648,3.3004293,5.1860056],"to":[5.884648,6.3004293,10.186006],"faces":{"east":{"uv":[7.0,9.5,7.625,9.875],"tintindex":0,"rotation":0,"texture":"#0"},"west":{"uv":[7.75,9.5,8.375,9.875],"tintindex":0,"rotation":0,"texture":"#0"}},"rotation":{"origin":[8.384647,7.8004293,7.6860056],"angle":-22.5,"axis":"z"}},{"from":[8.2745,8.471701,5.0820055],"to":[10.2745,10.471701,5.0820055],"faces":{"south":{"uv":[4.75,12.5,5.0,12.75],"tintindex":0,"rotation":0,"texture":"#0"},"north":{"uv":[12.5,4.5,12.75,4.75],"tintindex":0,"rotation":0,"texture":"#0"}}},{"from":[8.0745,10.410265,5.4511175],"to":[10.5745,14.210264,5.4511175],"faces":{"south":{"uv":[5.625,13.375,6.0,13.875],"tintindex":0,"rotation":0,"texture":"#0"},"north":{"uv":[6.0,13.375,5.625,13.875],"tintindex":0,"rotation":0,"texture":"#0"}},"rotation":{"origin":[9.8245,12.210264,6.276118],"angle":22.5,"axis":"x"}},{"from":[9.4745,10.046701,5.057006],"to":[9.7745,10.346701,5.057006],"faces":{"south":{"uv":[11.0,1.75,11.125,1.875],"tintindex":0,"rotation":0,"texture":"#0"},"north":{"uv":[10.75,2.25,10.875,2.375],"tintindex":0,"rotation":0,"texture":"#0"}}}],"display":{"gui":{"rotation":[30,225,0]}}}