{"textures":{"0":"modelengine:entity/nocsy_drakonin_baby7"},"elements":[{"from":[7.42,5.0249443,6.46084],"to":[9.42,9.024944,8.46084],"faces":{"east":{"uv":[3.875,11.875,4.125,12.375],"tintindex":0,"rotation":0,"texture":"#0"},"south":{"uv":[4.25,11.875,4.5,12.375],"tintindex":0,"rotation":0,"texture":"#0"},"north":{"uv":[11.875,2.75,12.125,3.25],"tintindex":0,"rotation":0,"texture":"#0"},"west":{"uv":[4.625,11.875,4.875,12.375],"tintindex":0,"rotation":0,"texture":"#0"},"up":{"uv":[12.875,7.5,12.625,7.25],"tintindex":0,"rotation":0,"texture":"#0"},"down":{"uv":[12.875,7.625,12.625,7.875],"tintindex":0,"rotation":0,"texture":"#0"}},"rotation":{"origin":[7.71,8.388945,7.2728405],"angle":22.5,"axis":"x"}}],"display":{"gui":{"rotation":[30,225,0]}}}