{"textures":{"0":"modelengine:entity/nocsy_drakonin_baby7"},"elements":[{"from":[-5.997449,7.6849,0.03528309],"to":[8.002552,8.0849,25.035282],"faces":{"east":{"uv":[11.75,0.5,8.625,0.625],"tintindex":0,"rotation":0,"texture":"#0"},"south":{"uv":[11.75,3.625,10.0,3.75],"tintindex":0,"rotation":0,"texture":"#0"},"north":{"uv":[11.75,3.375,10.0,3.5],"tintindex":0,"rotation":0,"texture":"#0"},"west":{"uv":[11.75,0.25,8.625,0.375],"tintindex":0,"rotation":0,"texture":"#0"},"up":{"uv":[0.0,6.375,1.75,3.25],"tintindex":0,"rotation":0,"texture":"#0"},"down":{"uv":[1.875,3.25,3.625,6.375],"tintindex":0,"rotation":0,"texture":"#0"}}},{"from":[7.752552,6.4848995,4.635283],"to":[10.352551,9.0849,7.235283],"faces":{"east":{"uv":[8.5,11.0,8.125,11.375],"tintindex":0,"rotation":0,"texture":"#0"},"south":{"uv":[8.0,11.0,7.625,11.375],"tintindex":0,"rotation":0,"texture":"#0"},"north":{"uv":[7.0,11.0,6.625,11.375],"tintindex":0,"rotation":0,"texture":"#0"},"west":{"uv":[7.5,11.0,7.125,11.375],"tintindex":0,"rotation":0,"texture":"#0"},"up":{"uv":[8.625,11.375,9.0,11.0],"tintindex":0,"rotation":0,"texture":"#0"},"down":{"uv":[11.0,8.75,11.375,9.125],"tintindex":0,"rotation":0,"texture":"#0"}},"rotation":{"origin":[6.8525515,7.9848995,8.035283],"angle":22.5,"axis":"y"}},{"from":[-5.997449,7.8849,6.035283],"to":[8.002552,7.9848995,25.035282],"faces":{"east":{"uv":[11.625,6.25,9.25,6.375],"tintindex":0,"rotation":0,"texture":"#0"},"south":{"uv":[11.75,3.125,10.0,3.25],"tintindex":0,"rotation":0,"texture":"#0"},"north":{"uv":[11.75,2.875,10.0,3.0],"tintindex":0,"rotation":0,"texture":"#0"},"west":{"uv":[11.625,6.0,9.25,6.125],"tintindex":0,"rotation":0,"texture":"#0"},"up":{"uv":[3.75,7.375,5.5,5.0],"tintindex":0,"rotation":0,"texture":"#0"},"down":{"uv":[5.625,0.0,7.375,2.375],"tintindex":0,"rotation":0,"texture":"#0"}}},{"from":[3.3525515,8.2849,-3.1647167],"to":[11.352552,8.2849,4.8352833],"faces":{"up":{"uv":[7.5,1.0,8.5,0.0],"tintindex":0,"rotation":0,"texture":"#0"},"down":{"uv":[7.5,1.125,8.5,2.125],"tintindex":0,"rotation":0,"texture":"#0"}},"rotation":{"origin":[6.752552,7.4849,1.4352827],"angle":-22.5,"axis":"y"}},{"from":[-1.4334834,7.2849,9.296571],"to":[3.9665177,8.684899,10.69657],"faces":{"east":{"uv":[1.75,12.5,1.5,12.75],"tintindex":0,"rotation":0,"texture":"#0"},"south":{"uv":[8.75,10.0,9.5,10.25],"tintindex":0,"rotation":0,"texture":"#0"},"north":{"uv":[9.5,10.0,8.75,10.25],"tintindex":0,"rotation":0,"texture":"#0"},"west":{"uv":[11.875,12.375,11.625,12.625],"tintindex":0,"rotation":0,"texture":"#0"},"up":{"uv":[9.625,10.25,10.375,10.0],"tintindex":0,"rotation":0,"texture":"#0"},"down":{"uv":[9.625,10.0,10.375,10.25],"tintindex":0,"rotation":0,"texture":"#0"}},"rotation":{"origin":[0.2665167,7.9848995,9.996571],"angle":45.0,"axis":"y"}},{"from":[-0.83348334,7.3849,10.996571],"to":[0.36651668,8.5849,15.196571],"faces":{"east":{"uv":[12.875,3.5,12.375,3.625],"tintindex":0,"rotation":0,"texture":"#0"},"south":{"uv":[5.25,9.5,5.125,9.625],"tintindex":0,"rotation":0,"texture":"#0"},"north":{"uv":[5.25,9.25,5.125,9.375],"tintindex":0,"rotation":0,"texture":"#0"},"west":{"uv":[12.75,8.375,12.25,8.5],"tintindex":0,"rotation":0,"texture":"#0"},"up":{"uv":[10.125,12.875,10.25,12.375],"tintindex":0,"rotation":0,"texture":"#0"},"down":{"uv":[1.875,12.5,2.0,13.0],"tintindex":0,"rotation":0,"texture":"#0"}},"rotation":{"origin":[0.2665167,7.9848995,9.996571],"angle":-22.5,"axis":"y"}},{"from":[3.0525515,7.1849,5.235283],"to":[9.652553,8.7849,6.8352833],"faces":{"east":{"uv":[12.625,10.625,12.375,10.875],"tintindex":0,"rotation":0,"texture":"#0"},"south":{"uv":[10.0,0.75,10.875,1.0],"tintindex":0,"rotation":0,"texture":"#0"},"north":{"uv":[10.875,0.75,10.0,1.0],"tintindex":0,"rotation":0,"texture":"#0"},"west":{"uv":[10.0,12.375,9.75,12.625],"tintindex":0,"rotation":0,"texture":"#0"},"up":{"uv":[10.0,1.75,10.875,1.5],"tintindex":0,"rotation":0,"texture":"#0"},"down":{"uv":[10.0,1.5,10.875,1.75],"tintindex":0,"rotation":0,"texture":"#0"}},"rotation":{"origin":[6.8525515,7.9848995,8.035283],"angle":22.5,"axis":"y"}}],"display":{"gui":{"rotation":[30,225,0]}}}