{"textures":{"0":"modelengine:entity/nocsy_drakonin_baby7"},"elements":[{"from":[6.484951,5.5785284,5.4676857],"to":[8.484951,8.578528,8.467686],"faces":{"east":{"uv":[10.125,11.0,10.5,11.375],"tintindex":0,"rotation":0,"texture":"#0"},"south":{"uv":[7.5,12.25,7.75,12.625],"tintindex":0,"rotation":0,"texture":"#0"},"north":{"uv":[12.25,7.375,12.5,7.75],"tintindex":0,"rotation":0,"texture":"#0"},"west":{"uv":[2.0,11.125,2.375,11.5],"tintindex":0,"rotation":0,"texture":"#0"},"up":{"uv":[8.125,12.625,7.875,12.25],"tintindex":0,"rotation":0,"texture":"#0"},"down":{"uv":[12.5,7.875,12.25,8.25],"tintindex":0,"rotation":0,"texture":"#0"}},"rotation":{"origin":[10.2549515,7.9785285,7.787686],"angle":-22.5,"axis":"x"}}],"display":{"gui":{"rotation":[30,225,0]}}}