{"textures":{"0":"modelengine:entity/nocsy_drakonin_baby7"},"elements":[{"from":[3.4322178,7.2344337,7.04],"to":[7.032218,8.834434,8.64],"faces":{"east":{"uv":[8.875,12.375,8.625,12.625],"tintindex":0,"rotation":0,"texture":"#0"},"south":{"uv":[12.125,7.5,11.625,7.75],"tintindex":0,"rotation":0,"texture":"#0"},"north":{"uv":[12.125,4.25,11.625,4.5],"tintindex":0,"rotation":0,"texture":"#0"},"west":{"uv":[6.875,12.375,6.625,12.625],"tintindex":0,"rotation":0,"texture":"#0"},"up":{"uv":[11.625,8.125,12.125,7.875],"tintindex":0,"rotation":0,"texture":"#0"},"down":{"uv":[11.625,7.875,12.125,8.125],"tintindex":0,"rotation":0,"texture":"#0"}}},{"from":[-0.06488995,7.244434,6.0115223],"to":[4.515111,8.824433,7.591522],"faces":{"east":{"uv":[9.625,12.375,9.375,12.625],"tintindex":0,"rotation":0,"texture":"#0"},"south":{"uv":[6.5,10.875,5.875,11.125],"tintindex":0,"rotation":0,"texture":"#0"},"north":{"uv":[4.125,10.875,3.5,11.125],"tintindex":0,"rotation":0,"texture":"#0"},"west":{"uv":[9.25,12.375,9.0,12.625],"tintindex":0,"rotation":0,"texture":"#0"},"up":{"uv":[10.875,7.75,11.5,7.5],"tintindex":0,"rotation":0,"texture":"#0"},"down":{"uv":[10.875,7.5,11.5,7.75],"tintindex":0,"rotation":0,"texture":"#0"}},"rotation":{"origin":[2.725111,8.034433,6.8015223],"angle":-45.0,"axis":"y"}},{"from":[0.94554806,7.934434,5.9143143],"to":[6.945548,8.034433,24.914314],"faces":{"east":{"uv":[11.625,5.75,9.25,5.875],"tintindex":0,"rotation":0,"texture":"#0"},"south":{"uv":[12.75,11.0,12.0,11.125],"tintindex":0,"rotation":0,"texture":"#0"},"north":{"uv":[11.125,12.0,10.375,12.125],"tintindex":0,"rotation":0,"texture":"#0"},"west":{"uv":[11.625,5.5,9.25,5.625],"tintindex":0,"rotation":0,"texture":"#0"},"up":{"uv":[2.625,8.875,3.375,6.5],"tintindex":0,"rotation":0,"texture":"#0"},"down":{"uv":[6.5,5.0,7.25,7.375],"tintindex":0,"rotation":0,"texture":"#0"}}},{"from":[0.94554806,7.7344337,-0.08568573],"to":[6.945548,8.134434,24.914314],"faces":{"east":{"uv":[11.75,0.0,8.625,0.125],"tintindex":0,"rotation":0,"texture":"#0"},"south":{"uv":[12.75,11.5,12.0,11.625],"tintindex":0,"rotation":0,"texture":"#0"},"north":{"uv":[12.75,11.25,12.0,11.375],"tintindex":0,"rotation":0,"texture":"#0"},"west":{"uv":[11.625,7.25,8.5,7.375],"tintindex":0,"rotation":0,"texture":"#0"},"up":{"uv":[0.0,9.625,0.75,6.5],"tintindex":0,"rotation":0,"texture":"#0"},"down":{"uv":[0.875,6.5,1.625,9.625],"tintindex":0,"rotation":0,"texture":"#0"}}},{"from":[6.0322175,7.034434,6.84],"to":[9.032217,9.034433,8.84],"faces":{"east":{"uv":[6.0,12.375,5.75,12.625],"tintindex":0,"rotation":0,"texture":"#0"},"south":{"uv":[12.375,8.875,12.0,9.125],"tintindex":0,"rotation":0,"texture":"#0"},"north":{"uv":[9.25,12.0,8.875,12.25],"tintindex":0,"rotation":0,"texture":"#0"},"west":{"uv":[3.625,12.375,3.375,12.625],"tintindex":0,"rotation":0,"texture":"#0"},"up":{"uv":[9.375,12.25,9.75,12.0],"tintindex":0,"rotation":0,"texture":"#0"},"down":{"uv":[9.375,12.0,9.75,12.25],"tintindex":0,"rotation":0,"texture":"#0"}}}],"display":{"gui":{"rotation":[30,225,0]}}}