{"textures":{"0":"modelengine:entity/nocsy_drakonin_baby7"},"elements":[{"from":[6.484951,5.178529,5.4676857],"to":[8.484951,9.178528,9.467686],"faces":{"east":{"uv":[9.375,2.5,9.875,3.0],"tintindex":0,"rotation":0,"texture":"#0"},"south":{"uv":[11.625,11.75,11.875,12.25],"tintindex":0,"rotation":0,"texture":"#0"},"north":{"uv":[11.75,6.5,12.0,7.0],"tintindex":0,"rotation":0,"texture":"#0"},"west":{"uv":[9.375,3.125,9.875,3.625],"tintindex":0,"rotation":0,"texture":"#0"},"up":{"uv":[12.125,0.5,11.875,0.0],"tintindex":0,"rotation":0,"texture":"#0"},"down":{"uv":[1.75,11.875,1.5,12.375],"tintindex":0,"rotation":0,"texture":"#0"}},"rotation":{"origin":[10.2549515,7.5785284,7.787686],"angle":-22.5,"axis":"x"}}],"display":{"gui":{"rotation":[30,225,0]}}}