{"textures":{"0":"modelengine:entity/nocsy_drakonin_baby7"},"elements":[{"from":[7.42,4.914614,6.4553328],"to":[9.42,8.914614,8.455333],"faces":{"east":{"uv":[0.75,11.75,1.0,12.25],"tintindex":0,"rotation":0,"texture":"#0"},"south":{"uv":[1.125,11.75,1.375,12.25],"tintindex":0,"rotation":0,"texture":"#0"},"north":{"uv":[0.375,11.75,0.625,12.25],"tintindex":0,"rotation":0,"texture":"#0"},"west":{"uv":[3.5,11.75,3.75,12.25],"tintindex":0,"rotation":0,"texture":"#0"},"up":{"uv":[12.875,5.5,12.625,5.25],"tintindex":0,"rotation":0,"texture":"#0"},"down":{"uv":[5.625,12.625,5.375,12.875],"tintindex":0,"rotation":0,"texture":"#0"}},"rotation":{"origin":[7.71,8.278614,7.467333],"angle":22.5,"axis":"x"}}],"display":{"gui":{"rotation":[30,225,0]}}}