{"textures":{"0":"modelengine:entity/nocsy_drakonin_baby7"},"elements":[{"from":[6.4,8.26457,7.290993],"to":[9.6,12.524571,11.970993],"faces":{"east":{"uv":[3.875,9.25,4.375,9.75],"tintindex":0,"rotation":0,"texture":"#0"},"south":{"uv":[5.375,10.125,5.75,10.625],"tintindex":0,"rotation":0,"texture":"#0"},"north":{"uv":[4.875,10.125,5.25,10.625],"tintindex":0,"rotation":0,"texture":"#0"},"west":{"uv":[4.5,9.25,5.0,9.75],"tintindex":0,"rotation":0,"texture":"#0"},"up":{"uv":[6.25,10.625,5.875,10.125],"tintindex":0,"rotation":0,"texture":"#0"},"down":{"uv":[0.375,10.25,0.0,10.75],"tintindex":0,"rotation":0,"texture":"#0"}}},{"from":[6.51,10.685354,7.098831],"to":[9.49,14.665354,11.078831],"faces":{"east":{"uv":[9.375,0.75,9.875,1.25],"tintindex":0,"rotation":0,"texture":"#0"},"south":{"uv":[1.0,10.25,1.375,10.75],"tintindex":0,"rotation":0,"texture":"#0"},"north":{"uv":[0.5,10.25,0.875,10.75],"tintindex":0,"rotation":0,"texture":"#0"},"west":{"uv":[9.375,1.375,9.875,1.875],"tintindex":0,"rotation":0,"texture":"#0"},"up":{"uv":[1.875,10.75,1.5,10.25],"tintindex":0,"rotation":0,"texture":"#0"},"down":{"uv":[4.25,10.25,3.875,10.75],"tintindex":0,"rotation":0,"texture":"#0"}},"rotation":{"origin":[8.2442,12.937626,9.381488],"angle":-22.5,"axis":"x"}}],"display":{"gui":{"rotation":[30,225,0]}}}