{"textures":{"0":"modelengine:entity/nocsy_drakonin_baby7"},"elements":[{"from":[8.967782,7.2344337,7.04],"to":[12.567782,8.834434,8.64],"faces":{"east":{"uv":[6.625,12.375,6.875,12.625],"tintindex":0,"rotation":0,"texture":"#0"},"south":{"uv":[11.625,7.5,12.125,7.75],"tintindex":0,"rotation":0,"texture":"#0"},"north":{"uv":[11.625,4.25,12.125,4.5],"tintindex":0,"rotation":0,"texture":"#0"},"west":{"uv":[8.625,12.375,8.875,12.625],"tintindex":0,"rotation":0,"texture":"#0"},"up":{"uv":[12.125,8.125,11.625,7.875],"tintindex":0,"rotation":0,"texture":"#0"},"down":{"uv":[12.125,7.875,11.625,8.125],"tintindex":0,"rotation":0,"texture":"#0"}}},{"from":[9.054452,7.934434,5.9143143],"to":[15.054452,8.034433,24.914314],"faces":{"east":{"uv":[9.25,5.5,11.625,5.625],"tintindex":0,"rotation":0,"texture":"#0"},"south":{"uv":[12.0,11.0,12.75,11.125],"tintindex":0,"rotation":0,"texture":"#0"},"north":{"uv":[10.375,12.0,11.125,12.125],"tintindex":0,"rotation":0,"texture":"#0"},"west":{"uv":[9.25,5.75,11.625,5.875],"tintindex":0,"rotation":0,"texture":"#0"},"up":{"uv":[3.375,8.875,2.625,6.5],"tintindex":0,"rotation":0,"texture":"#0"},"down":{"uv":[7.25,5.0,6.5,7.375],"tintindex":0,"rotation":0,"texture":"#0"}}},{"from":[6.9677825,7.034434,6.84],"to":[9.967783,9.034433,8.84],"faces":{"east":{"uv":[3.375,12.375,3.625,12.625],"tintindex":0,"rotation":0,"texture":"#0"},"south":{"uv":[12.0,8.875,12.375,9.125],"tintindex":0,"rotation":0,"texture":"#0"},"north":{"uv":[8.875,12.0,9.25,12.25],"tintindex":0,"rotation":0,"texture":"#0"},"west":{"uv":[5.75,12.375,6.0,12.625],"tintindex":0,"rotation":0,"texture":"#0"},"up":{"uv":[9.75,12.25,9.375,12.0],"tintindex":0,"rotation":0,"texture":"#0"},"down":{"uv":[9.75,12.0,9.375,12.25],"tintindex":0,"rotation":0,"texture":"#0"}}},{"from":[9.054452,7.7344337,-0.08568573],"to":[15.054452,8.134434,24.914314],"faces":{"east":{"uv":[8.5,7.25,11.625,7.375],"tintindex":0,"rotation":0,"texture":"#0"},"south":{"uv":[12.0,11.5,12.75,11.625],"tintindex":0,"rotation":0,"texture":"#0"},"north":{"uv":[12.0,11.25,12.75,11.375],"tintindex":0,"rotation":0,"texture":"#0"},"west":{"uv":[8.625,0.0,11.75,0.125],"tintindex":0,"rotation":0,"texture":"#0"},"up":{"uv":[0.75,9.625,0.0,6.5],"tintindex":0,"rotation":0,"texture":"#0"},"down":{"uv":[1.625,6.5,0.875,9.625],"tintindex":0,"rotation":0,"texture":"#0"}}},{"from":[11.484889,7.244434,6.0115223],"to":[16.064892,8.824433,7.591522],"faces":{"east":{"uv":[9.0,12.375,9.25,12.625],"tintindex":0,"rotation":0,"texture":"#0"},"south":{"uv":[5.875,10.875,6.5,11.125],"tintindex":0,"rotation":0,"texture":"#0"},"north":{"uv":[3.5,10.875,4.125,11.125],"tintindex":0,"rotation":0,"texture":"#0"},"west":{"uv":[9.375,12.375,9.625,12.625],"tintindex":0,"rotation":0,"texture":"#0"},"up":{"uv":[11.5,7.75,10.875,7.5],"tintindex":0,"rotation":0,"texture":"#0"},"down":{"uv":[11.5,7.5,10.875,7.75],"tintindex":0,"rotation":0,"texture":"#0"}},"rotation":{"origin":[13.274889,8.034433,6.8015223],"angle":45.0,"axis":"y"}}],"display":{"gui":{"rotation":[30,225,0]}}}