{"textures":{"0":"modelengine:entity/nocsy_drakonin_baby7"},"elements":[{"from":[6.58,4.914614,6.4553328],"to":[8.58,8.914614,8.455333],"faces":{"east":{"uv":[11.75,5.25,12.0,5.75],"tintindex":0,"rotation":0,"texture":"#0"},"south":{"uv":[5.875,11.75,6.125,12.25],"tintindex":0,"rotation":0,"texture":"#0"},"north":{"uv":[11.75,4.625,12.0,5.125],"tintindex":0,"rotation":0,"texture":"#0"},"west":{"uv":[11.75,5.875,12.0,6.375],"tintindex":0,"rotation":0,"texture":"#0"},"up":{"uv":[6.375,12.875,6.125,12.625],"tintindex":0,"rotation":0,"texture":"#0"},"down":{"uv":[12.875,6.875,12.625,7.125],"tintindex":0,"rotation":0,"texture":"#0"}},"rotation":{"origin":[8.29,8.278614,7.467333],"angle":22.5,"axis":"x"}}],"display":{"gui":{"rotation":[30,225,0]}}}