{"textures":{"0":"modelengine:entity/nocsy_drakonin_baby7"},"elements":[{"from":[7.515049,5.178529,5.4676857],"to":[9.515049,9.178528,9.467686],"faces":{"east":{"uv":[9.375,3.75,9.875,4.25],"tintindex":0,"rotation":0,"texture":"#0"},"south":{"uv":[11.875,9.625,12.125,10.125],"tintindex":0,"rotation":0,"texture":"#0"},"north":{"uv":[5.0,11.875,5.25,12.375],"tintindex":0,"rotation":0,"texture":"#0"},"west":{"uv":[9.375,7.5,9.875,8.0],"tintindex":0,"rotation":0,"texture":"#0"},"up":{"uv":[12.25,1.125,12.0,0.625],"tintindex":0,"rotation":0,"texture":"#0"},"down":{"uv":[12.25,1.25,12.0,1.75],"tintindex":0,"rotation":0,"texture":"#0"}},"rotation":{"origin":[5.745049,7.5785284,7.787686],"angle":-22.5,"axis":"x"}}],"display":{"gui":{"rotation":[30,225,0]}}}