{"textures":{"0":"modelengine:entity/nocsy_drakonin_baby7"},"elements":[{"from":[6.58,5.0249443,6.46084],"to":[8.58,9.024944,8.46084],"faces":{"east":{"uv":[2.5,12.0,2.75,12.5],"tintindex":0,"rotation":0,"texture":"#0"},"south":{"uv":[5.375,12.0,5.625,12.5],"tintindex":0,"rotation":0,"texture":"#0"},"north":{"uv":[12.0,1.875,12.25,2.375],"tintindex":0,"rotation":0,"texture":"#0"},"west":{"uv":[6.25,12.0,6.5,12.5],"tintindex":0,"rotation":0,"texture":"#0"},"up":{"uv":[12.875,8.25,12.625,8.0],"tintindex":0,"rotation":0,"texture":"#0"},"down":{"uv":[12.875,9.25,12.625,9.5],"tintindex":0,"rotation":0,"texture":"#0"}},"rotation":{"origin":[8.29,8.388945,7.2728405],"angle":22.5,"axis":"x"}}],"display":{"gui":{"rotation":[30,225,0]}}}