{"textures":{"0":"modelengine:entity/nocsy_drakonin_baby7"},"elements":[{"from":[7.515049,5.5785284,5.4676857],"to":[9.515049,8.578528,8.467686],"faces":{"east":{"uv":[0.0,11.25,0.375,11.625],"tintindex":0,"rotation":0,"texture":"#0"},"south":{"uv":[12.25,9.25,12.5,9.625],"tintindex":0,"rotation":0,"texture":"#0"},"north":{"uv":[8.25,12.25,8.5,12.625],"tintindex":0,"rotation":0,"texture":"#0"},"west":{"uv":[0.5,11.25,0.875,11.625],"tintindex":0,"rotation":0,"texture":"#0"},"up":{"uv":[12.5,10.125,12.25,9.75],"tintindex":0,"rotation":0,"texture":"#0"},"down":{"uv":[10.625,12.25,10.375,12.625],"tintindex":0,"rotation":0,"texture":"#0"}},"rotation":{"origin":[5.745049,7.9785285,7.787686],"angle":-22.5,"axis":"x"}}],"display":{"gui":{"rotation":[30,225,0]}}}