{"textures":{"0":"modelengine:entity/nocsy_drakonin_baby7"},"elements":[{"from":[4.647448,8.2849,-3.1647167],"to":[12.647449,8.2849,4.8352833],"faces":{"up":{"uv":[8.5,1.0,7.5,0.0],"tintindex":0,"rotation":0,"texture":"#0"},"down":{"uv":[8.5,1.125,7.5,2.125],"tintindex":0,"rotation":0,"texture":"#0"}},"rotation":{"origin":[9.247448,7.4849,1.4352827],"angle":22.5,"axis":"y"}},{"from":[12.033483,7.2849,9.296571],"to":[17.433483,8.684899,10.69657],"faces":{"east":{"uv":[11.625,12.375,11.875,12.625],"tintindex":0,"rotation":0,"texture":"#0"},"south":{"uv":[9.5,10.0,8.75,10.25],"tintindex":0,"rotation":0,"texture":"#0"},"north":{"uv":[8.75,10.0,9.5,10.25],"tintindex":0,"rotation":0,"texture":"#0"},"west":{"uv":[1.5,12.5,1.75,12.75],"tintindex":0,"rotation":0,"texture":"#0"},"up":{"uv":[10.375,10.25,9.625,10.0],"tintindex":0,"rotation":0,"texture":"#0"},"down":{"uv":[10.375,10.0,9.625,10.25],"tintindex":0,"rotation":0,"texture":"#0"}},"rotation":{"origin":[15.733483,7.9848995,9.996571],"angle":-45.0,"axis":"y"}},{"from":[5.647448,6.4848995,4.635283],"to":[8.247448,9.0849,7.235283],"faces":{"east":{"uv":[7.125,11.0,7.5,11.375],"tintindex":0,"rotation":0,"texture":"#0"},"south":{"uv":[7.625,11.0,8.0,11.375],"tintindex":0,"rotation":0,"texture":"#0"},"north":{"uv":[6.625,11.0,7.0,11.375],"tintindex":0,"rotation":0,"texture":"#0"},"west":{"uv":[8.125,11.0,8.5,11.375],"tintindex":0,"rotation":0,"texture":"#0"},"up":{"uv":[9.0,11.375,8.625,11.0],"tintindex":0,"rotation":0,"texture":"#0"},"down":{"uv":[11.375,8.75,11.0,9.125],"tintindex":0,"rotation":0,"texture":"#0"}},"rotation":{"origin":[9.147449,7.9848995,8.035283],"angle":-22.5,"axis":"y"}},{"from":[15.633483,7.3849,10.996571],"to":[16.833483,8.5849,15.196571],"faces":{"east":{"uv":[12.25,8.375,12.75,8.5],"tintindex":0,"rotation":0,"texture":"#0"},"south":{"uv":[5.125,9.5,5.25,9.625],"tintindex":0,"rotation":0,"texture":"#0"},"north":{"uv":[5.125,9.25,5.25,9.375],"tintindex":0,"rotation":0,"texture":"#0"},"west":{"uv":[12.375,3.5,12.875,3.625],"tintindex":0,"rotation":0,"texture":"#0"},"up":{"uv":[10.25,12.875,10.125,12.375],"tintindex":0,"rotation":0,"texture":"#0"},"down":{"uv":[2.0,12.5,1.875,13.0],"tintindex":0,"rotation":0,"texture":"#0"}},"rotation":{"origin":[15.733483,7.9848995,9.996571],"angle":22.5,"axis":"y"}},{"from":[7.997448,7.6849,0.03528309],"to":[21.997448,8.0849,25.035282],"faces":{"east":{"uv":[8.625,0.25,11.75,0.375],"tintindex":0,"rotation":0,"texture":"#0"},"south":{"uv":[10.0,3.625,11.75,3.75],"tintindex":0,"rotation":0,"texture":"#0"},"north":{"uv":[10.0,3.375,11.75,3.5],"tintindex":0,"rotation":0,"texture":"#0"},"west":{"uv":[8.625,0.5,11.75,0.625],"tintindex":0,"rotation":0,"texture":"#0"},"up":{"uv":[1.75,6.375,0.0,3.25],"tintindex":0,"rotation":0,"texture":"#0"},"down":{"uv":[3.625,3.25,1.875,6.375],"tintindex":0,"rotation":0,"texture":"#0"}}},{"from":[6.347448,7.1849,5.235283],"to":[12.947449,8.7849,6.8352833],"faces":{"east":{"uv":[9.75,12.375,10.0,12.625],"tintindex":0,"rotation":0,"texture":"#0"},"south":{"uv":[10.875,0.75,10.0,1.0],"tintindex":0,"rotation":0,"texture":"#0"},"north":{"uv":[10.0,0.75,10.875,1.0],"tintindex":0,"rotation":0,"texture":"#0"},"west":{"uv":[12.375,10.625,12.625,10.875],"tintindex":0,"rotation":0,"texture":"#0"},"up":{"uv":[10.875,1.75,10.0,1.5],"tintindex":0,"rotation":0,"texture":"#0"},"down":{"uv":[10.875,1.5,10.0,1.75],"tintindex":0,"rotation":0,"texture":"#0"}},"rotation":{"origin":[9.147449,7.9848995,8.035283],"angle":-22.5,"axis":"y"}},{"from":[7.997448,7.8849,6.035283],"to":[21.997448,7.9848995,25.035282],"faces":{"east":{"uv":[9.25,6.0,11.625,6.125],"tintindex":0,"rotation":0,"texture":"#0"},"south":{"uv":[10.0,3.125,11.75,3.25],"tintindex":0,"rotation":0,"texture":"#0"},"north":{"uv":[10.0,2.875,11.75,3.0],"tintindex":0,"rotation":0,"texture":"#0"},"west":{"uv":[9.25,6.25,11.625,6.375],"tintindex":0,"rotation":0,"texture":"#0"},"up":{"uv":[5.5,7.375,3.75,5.0],"tintindex":0,"rotation":0,"texture":"#0"},"down":{"uv":[7.375,0.0,5.625,2.375],"tintindex":0,"rotation":0,"texture":"#0"}}}],"display":{"gui":{"rotation":[30,225,0]}}}