{"textures":{"0":"modelengine:entity/nocsy_drakonin_baby7"},"elements":[{"from":[7.0,4.2002487,9.232946],"to":[9.0,7.2002487,12.232946],"faces":{"east":{"uv":[9.875,11.5,10.25,11.875],"tintindex":0,"rotation":0,"texture":"#0"},"south":{"uv":[0.0,12.375,0.25,12.75],"tintindex":0,"rotation":0,"texture":"#0"},"north":{"uv":[10.75,12.25,11.0,12.625],"tintindex":0,"rotation":0,"texture":"#0"},"west":{"uv":[2.0,11.625,2.375,12.0],"tintindex":0,"rotation":0,"texture":"#0"},"up":{"uv":[0.625,12.75,0.375,12.375],"tintindex":0,"rotation":0,"texture":"#0"},"down":{"uv":[12.625,0.375,12.375,0.75],"tintindex":0,"rotation":0,"texture":"#0"}}},{"from":[8.0,5.9780197,9.979645],"to":[8.0,15.97802,18.979645],"faces":{"east":{"uv":[7.375,2.5,8.5,3.75],"tintindex":0,"rotation":0,"texture":"#0"},"west":{"uv":[7.375,3.875,8.5,5.125],"tintindex":0,"rotation":0,"texture":"#0"}},"rotation":{"origin":[8.0,9.17802,14.679646],"angle":-45.0,"axis":"x"}},{"from":[6.5,3.3836846,6.9222975],"to":[9.5,7.3836846,9.922298],"faces":{"east":{"uv":[10.625,3.875,11.0,4.375],"tintindex":0,"rotation":0,"texture":"#0"},"south":{"uv":[4.875,10.75,5.25,11.25],"tintindex":0,"rotation":0,"texture":"#0"},"north":{"uv":[3.0,10.5,3.375,11.0],"tintindex":0,"rotation":0,"texture":"#0"},"west":{"uv":[5.375,10.75,5.75,11.25],"tintindex":0,"rotation":0,"texture":"#0"},"up":{"uv":[9.25,11.875,8.875,11.5],"tintindex":0,"rotation":0,"texture":"#0"},"down":{"uv":[9.75,11.5,9.375,11.875],"tintindex":0,"rotation":0,"texture":"#0"}},"rotation":{"origin":[7.66,4.6718206,10.50477],"angle":22.5,"axis":"x"}}],"display":{"gui":{"rotation":[30,225,0]}}}