{"textures":{"0":"modelengine:entity/nocsy_drakonin2"},"elements":[{"from":[4.0,4.7727404,3.373014],"to":[12.0,12.77274,15.3730135],"faces":{"east":{"uv":[4.75,6.125,5.5,6.625],"tintindex":0,"rotation":0,"texture":"#0"},"south":{"uv":[6.5,0.0,7.0,0.5],"tintindex":0,"rotation":0,"texture":"#0"},"north":{"uv":[6.125,6.375,6.625,6.875],"tintindex":0,"rotation":0,"texture":"#0"},"west":{"uv":[6.25,2.625,7.0,3.125],"tintindex":0,"rotation":0,"texture":"#0"},"up":{"uv":[6.75,3.9375,6.25,3.1875],"tintindex":0,"rotation":0,"texture":"#0"},"down":{"uv":[6.75,4.0,6.25,4.75],"tintindex":0,"rotation":0,"texture":"#0"}}},{"from":[4.01,2.811537,13.084082],"to":[11.99,10.791536,21.064081],"faces":{"east":{"uv":[6.5,1.125,7.0,1.625],"tintindex":0,"rotation":0,"texture":"#0"},"south":{"uv":[6.5,1.6875,7.0,2.1875],"tintindex":0,"rotation":0,"texture":"#0"},"north":{"uv":[6.5,0.5625,7.0,1.0625],"tintindex":0,"rotation":0,"texture":"#0"},"west":{"uv":[6.5,4.8125,7.0,5.3125],"tintindex":0,"rotation":0,"texture":"#0"},"up":{"uv":[7.0,5.875,6.5,5.375],"tintindex":0,"rotation":0,"texture":"#0"},"down":{"uv":[4.9375,6.6875,4.4375,7.1875],"tintindex":0,"rotation":0,"texture":"#0"}},"rotation":{"origin":[8.0,6.008381,19.178501],"angle":22.5,"axis":"x"}},{"from":[3.99,6.6163006,1.6555111],"to":[12.01,15.636302,9.675511],"faces":{"east":{"uv":[3.3125,6.3125,3.8125,6.875],"tintindex":0,"rotation":0,"texture":"#0"},"south":{"uv":[3.875,6.3125,4.375,6.875],"tintindex":0,"rotation":0,"texture":"#0"},"north":{"uv":[2.75,6.3125,3.25,6.875],"tintindex":0,"rotation":0,"texture":"#0"},"west":{"uv":[5.5625,6.375,6.0625,6.9375],"tintindex":0,"rotation":0,"texture":"#0"},"up":{"uv":[5.5,7.1875,5.0,6.6875],"tintindex":0,"rotation":0,"texture":"#0"},"down":{"uv":[7.1875,5.9375,6.6875,6.4375],"tintindex":0,"rotation":0,"texture":"#0"}},"rotation":{"origin":[7.5,9.991618,7.178502],"angle":-22.5,"axis":"x"}}],"display":{"gui":{"rotation":[30,225,0]}}}