{"textures":{"0":"modelengine:entity/nocsy_drakonin2"},"elements":[{"from":[11.55,8.560514,3.3550057],"to":[11.55,15.560514,6.3550057],"faces":{"east":{"uv":[1.625,9.25,1.8125,9.6875],"tintindex":0,"rotation":0,"texture":"#0"},"west":{"uv":[1.875,9.25,2.0625,9.6875],"tintindex":0,"rotation":0,"texture":"#0"}}},{"from":[11.813967,4.282097,3.4300056],"to":[11.813967,8.282097,11.430006],"faces":{"east":{"uv":[8.1875,0.75,8.6875,1.0],"tintindex":0,"rotation":0,"texture":"#0"},"west":{"uv":[8.1875,1.0625,8.6875,1.3125],"tintindex":0,"rotation":0,"texture":"#0"}},"rotation":{"origin":[12.213966,7.3820972,7.4300056],"angle":22.5,"axis":"z"}},{"from":[8.55,8.560514,3.3550057],"to":[11.55,15.560514,3.3550057],"faces":{"south":{"uv":[2.375,9.3125,2.5625,9.75],"tintindex":0,"rotation":0,"texture":"#0"},"north":{"uv":[2.125,9.25,2.3125,9.6875],"tintindex":0,"rotation":0,"texture":"#0"}}},{"from":[4.1860332,4.282097,3.4300056],"to":[4.1860332,8.282097,11.430006],"faces":{"east":{"uv":[8.1875,0.125,8.6875,0.375],"tintindex":0,"rotation":0,"texture":"#0"},"west":{"uv":[8.1875,0.4375,8.6875,0.6875],"tintindex":0,"rotation":0,"texture":"#0"}},"rotation":{"origin":[3.7860332,7.3820972,7.4300056],"angle":-22.5,"axis":"z"}},{"from":[5.1,13.860516,6.2300057],"to":[5.1,22.860516,17.230005],"faces":{"east":{"uv":[5.75,5.125,6.4375,5.6875],"tintindex":0,"rotation":0,"texture":"#0"},"west":{"uv":[5.75,5.75,6.4375,6.3125],"tintindex":0,"rotation":0,"texture":"#0"}},"rotation":{"origin":[8.0,18.360516,10.330006],"angle":-22.5,"axis":"y"}},{"from":[8.0,13.660515,3.4300056],"to":[8.0,22.660515,14.430006],"faces":{"east":{"uv":[5.5,2.625,6.1875,3.1875],"tintindex":0,"rotation":0,"texture":"#0"},"west":{"uv":[5.5,3.25,6.1875,3.8125],"tintindex":0,"rotation":0,"texture":"#0"}}},{"from":[4.45,8.560514,3.3550057],"to":[7.45,15.560514,3.3550057],"faces":{"south":{"uv":[8.9375,9.1875,9.125,9.625],"tintindex":0,"rotation":0,"texture":"#0"},"north":{"uv":[6.25,9.1875,6.4375,9.625],"tintindex":0,"rotation":0,"texture":"#0"}}},{"from":[6.3,7.670229,0.65969896],"to":[6.3,10.670229,6.659699],"faces":{"east":{"uv":[9.75,5.625,10.125,5.8125],"tintindex":0,"rotation":0,"texture":"#0"},"west":{"uv":[2.1875,9.8125,2.5625,10.0],"tintindex":0,"rotation":0,"texture":"#0"}},"rotation":{"origin":[6.3,8.370228,2.7596984],"angle":-22.5,"axis":"x"}},{"from":[5.5,11.394108,-0.12298393],"to":[10.5,13.394108,1.8770156],"faces":{"east":{"uv":[4.75,8.0,4.875,8.125],"tintindex":0,"rotation":0,"texture":"#0"},"south":{"uv":[10.1875,5.625,10.5,5.75],"tintindex":0,"rotation":0,"texture":"#0"},"north":{"uv":[10.1875,4.0625,10.5,4.1875],"tintindex":0,"rotation":0,"texture":"#0"},"west":{"uv":[8.6875,5.625,8.8125,5.75],"tintindex":0,"rotation":0,"texture":"#0"},"up":{"uv":[10.5,6.875,10.1875,6.75],"tintindex":0,"rotation":0,"texture":"#0"},"down":{"uv":[9.6875,10.1875,9.375,10.3125],"tintindex":0,"rotation":0,"texture":"#0"}},"rotation":{"origin":[8.0,10.294107,2.0770154],"angle":-45.0,"axis":"x"}},{"from":[4.45,8.560514,3.3550057],"to":[4.45,15.560514,6.3550057],"faces":{"east":{"uv":[9.1875,9.1875,9.375,9.625],"tintindex":0,"rotation":0,"texture":"#0"},"west":{"uv":[0.0,9.25,0.1875,9.6875],"tintindex":0,"rotation":0,"texture":"#0"}}},{"from":[5.5,10.444717,1.0435634],"to":[10.5,16.444717,1.0435634],"faces":{"south":{"uv":[1.0,8.375,1.3125,8.75],"tintindex":0,"rotation":0,"texture":"#0"},"north":{"uv":[0.625,8.375,0.9375,8.75],"tintindex":0,"rotation":0,"texture":"#0"}},"rotation":{"origin":[8.0,13.344717,-0.2564373],"angle":45.0,"axis":"x"}},{"from":[4.5,8.060514,3.4300056],"to":[11.5,15.060514,11.430006],"faces":{"east":{"uv":[6.6875,6.5,7.1875,6.9375],"tintindex":0,"rotation":0,"texture":"#0"},"south":{"uv":[7.0625,1.5,7.5,1.9375],"tintindex":0,"rotation":0,"texture":"#0"},"north":{"uv":[5.5625,7.0,6.0,7.4375],"tintindex":0,"rotation":0,"texture":"#0"},"west":{"uv":[6.8125,3.1875,7.3125,3.625],"tintindex":0,"rotation":0,"texture":"#0"},"up":{"uv":[7.25,4.1875,6.8125,3.6875],"tintindex":0,"rotation":0,"texture":"#0"},"down":{"uv":[7.25,4.25,6.8125,4.75],"tintindex":0,"rotation":0,"texture":"#0"}}},{"from":[10.9,13.860516,6.2300057],"to":[10.9,22.860516,17.230005],"faces":{"east":{"uv":[5.5,3.875,6.1875,4.4375],"tintindex":0,"rotation":0,"texture":"#0"},"west":{"uv":[5.5,4.5,6.1875,5.0625],"tintindex":0,"rotation":0,"texture":"#0"}},"rotation":{"origin":[8.0,18.360516,10.330006],"angle":22.5,"axis":"y"}},{"from":[9.7,7.670229,0.65969896],"to":[9.7,10.670229,6.659699],"faces":{"east":{"uv":[2.875,9.8125,3.25,10.0],"tintindex":0,"rotation":0,"texture":"#0"},"west":{"uv":[9.8125,3.8125,10.1875,4.0],"tintindex":0,"rotation":0,"texture":"#0"}},"rotation":{"origin":[9.7,8.370228,2.7596984],"angle":-22.5,"axis":"x"}},{"from":[6.0,9.794107,-0.42298508],"to":[10.0,11.794107,4.5770154],"faces":{"east":{"uv":[7.375,3.5,7.6875,3.625],"tintindex":0,"rotation":0,"texture":"#0"},"south":{"uv":[10.4375,0.25,10.6875,0.375],"tintindex":0,"rotation":0,"texture":"#0"},"north":{"uv":[7.0625,3.0,7.3125,3.125],"tintindex":0,"rotation":0,"texture":"#0"},"west":{"uv":[9.8125,4.0625,10.125,4.1875],"tintindex":0,"rotation":0,"texture":"#0"},"up":{"uv":[9.6875,5.9375,9.4375,5.625],"tintindex":0,"rotation":0,"texture":"#0"},"down":{"uv":[9.6875,8.5625,9.4375,8.875],"tintindex":0,"rotation":0,"texture":"#0"}}},{"from":[5.25,9.360516,3.2550054],"to":[6.25,13.060514,3.2550054],"faces":{"south":{"uv":[5.8125,9.3125,5.9375,9.625],"tintindex":0,"rotation":0,"texture":"#0"},"north":{"uv":[6.5,5.9375,6.625,6.25],"tintindex":0,"rotation":0,"texture":"#0"}}},{"from":[6.5,5.4844093,0.3337245],"to":[9.5,8.484409,0.3337245],"faces":{"south":{"uv":[10.3125,8.625,10.5,8.8125],"tintindex":0,"rotation":0,"texture":"#0"},"north":{"uv":[10.3125,7.5,10.5,7.6875],"tintindex":0,"rotation":0,"texture":"#0"}},"rotation":{"origin":[8.0,6.9844093,0.3337245],"angle":-22.5,"axis":"x"}},{"from":[6.5,8.370228,-0.24030113],"to":[9.5,10.370228,5.759699],"faces":{"east":{"uv":[9.3125,6.625,9.6875,6.75],"tintindex":0,"rotation":0,"texture":"#0"},"south":{"uv":[9.9375,6.4375,10.125,6.5625],"tintindex":0,"rotation":0,"texture":"#0"},"north":{"uv":[8.875,3.8125,9.0625,3.9375],"tintindex":0,"rotation":0,"texture":"#0"},"west":{"uv":[9.6875,1.6875,10.0625,1.8125],"tintindex":0,"rotation":0,"texture":"#0"},"up":{"uv":[7.4375,10.125,7.25,9.75],"tintindex":0,"rotation":0,"texture":"#0"},"down":{"uv":[9.9375,8.5,9.75,8.875],"tintindex":0,"rotation":0,"texture":"#0"}}},{"from":[9.75,9.360516,3.2550054],"to":[10.75,13.060514,3.2550054],"faces":{"south":{"uv":[5.9375,9.3125,5.8125,9.625],"tintindex":0,"rotation":0,"texture":"#0"},"north":{"uv":[6.625,5.9375,6.5,6.25],"tintindex":0,"rotation":0,"texture":"#0"}}}],"display":{"gui":{"rotation":[30,225,0]}}}