{"textures":{"0":"modelengine:entity/nocsy_drakonin2"},"elements":[{"from":[6.733876,6.7025,3.799746],"to":[9.233876,9.202499,5.7997456],"faces":{"east":{"uv":[4.4375,6.3125,4.6875,6.625],"tintindex":0,"rotation":0,"texture":"#0"},"south":{"uv":[8.75,0.125,9.0625,0.4375],"tintindex":0,"rotation":0,"texture":"#0"},"north":{"uv":[6.6875,8.6875,7.0,9.0],"tintindex":0,"rotation":0,"texture":"#0"},"west":{"uv":[7.25,9.375,7.5,9.6875],"tintindex":0,"rotation":0,"texture":"#0"},"up":{"uv":[9.625,8.5,9.3125,8.25],"tintindex":0,"rotation":0,"texture":"#0"},"down":{"uv":[8.1875,9.375,7.875,9.625],"tintindex":0,"rotation":0,"texture":"#0"}}},{"from":[-4.3015795,7.2075,10.863313],"to":[1.1884203,8.6975,12.3533125],"faces":{"east":{"uv":[3.625,10.25,3.8125,10.4375],"tintindex":0,"rotation":0,"texture":"#0"},"south":{"uv":[5.375,8.0,6.0625,8.1875],"tintindex":0,"rotation":0,"texture":"#0"},"north":{"uv":[7.9375,5.5625,8.625,5.75],"tintindex":0,"rotation":0,"texture":"#0"},"west":{"uv":[10.25,3.75,10.4375,3.9375],"tintindex":0,"rotation":0,"texture":"#0"},"up":{"uv":[8.75,2.125,8.0625,1.9375],"tintindex":0,"rotation":0,"texture":"#0"},"down":{"uv":[8.75,2.1875,8.0625,2.375],"tintindex":0,"rotation":0,"texture":"#0"}},"rotation":{"origin":[-3.0565796,7.9525,11.608313],"angle":45.0,"axis":"y"}},{"from":[4.2338753,7.9525,-0.70025444],"to":[11.733876,7.9525,5.7997456],"faces":{"up":{"uv":[5.6875,6.0625,4.75,5.25],"tintindex":0,"rotation":0,"texture":"#0"},"down":{"uv":[6.4375,0.0,5.5,0.8125],"tintindex":0,"rotation":0,"texture":"#0"}}},{"from":[-4.662655,7.2025,11.426421],"to":[-3.1626549,8.702499,16.926422],"faces":{"east":{"uv":[0.0,8.125,0.6875,8.3125],"tintindex":0,"rotation":0,"texture":"#0"},"south":{"uv":[4.375,10.25,4.5625,10.4375],"tintindex":0,"rotation":0,"texture":"#0"},"north":{"uv":[4.125,10.25,4.3125,10.4375],"tintindex":0,"rotation":0,"texture":"#0"},"west":{"uv":[0.75,8.125,1.4375,8.3125],"tintindex":0,"rotation":0,"texture":"#0"},"up":{"uv":[6.3125,8.6875,6.125,8.0],"tintindex":0,"rotation":0,"texture":"#0"},"down":{"uv":[1.6875,8.125,1.5,8.8125],"tintindex":0,"rotation":0,"texture":"#0"}},"rotation":{"origin":[-5.912655,7.9525,12.176421],"angle":-22.5,"axis":"y"}},{"from":[-0.5019436,7.2025,4.973771],"to":[7.9980564,8.702499,6.473771],"faces":{"east":{"uv":[10.25,1.875,10.4375,2.0625],"tintindex":0,"rotation":0,"texture":"#0"},"south":{"uv":[6.625,7.0,7.6875,7.1875],"tintindex":0,"rotation":0,"texture":"#0"},"north":{"uv":[6.5,2.25,7.5625,2.4375],"tintindex":0,"rotation":0,"texture":"#0"},"west":{"uv":[10.25,2.125,10.4375,2.3125],"tintindex":0,"rotation":0,"texture":"#0"},"up":{"uv":[8.125,0.1875,7.0625,0.0],"tintindex":0,"rotation":0,"texture":"#0"},"down":{"uv":[8.125,0.25,7.0625,0.4375],"tintindex":0,"rotation":0,"texture":"#0"}},"rotation":{"origin":[7.2480564,7.9525,6.723771],"angle":22.5,"axis":"y"}},{"from":[-8.001944,8.002501,4.973771],"to":[7.9980564,8.1025,25.473772],"faces":{"east":{"uv":[7.75,4.375,10.3125,4.4375],"tintindex":0,"rotation":0,"texture":"#0"},"south":{"uv":[7.9375,7.625,9.9375,7.6875],"tintindex":0,"rotation":0,"texture":"#0"},"north":{"uv":[7.8125,3.375,9.8125,3.4375],"tintindex":0,"rotation":0,"texture":"#0"},"west":{"uv":[7.75,4.5,10.3125,4.5625],"tintindex":0,"rotation":0,"texture":"#0"},"up":{"uv":[2.0,2.5625,0.0,0.0],"tintindex":0,"rotation":0,"texture":"#0"},"down":{"uv":[4.0625,0.0,2.0625,2.5625],"tintindex":0,"rotation":0,"texture":"#0"}}}],"display":{"gui":{"rotation":[30,225,0]}}}