{"textures":{"0":"modelengine:entity/nocsy_drakonin2"},"elements":[{"from":[9.162161,5.1168184,3.7287323],"to":[12.182161,8.136819,7.7487326],"faces":{"east":{"uv":[1.3125,10.1875,1.5625,10.375],"tintindex":0,"rotation":0,"texture":"#0"},"south":{"uv":[3.0,10.4375,3.1875,10.625],"tintindex":0,"rotation":0,"texture":"#0"},"north":{"uv":[2.4375,10.4375,2.625,10.625],"tintindex":0,"rotation":0,"texture":"#0"},"west":{"uv":[1.625,10.1875,1.875,10.375],"tintindex":0,"rotation":0,"texture":"#0"},"up":{"uv":[2.125,10.4375,1.9375,10.1875],"tintindex":0,"rotation":0,"texture":"#0"},"down":{"uv":[10.375,2.375,10.1875,2.625],"tintindex":0,"rotation":0,"texture":"#0"}},"rotation":{"origin":[7.672161,6.626818,3.2387323],"angle":-22.5,"axis":"y"}},{"from":[5.3841734,5.1268187,5.498286],"to":[10.384174,9.126819,10.498285],"faces":{"east":{"uv":[9.6875,3.5,10.0,3.75],"tintindex":0,"rotation":0,"texture":"#0"},"south":{"uv":[9.6875,4.625,10.0,4.875],"tintindex":0,"rotation":0,"texture":"#0"},"north":{"uv":[9.6875,1.375,10.0,1.625],"tintindex":0,"rotation":0,"texture":"#0"},"west":{"uv":[5.8125,9.6875,6.125,9.9375],"tintindex":0,"rotation":0,"texture":"#0"},"up":{"uv":[4.875,9.0625,4.5625,8.75],"tintindex":0,"rotation":0,"texture":"#0"},"down":{"uv":[5.25,8.75,4.9375,9.0625],"tintindex":0,"rotation":0,"texture":"#0"}}},{"from":[6.4521604,5.1068187,3.7187324],"to":[9.492161,8.146819,7.7587323],"faces":{"east":{"uv":[2.4375,10.1875,2.6875,10.375],"tintindex":0,"rotation":0,"texture":"#0"},"south":{"uv":[6.125,10.4375,6.3125,10.625],"tintindex":0,"rotation":0,"texture":"#0"},"north":{"uv":[10.4375,6.0625,10.625,6.25],"tintindex":0,"rotation":0,"texture":"#0"},"west":{"uv":[3.125,10.1875,3.375,10.375],"tintindex":0,"rotation":0,"texture":"#0"},"up":{"uv":[4.0625,10.4375,3.875,10.1875],"tintindex":0,"rotation":0,"texture":"#0"},"down":{"uv":[4.8125,10.1875,4.625,10.4375],"tintindex":0,"rotation":0,"texture":"#0"}}},{"from":[4.5419292,4.953557,-1.0409746],"to":[4.5419292,8.953557,4.959026],"faces":{"east":{"uv":[9.125,1.9375,9.5,2.1875],"tintindex":0,"rotation":0,"texture":"#0"},"west":{"uv":[9.125,2.25,9.5,2.5],"tintindex":0,"rotation":0,"texture":"#0"}},"rotation":{"origin":[8.24193,6.9535565,1.9590254],"angle":22.5,"axis":"y"}},{"from":[3.5861876,5.1168184,3.7287323],"to":[6.606187,8.136819,7.7487326],"faces":{"east":{"uv":[0.25,10.1875,0.5,10.375],"tintindex":0,"rotation":0,"texture":"#0"},"south":{"uv":[1.375,10.4375,1.5625,10.625],"tintindex":0,"rotation":0,"texture":"#0"},"north":{"uv":[1.125,10.4375,1.3125,10.625],"tintindex":0,"rotation":0,"texture":"#0"},"west":{"uv":[0.5625,10.1875,0.8125,10.375],"tintindex":0,"rotation":0,"texture":"#0"},"up":{"uv":[10.375,0.9375,10.1875,0.6875],"tintindex":0,"rotation":0,"texture":"#0"},"down":{"uv":[10.375,1.0,10.1875,1.25],"tintindex":0,"rotation":0,"texture":"#0"}},"rotation":{"origin":[8.096187,6.626818,3.2387323],"angle":22.5,"axis":"y"}},{"from":[11.541929,4.953557,-1.0409746],"to":[11.541929,8.953557,4.959026],"faces":{"east":{"uv":[9.125,2.5625,9.5,2.8125],"tintindex":0,"rotation":0,"texture":"#0"},"west":{"uv":[3.125,9.125,3.5,9.375],"tintindex":0,"rotation":0,"texture":"#0"}},"rotation":{"origin":[8.24193,6.9535565,1.9590254],"angle":-22.5,"axis":"y"}},{"from":[6.3941736,5.136819,9.908286],"to":[9.374174,8.116818,11.888286],"faces":{"east":{"uv":[6.5,9.1875,6.625,9.375],"tintindex":0,"rotation":0,"texture":"#0"},"south":{"uv":[10.4375,2.375,10.625,2.5625],"tintindex":0,"rotation":0,"texture":"#0"},"north":{"uv":[1.625,10.4375,1.8125,10.625],"tintindex":0,"rotation":0,"texture":"#0"},"west":{"uv":[4.3125,9.75,4.4375,9.9375],"tintindex":0,"rotation":0,"texture":"#0"},"up":{"uv":[0.9375,10.625,0.75,10.5],"tintindex":0,"rotation":0,"texture":"#0"},"down":{"uv":[10.6875,1.8125,10.5,1.9375],"tintindex":0,"rotation":0,"texture":"#0"}}},{"from":[7.884174,5.3583155,11.14814],"to":[7.884174,9.358315,16.14814],"faces":{"east":{"uv":[5.0625,9.625,5.375,9.875],"tintindex":0,"rotation":0,"texture":"#0"},"west":{"uv":[9.625,5.3125,9.9375,5.5625],"tintindex":0,"rotation":0,"texture":"#0"}}},{"from":[8.041929,4.953557,-1.0409746],"to":[8.041929,8.953557,4.959026],"faces":{"east":{"uv":[9.125,1.0625,9.5,1.3125],"tintindex":0,"rotation":0,"texture":"#0"},"west":{"uv":[1.1875,9.125,1.5625,9.375],"tintindex":0,"rotation":0,"texture":"#0"}}}],"display":{"gui":{"rotation":[30,225,0]}}}