{"textures":{"0":"modelengine:entity/nocsy_drakonin2"},"elements":[{"from":[7.0,3.3600554,5.889879],"to":[10.0,9.360056,9.889879],"faces":{"east":{"uv":[6.6875,9.0625,6.9375,9.4375],"tintindex":0,"rotation":0,"texture":"#0"},"south":{"uv":[9.8125,9.8125,10.0,10.1875],"tintindex":0,"rotation":0,"texture":"#0"},"north":{"uv":[9.8125,9.375,10.0,9.75],"tintindex":0,"rotation":0,"texture":"#0"},"west":{"uv":[0.875,9.125,1.125,9.5],"tintindex":0,"rotation":0,"texture":"#0"},"up":{"uv":[9.3125,10.375,9.125,10.125],"tintindex":0,"rotation":0,"texture":"#0"},"down":{"uv":[10.375,0.125,10.1875,0.375],"tintindex":0,"rotation":0,"texture":"#0"}},"rotation":{"origin":[7.5,9.160055,7.28988],"angle":22.5,"axis":"x"}}],"display":{"gui":{"rotation":[30,225,0]}}}