{"textures":{"0":"modelengine:entity/nocsy_drakonin2"},"elements":[{"from":[-1.0271502,7.077788,3.4801264],"to":[0.46284962,8.567787,6.970126],"faces":{"east":{"uv":[7.0625,2.0,7.5,2.1875],"tintindex":0,"rotation":0,"texture":"#0"},"south":{"uv":[8.625,10.1875,8.8125,10.375],"tintindex":0,"rotation":0,"texture":"#0"},"north":{"uv":[5.0625,9.375,5.25,9.5625],"tintindex":0,"rotation":0,"texture":"#0"},"west":{"uv":[8.1875,7.875,8.625,8.0625],"tintindex":0,"rotation":0,"texture":"#0"},"up":{"uv":[5.9375,9.25,5.75,8.8125],"tintindex":0,"rotation":0,"texture":"#0"},"down":{"uv":[7.5625,8.875,7.375,9.3125],"tintindex":0,"rotation":0,"texture":"#0"}},"rotation":{"origin":[1.7178493,7.822788,6.2251263],"angle":45.0,"axis":"y"}},{"from":[0.3036356,7.072788,7.2],"to":[6.8036356,8.572788,8.7],"faces":{"east":{"uv":[3.125,8.5,3.3125,8.6875],"tintindex":0,"rotation":0,"texture":"#0"},"south":{"uv":[7.8125,3.125,8.625,3.3125],"tintindex":0,"rotation":0,"texture":"#0"},"north":{"uv":[4.0625,7.75,4.875,7.9375],"tintindex":0,"rotation":0,"texture":"#0"},"west":{"uv":[1.5,8.875,1.6875,9.0625],"tintindex":0,"rotation":0,"texture":"#0"},"up":{"uv":[0.8125,8.0625,0.0,7.875],"tintindex":0,"rotation":0,"texture":"#0"},"down":{"uv":[1.6875,7.875,0.875,8.0625],"tintindex":0,"rotation":0,"texture":"#0"}}},{"from":[6.3036356,6.822788,7.0],"to":[8.803636,8.822788,9.0],"faces":{"east":{"uv":[0.4375,9.875,0.6875,10.125],"tintindex":0,"rotation":0,"texture":"#0"},"south":{"uv":[9.25,5.3125,9.5625,5.5625],"tintindex":0,"rotation":0,"texture":"#0"},"north":{"uv":[9.1875,7.1875,9.5,7.4375],"tintindex":0,"rotation":0,"texture":"#0"},"west":{"uv":[3.3125,9.875,3.5625,10.125],"tintindex":0,"rotation":0,"texture":"#0"},"up":{"uv":[9.625,3.75,9.3125,3.5],"tintindex":0,"rotation":0,"texture":"#0"},"down":{"uv":[9.625,4.625,9.3125,4.875],"tintindex":0,"rotation":0,"texture":"#0"}}},{"from":[-2.783844,7.872788,3.1453495],"to":[7.7161565,7.972788,23.64535],"faces":{"east":{"uv":[7.25,6.8125,9.8125,6.875],"tintindex":0,"rotation":0,"texture":"#0"},"south":{"uv":[8.875,4.9375,10.1875,5.0],"tintindex":0,"rotation":0,"texture":"#0"},"north":{"uv":[8.75,2.875,10.0625,2.9375],"tintindex":0,"rotation":0,"texture":"#0"},"west":{"uv":[7.5625,5.1875,10.125,5.25],"tintindex":0,"rotation":0,"texture":"#0"},"up":{"uv":[5.4375,2.5625,4.125,0.0],"tintindex":0,"rotation":0,"texture":"#0"},"down":{"uv":[5.4375,2.625,4.125,5.1875],"tintindex":0,"rotation":0,"texture":"#0"}}},{"from":[-2.8980246,7.072788,2.5713243],"to":[-1.3980246,8.572788,6.0713243],"faces":{"east":{"uv":[8.375,4.9375,8.8125,5.125],"tintindex":0,"rotation":0,"texture":"#0"},"south":{"uv":[0.875,10.25,1.0625,10.4375],"tintindex":0,"rotation":0,"texture":"#0"},"north":{"uv":[10.25,0.4375,10.4375,0.625],"tintindex":0,"rotation":0,"texture":"#0"},"west":{"uv":[8.6875,3.125,9.125,3.3125],"tintindex":0,"rotation":0,"texture":"#0"},"up":{"uv":[4.0625,9.5625,3.875,9.125],"tintindex":0,"rotation":0,"texture":"#0"},"down":{"uv":[4.75,9.125,4.5625,9.5625],"tintindex":0,"rotation":0,"texture":"#0"}},"rotation":{"origin":[-2.1480246,7.822788,4.3213243],"angle":22.5,"axis":"y"}}],"display":{"gui":{"rotation":[30,225,0]}}}