{"textures":{"0":"modelengine:entity/nocsy_drakonin2"},"elements":[{"from":[9.162161,5.1168184,3.7287323],"to":[12.182161,8.136819,7.7487326],"faces":{"east":{"uv":[9.9375,1.875,10.1875,2.0625],"tintindex":0,"rotation":0,"texture":"#0"},"south":{"uv":[10.375,1.5625,10.5625,1.75],"tintindex":0,"rotation":0,"texture":"#0"},"north":{"uv":[10.375,1.3125,10.5625,1.5],"tintindex":0,"rotation":0,"texture":"#0"},"west":{"uv":[9.9375,2.125,10.1875,2.3125],"tintindex":0,"rotation":0,"texture":"#0"},"up":{"uv":[10.125,2.625,9.9375,2.375],"tintindex":0,"rotation":0,"texture":"#0"},"down":{"uv":[3.8125,9.9375,3.625,10.1875],"tintindex":0,"rotation":0,"texture":"#0"}},"rotation":{"origin":[7.672161,6.626818,3.2387323],"angle":-22.5,"axis":"y"}},{"from":[8.041929,4.953557,-1.0409746],"to":[8.041929,8.953556,4.9590263],"faces":{"east":{"uv":[5.3125,8.8125,5.6875,9.0625],"tintindex":0,"rotation":0,"texture":"#0"},"west":{"uv":[8.8125,5.3125,9.1875,5.5625],"tintindex":0,"rotation":0,"texture":"#0"}}},{"from":[6.394174,5.136819,9.908286],"to":[9.374174,8.116818,11.888286],"faces":{"east":{"uv":[5.5625,6.125,5.6875,6.3125],"tintindex":0,"rotation":0,"texture":"#0"},"south":{"uv":[10.25,10.3125,10.4375,10.5],"tintindex":0,"rotation":0,"texture":"#0"},"north":{"uv":[10.0,10.3125,10.1875,10.5],"tintindex":0,"rotation":0,"texture":"#0"},"west":{"uv":[4.25,6.9375,4.375,7.125],"tintindex":0,"rotation":0,"texture":"#0"},"up":{"uv":[10.625,3.0625,10.4375,2.9375],"tintindex":0,"rotation":0,"texture":"#0"},"down":{"uv":[10.625,6.5625,10.4375,6.6875],"tintindex":0,"rotation":0,"texture":"#0"}}},{"from":[11.541929,4.953557,-1.0409746],"to":[11.541929,8.953556,4.9590263],"faces":{"east":{"uv":[8.875,3.5,9.25,3.75],"tintindex":0,"rotation":0,"texture":"#0"},"west":{"uv":[8.875,4.625,9.25,4.875],"tintindex":0,"rotation":0,"texture":"#0"}},"rotation":{"origin":[8.24193,6.953557,1.9590263],"angle":-22.5,"axis":"y"}},{"from":[5.384174,5.1268187,5.4982862],"to":[10.384174,9.126819,10.498286],"faces":{"east":{"uv":[9.5,7.75,9.8125,8.0],"tintindex":0,"rotation":0,"texture":"#0"},"south":{"uv":[9.5625,0.125,9.875,0.375],"tintindex":0,"rotation":0,"texture":"#0"},"north":{"uv":[6.5,9.5,6.8125,9.75],"tintindex":0,"rotation":0,"texture":"#0"},"west":{"uv":[9.5625,0.4375,9.875,0.6875],"tintindex":0,"rotation":0,"texture":"#0"},"up":{"uv":[9.0625,1.5625,8.75,1.25],"tintindex":0,"rotation":0,"texture":"#0"},"down":{"uv":[9.0625,2.4375,8.75,2.75],"tintindex":0,"rotation":0,"texture":"#0"}}},{"from":[7.884174,5.358316,11.14814],"to":[7.884174,9.358316,16.14814],"faces":{"east":{"uv":[9.4375,8.9375,9.75,9.1875],"tintindex":0,"rotation":0,"texture":"#0"},"west":{"uv":[9.4375,9.25,9.75,9.5],"tintindex":0,"rotation":0,"texture":"#0"}}},{"from":[6.452161,5.1068187,3.7187324],"to":[9.492162,8.146819,7.7587323],"faces":{"east":{"uv":[5.0625,9.9375,5.3125,10.125],"tintindex":0,"rotation":0,"texture":"#0"},"south":{"uv":[10.375,2.6875,10.5625,2.875],"tintindex":0,"rotation":0,"texture":"#0"},"north":{"uv":[2.1875,10.375,2.375,10.5625],"tintindex":0,"rotation":0,"texture":"#0"},"west":{"uv":[9.9375,5.875,10.1875,6.0625],"tintindex":0,"rotation":0,"texture":"#0"},"up":{"uv":[10.125,6.375,9.9375,6.125],"tintindex":0,"rotation":0,"texture":"#0"},"down":{"uv":[10.125,7.1875,9.9375,7.4375],"tintindex":0,"rotation":0,"texture":"#0"}}},{"from":[3.5861876,5.1168184,3.7287323],"to":[6.6061873,8.136819,7.7487326],"faces":{"east":{"uv":[8.6875,7.875,8.9375,8.0625],"tintindex":0,"rotation":0,"texture":"#0"},"south":{"uv":[10.3125,9.4375,10.5,9.625],"tintindex":0,"rotation":0,"texture":"#0"},"north":{"uv":[10.3125,9.1875,10.5,9.375],"tintindex":0,"rotation":0,"texture":"#0"},"west":{"uv":[9.9375,0.4375,10.1875,0.625],"tintindex":0,"rotation":0,"texture":"#0"},"up":{"uv":[10.125,0.9375,9.9375,0.6875],"tintindex":0,"rotation":0,"texture":"#0"},"down":{"uv":[10.125,1.0,9.9375,1.25],"tintindex":0,"rotation":0,"texture":"#0"}},"rotation":{"origin":[8.096188,6.626818,3.2387323],"angle":22.5,"axis":"y"}},{"from":[4.54193,4.953557,-1.0409746],"to":[4.54193,8.953556,4.9590263],"faces":{"east":{"uv":[7.625,8.8125,8.0,9.0625],"tintindex":0,"rotation":0,"texture":"#0"},"west":{"uv":[8.0625,8.8125,8.4375,9.0625],"tintindex":0,"rotation":0,"texture":"#0"}},"rotation":{"origin":[8.24193,6.953557,1.9590263],"angle":22.5,"axis":"y"}}],"display":{"gui":{"rotation":[30,225,0]}}}