{"textures":{"0":"modelengine:entity/nocsy_drakonin2"},"elements":[{"from":[5.0,8.111329,6.949988],"to":[11.0,15.111329,12.949987],"faces":{"east":{"uv":[4.25,7.25,4.625,7.6875],"tintindex":0,"rotation":0,"texture":"#0"},"south":{"uv":[4.6875,7.25,5.0625,7.6875],"tintindex":0,"rotation":0,"texture":"#0"},"north":{"uv":[7.0625,5.3125,7.4375,5.75],"tintindex":0,"rotation":0,"texture":"#0"},"west":{"uv":[5.125,7.25,5.5,7.6875],"tintindex":0,"rotation":0,"texture":"#0"},"up":{"uv":[5.3125,8.125,4.9375,7.75],"tintindex":0,"rotation":0,"texture":"#0"},"down":{"uv":[8.3125,7.1875,7.9375,7.5625],"tintindex":0,"rotation":0,"texture":"#0"}}},{"from":[5.01,14.245261,6.2280493],"to":[10.99,18.22526,12.208049],"faces":{"east":{"uv":[8.5625,8.75,8.9375,9.0],"tintindex":0,"rotation":0,"texture":"#0"},"south":{"uv":[0.625,8.8125,1.0,9.0625],"tintindex":0,"rotation":0,"texture":"#0"},"north":{"uv":[8.75,1.625,9.125,1.875],"tintindex":0,"rotation":0,"texture":"#0"},"west":{"uv":[1.0625,8.8125,1.4375,9.0625],"tintindex":0,"rotation":0,"texture":"#0"},"up":{"uv":[8.375,1.875,8.0,1.5],"tintindex":0,"rotation":0,"texture":"#0"},"down":{"uv":[8.375,2.5,8.0,2.875],"tintindex":0,"rotation":0,"texture":"#0"}},"rotation":{"origin":[8.0,16.51315,10.381875],"angle":-22.5,"axis":"x"}}],"display":{"gui":{"rotation":[30,225,0]}}}