{"textures":{"0":"modelengine:entity/nocsy_drakonin2"},"elements":[{"from":[4.266124,7.9525,-0.70025444],"to":[11.766125,7.9525,5.7997456],"faces":{"up":{"uv":[6.4375,1.6875,5.5,0.875],"tintindex":0,"rotation":0,"texture":"#0"},"down":{"uv":[6.4375,1.75,5.5,2.5625],"tintindex":0,"rotation":0,"texture":"#0"}}},{"from":[8.001944,7.2025,4.973771],"to":[16.501944,8.702499,6.473771],"faces":{"east":{"uv":[6.6875,10.25,6.875,10.4375],"tintindex":0,"rotation":0,"texture":"#0"},"south":{"uv":[7.0625,0.75,8.125,0.9375],"tintindex":0,"rotation":0,"texture":"#0"},"north":{"uv":[7.0625,0.5,8.125,0.6875],"tintindex":0,"rotation":0,"texture":"#0"},"west":{"uv":[6.9375,10.25,7.125,10.4375],"tintindex":0,"rotation":0,"texture":"#0"},"up":{"uv":[8.125,1.1875,7.0625,1.0],"tintindex":0,"rotation":0,"texture":"#0"},"down":{"uv":[8.125,1.25,7.0625,1.4375],"tintindex":0,"rotation":0,"texture":"#0"}},"rotation":{"origin":[8.751944,7.9525,6.723771],"angle":-22.5,"axis":"y"}},{"from":[14.81158,7.2075,10.863313],"to":[20.30158,8.6975,12.3533125],"faces":{"east":{"uv":[7.4375,10.25,7.625,10.4375],"tintindex":0,"rotation":0,"texture":"#0"},"south":{"uv":[8.125,5.8125,8.8125,6.0],"tintindex":0,"rotation":0,"texture":"#0"},"north":{"uv":[1.75,8.125,2.4375,8.3125],"tintindex":0,"rotation":0,"texture":"#0"},"west":{"uv":[10.25,8.375,10.4375,8.5625],"tintindex":0,"rotation":0,"texture":"#0"},"up":{"uv":[8.8125,6.25,8.125,6.0625],"tintindex":0,"rotation":0,"texture":"#0"},"down":{"uv":[8.8125,6.3125,8.125,6.5],"tintindex":0,"rotation":0,"texture":"#0"}},"rotation":{"origin":[19.05658,7.9525,11.608313],"angle":-45.0,"axis":"y"}},{"from":[19.162655,7.2025,11.426421],"to":[20.662655,8.702499,16.926422],"faces":{"east":{"uv":[6.375,8.125,7.0625,8.3125],"tintindex":0,"rotation":0,"texture":"#0"},"south":{"uv":[0.0,10.3125,0.1875,10.5],"tintindex":0,"rotation":0,"texture":"#0"},"north":{"uv":[9.75,10.25,9.9375,10.4375],"tintindex":0,"rotation":0,"texture":"#0"},"west":{"uv":[8.125,6.5625,8.8125,6.75],"tintindex":0,"rotation":0,"texture":"#0"},"up":{"uv":[7.3125,8.8125,7.125,8.125],"tintindex":0,"rotation":0,"texture":"#0"},"down":{"uv":[7.5625,8.125,7.375,8.8125],"tintindex":0,"rotation":0,"texture":"#0"}},"rotation":{"origin":[21.912655,7.9525,12.176421],"angle":22.5,"axis":"y"}},{"from":[8.001944,8.002501,4.973771],"to":[24.001944,8.1025,25.473772],"faces":{"east":{"uv":[7.75,7.0625,10.3125,7.125],"tintindex":0,"rotation":0,"texture":"#0"},"south":{"uv":[8.1875,0.0,10.1875,0.0625],"tintindex":0,"rotation":0,"texture":"#0"},"north":{"uv":[7.625,8.125,9.625,8.1875],"tintindex":0,"rotation":0,"texture":"#0"},"west":{"uv":[7.8125,3.0,10.375,3.0625],"tintindex":0,"rotation":0,"texture":"#0"},"up":{"uv":[2.0,5.1875,0.0,2.625],"tintindex":0,"rotation":0,"texture":"#0"},"down":{"uv":[4.0625,2.625,2.0625,5.1875],"tintindex":0,"rotation":0,"texture":"#0"}}},{"from":[6.766124,6.7025,3.799746],"to":[9.266124,9.202499,5.7997456],"faces":{"east":{"uv":[8.625,9.375,8.875,9.6875],"tintindex":0,"rotation":0,"texture":"#0"},"south":{"uv":[8.75,0.875,9.0625,1.1875],"tintindex":0,"rotation":0,"texture":"#0"},"north":{"uv":[8.75,0.5,9.0625,0.8125],"tintindex":0,"rotation":0,"texture":"#0"},"west":{"uv":[3.0,9.4375,3.25,9.75],"tintindex":0,"rotation":0,"texture":"#0"},"up":{"uv":[9.75,4.0625,9.4375,3.8125],"tintindex":0,"rotation":0,"texture":"#0"},"down":{"uv":[4.4375,9.4375,4.125,9.6875],"tintindex":0,"rotation":0,"texture":"#0"}}}],"display":{"gui":{"rotation":[30,225,0]}}}