{"textures":{"0":"modelengine:entity/nocsy_drakonin2"},"elements":[{"from":[4.4580703,4.953557,-1.0409746],"to":[4.4580703,8.953557,4.959026],"faces":{"east":{"uv":[9.125,0.4375,9.5,0.6875],"tintindex":0,"rotation":0,"texture":"#0"},"west":{"uv":[9.125,0.75,9.5,1.0],"tintindex":0,"rotation":0,"texture":"#0"}},"rotation":{"origin":[7.7580705,6.9535565,1.9590254],"angle":22.5,"axis":"y"}},{"from":[8.115826,5.3583155,11.14814],"to":[8.115826,9.358315,16.14814],"faces":{"east":{"uv":[3.3125,9.5625,3.625,9.8125],"tintindex":0,"rotation":0,"texture":"#0"},"west":{"uv":[9.5625,6.0,9.875,6.25],"tintindex":0,"rotation":0,"texture":"#0"}}},{"from":[3.8178394,5.1168184,3.7287323],"to":[6.837839,8.136819,7.7487326],"faces":{"east":{"uv":[10.0625,9.8125,10.3125,10.0],"tintindex":0,"rotation":0,"texture":"#0"},"south":{"uv":[0.5,10.4375,0.6875,10.625],"tintindex":0,"rotation":0,"texture":"#0"},"north":{"uv":[0.25,10.4375,0.4375,10.625],"tintindex":0,"rotation":0,"texture":"#0"},"west":{"uv":[10.0625,10.0625,10.3125,10.25],"tintindex":0,"rotation":0,"texture":"#0"},"up":{"uv":[10.3125,1.8125,10.125,1.5625],"tintindex":0,"rotation":0,"texture":"#0"},"down":{"uv":[10.3125,2.6875,10.125,2.9375],"tintindex":0,"rotation":0,"texture":"#0"}},"rotation":{"origin":[8.327839,6.626818,3.2387323],"angle":22.5,"axis":"y"}},{"from":[9.393813,5.1168184,3.7287323],"to":[12.413813,8.136819,7.7487326],"faces":{"east":{"uv":[10.0625,4.625,10.3125,4.8125],"tintindex":0,"rotation":0,"texture":"#0"},"south":{"uv":[10.375,9.6875,10.5625,9.875],"tintindex":0,"rotation":0,"texture":"#0"},"north":{"uv":[9.375,10.375,9.5625,10.5625],"tintindex":0,"rotation":0,"texture":"#0"},"west":{"uv":[10.0625,8.9375,10.3125,9.125],"tintindex":0,"rotation":0,"texture":"#0"},"up":{"uv":[10.25,9.4375,10.0625,9.1875],"tintindex":0,"rotation":0,"texture":"#0"},"down":{"uv":[10.25,9.5,10.0625,9.75],"tintindex":0,"rotation":0,"texture":"#0"}},"rotation":{"origin":[7.9038134,6.626818,3.2387323],"angle":-22.5,"axis":"y"}},{"from":[6.6258264,5.136819,9.908286],"to":[9.605826,8.116818,11.888286],"faces":{"east":{"uv":[5.375,7.75,5.5,7.9375],"tintindex":0,"rotation":0,"texture":"#0"},"south":{"uv":[10.4375,0.0,10.625,0.1875],"tintindex":0,"rotation":0,"texture":"#0"},"north":{"uv":[10.375,9.9375,10.5625,10.125],"tintindex":0,"rotation":0,"texture":"#0"},"west":{"uv":[4.5625,8.5,4.6875,8.6875],"tintindex":0,"rotation":0,"texture":"#0"},"up":{"uv":[9.3125,10.5625,9.125,10.4375],"tintindex":0,"rotation":0,"texture":"#0"},"down":{"uv":[10.6875,0.4375,10.5,0.5625],"tintindex":0,"rotation":0,"texture":"#0"}}},{"from":[5.615826,5.1268187,5.498286],"to":[10.615827,9.126819,10.498285],"faces":{"east":{"uv":[9.5625,7.1875,9.875,7.4375],"tintindex":0,"rotation":0,"texture":"#0"},"south":{"uv":[9.4375,9.5625,9.75,9.8125],"tintindex":0,"rotation":0,"texture":"#0"},"north":{"uv":[9.5625,6.3125,9.875,6.5625],"tintindex":0,"rotation":0,"texture":"#0"},"west":{"uv":[3.6875,9.625,4.0,9.875],"tintindex":0,"rotation":0,"texture":"#0"},"up":{"uv":[4.1875,9.0625,3.875,8.75],"tintindex":0,"rotation":0,"texture":"#0"},"down":{"uv":[9.0625,4.0,8.75,4.3125],"tintindex":0,"rotation":0,"texture":"#0"}}},{"from":[7.9580703,4.953557,-1.0409746],"to":[7.9580703,8.953557,4.959026],"faces":{"east":{"uv":[9.0625,7.75,9.4375,8.0],"tintindex":0,"rotation":0,"texture":"#0"},"west":{"uv":[8.5,9.0625,8.875,9.3125],"tintindex":0,"rotation":0,"texture":"#0"}}},{"from":[11.458071,4.953557,-1.0409746],"to":[11.458071,8.953557,4.959026],"faces":{"east":{"uv":[9.125,0.125,9.5,0.375],"tintindex":0,"rotation":0,"texture":"#0"},"west":{"uv":[0.4375,9.125,0.8125,9.375],"tintindex":0,"rotation":0,"texture":"#0"}},"rotation":{"origin":[7.7580705,6.9535565,1.9590254],"angle":-22.5,"axis":"y"}},{"from":[6.507839,5.1068187,3.7187324],"to":[9.54784,8.146819,7.7587323],"faces":{"east":{"uv":[7.8125,10.125,8.0625,10.3125],"tintindex":0,"rotation":0,"texture":"#0"},"south":{"uv":[10.4375,0.9375,10.625,1.125],"tintindex":0,"rotation":0,"texture":"#0"},"north":{"uv":[10.4375,0.6875,10.625,0.875],"tintindex":0,"rotation":0,"texture":"#0"},"west":{"uv":[8.125,10.125,8.375,10.3125],"tintindex":0,"rotation":0,"texture":"#0"},"up":{"uv":[6.375,10.375,6.1875,10.125],"tintindex":0,"rotation":0,"texture":"#0"},"down":{"uv":[9.0625,10.125,8.875,10.375],"tintindex":0,"rotation":0,"texture":"#0"}}}],"display":{"gui":{"rotation":[30,225,0]}}}