{"textures":{"0":"modelengine:entity/nocsy_drakonin2"},"elements":[{"from":[6.0,3.3600554,5.889879],"to":[9.0,9.360056,9.889879],"faces":{"east":{"uv":[2.8125,9.0,3.0625,9.375],"tintindex":0,"rotation":0,"texture":"#0"},"south":{"uv":[9.8125,8.9375,10.0,9.3125],"tintindex":0,"rotation":0,"texture":"#0"},"north":{"uv":[6.9375,9.8125,7.125,10.1875],"tintindex":0,"rotation":0,"texture":"#0"},"west":{"uv":[4.25,9.0,4.5,9.375],"tintindex":0,"rotation":0,"texture":"#0"},"up":{"uv":[10.25,3.375,10.0625,3.125],"tintindex":0,"rotation":0,"texture":"#0"},"down":{"uv":[10.25,3.4375,10.0625,3.6875],"tintindex":0,"rotation":0,"texture":"#0"}},"rotation":{"origin":[8.5,9.160055,7.28988],"angle":22.5,"axis":"x"}}],"display":{"gui":{"rotation":[30,225,0]}}}