{"textures":{"0":"modelengine:entity/nocsy_drakonin2"},"elements":[{"from":[3.817839,5.1168184,3.7287323],"to":[6.837839,8.136819,7.7487326],"faces":{"east":{"uv":[7.5,10.0,7.75,10.1875],"tintindex":0,"rotation":0,"texture":"#0"},"south":{"uv":[7.9375,10.375,8.125,10.5625],"tintindex":0,"rotation":0,"texture":"#0"},"north":{"uv":[7.6875,10.375,7.875,10.5625],"tintindex":0,"rotation":0,"texture":"#0"},"west":{"uv":[10.0,7.5,10.25,7.6875],"tintindex":0,"rotation":0,"texture":"#0"},"up":{"uv":[6.125,10.25,5.9375,10.0],"tintindex":0,"rotation":0,"texture":"#0"},"down":{"uv":[10.1875,8.375,10.0,8.625],"tintindex":0,"rotation":0,"texture":"#0"}},"rotation":{"origin":[8.327839,6.626818,3.2387323],"angle":22.5,"axis":"y"}},{"from":[9.393812,5.1168184,3.7287323],"to":[12.413813,8.136819,7.7487326],"faces":{"east":{"uv":[1.0,10.0,1.25,10.1875],"tintindex":0,"rotation":0,"texture":"#0"},"south":{"uv":[10.375,4.375,10.5625,4.5625],"tintindex":0,"rotation":0,"texture":"#0"},"north":{"uv":[2.75,10.375,2.9375,10.5625],"tintindex":0,"rotation":0,"texture":"#0"},"west":{"uv":[4.3125,10.0,4.5625,10.1875],"tintindex":0,"rotation":0,"texture":"#0"},"up":{"uv":[10.1875,5.5625,10.0,5.3125],"tintindex":0,"rotation":0,"texture":"#0"},"down":{"uv":[5.875,10.0,5.6875,10.25],"tintindex":0,"rotation":0,"texture":"#0"}},"rotation":{"origin":[7.903813,6.626818,3.2387323],"angle":-22.5,"axis":"y"}},{"from":[6.625826,5.136819,9.908286],"to":[9.605825,8.116818,11.888286],"faces":{"east":{"uv":[4.0625,7.5,4.1875,7.6875],"tintindex":0,"rotation":0,"texture":"#0"},"south":{"uv":[10.375,6.9375,10.5625,7.125],"tintindex":0,"rotation":0,"texture":"#0"},"north":{"uv":[10.375,4.625,10.5625,4.8125],"tintindex":0,"rotation":0,"texture":"#0"},"west":{"uv":[6.4375,7.5,6.5625,7.6875],"tintindex":0,"rotation":0,"texture":"#0"},"up":{"uv":[8.8125,10.5625,8.625,10.4375],"tintindex":0,"rotation":0,"texture":"#0"},"down":{"uv":[9.0625,10.4375,8.875,10.5625],"tintindex":0,"rotation":0,"texture":"#0"}}},{"from":[8.115826,5.358316,11.14814],"to":[8.115826,9.358316,16.14814],"faces":{"east":{"uv":[0.625,9.5625,0.9375,9.8125],"tintindex":0,"rotation":0,"texture":"#0"},"west":{"uv":[9.5625,0.75,9.875,1.0],"tintindex":0,"rotation":0,"texture":"#0"}}},{"from":[6.5078387,5.1068187,3.7187324],"to":[9.54784,8.146819,7.7587323],"faces":{"east":{"uv":[10.0,8.6875,10.25,8.875],"tintindex":0,"rotation":0,"texture":"#0"},"south":{"uv":[10.375,8.875,10.5625,9.0625],"tintindex":0,"rotation":0,"texture":"#0"},"north":{"uv":[8.1875,10.375,8.375,10.5625],"tintindex":0,"rotation":0,"texture":"#0"},"west":{"uv":[10.0625,1.3125,10.3125,1.5],"tintindex":0,"rotation":0,"texture":"#0"},"up":{"uv":[2.375,10.3125,2.1875,10.0625],"tintindex":0,"rotation":0,"texture":"#0"},"down":{"uv":[3.0625,10.0625,2.875,10.3125],"tintindex":0,"rotation":0,"texture":"#0"}}},{"from":[5.6158257,5.1268187,5.4982862],"to":[10.615826,9.126819,10.498286],"faces":{"east":{"uv":[9.5625,1.875,9.875,2.125],"tintindex":0,"rotation":0,"texture":"#0"},"south":{"uv":[9.5625,2.1875,9.875,2.4375],"tintindex":0,"rotation":0,"texture":"#0"},"north":{"uv":[9.5625,1.0625,9.875,1.3125],"tintindex":0,"rotation":0,"texture":"#0"},"west":{"uv":[9.5625,2.5,9.875,2.75],"tintindex":0,"rotation":0,"texture":"#0"},"up":{"uv":[3.4375,9.0625,3.125,8.75],"tintindex":0,"rotation":0,"texture":"#0"},"down":{"uv":[3.8125,8.75,3.5,9.0625],"tintindex":0,"rotation":0,"texture":"#0"}}},{"from":[4.4580703,4.953557,-1.0409746],"to":[4.4580703,8.953556,4.9590263],"faces":{"east":{"uv":[9.0,8.5625,9.375,8.8125],"tintindex":0,"rotation":0,"texture":"#0"},"west":{"uv":[9.0,8.875,9.375,9.125],"tintindex":0,"rotation":0,"texture":"#0"}},"rotation":{"origin":[7.75807,6.953557,1.9590263],"angle":22.5,"axis":"y"}},{"from":[7.9580703,4.953557,-1.0409746],"to":[7.9580703,8.953556,4.9590263],"faces":{"east":{"uv":[8.875,6.5,9.25,6.75],"tintindex":0,"rotation":0,"texture":"#0"},"west":{"uv":[8.875,8.25,9.25,8.5],"tintindex":0,"rotation":0,"texture":"#0"}}},{"from":[11.45807,4.953557,-1.0409746],"to":[11.45807,8.953556,4.9590263],"faces":{"east":{"uv":[0.0,8.9375,0.375,9.1875],"tintindex":0,"rotation":0,"texture":"#0"},"west":{"uv":[2.375,9.0,2.75,9.25],"tintindex":0,"rotation":0,"texture":"#0"}},"rotation":{"origin":[7.75807,6.953557,1.9590263],"angle":-22.5,"axis":"y"}}],"display":{"gui":{"rotation":[30,225,0]}}}