{"textures":{"0":"modelengine:entity/nocsy_drakonin2"},"elements":[{"from":[6.0,3.360055,5.889879],"to":[9.0,9.360056,9.889879],"faces":{"east":{"uv":[7.0625,8.875,7.3125,9.25],"tintindex":0,"rotation":0,"texture":"#0"},"south":{"uv":[6.6875,9.8125,6.875,10.1875],"tintindex":0,"rotation":0,"texture":"#0"},"north":{"uv":[6.4375,9.8125,6.625,10.1875],"tintindex":0,"rotation":0,"texture":"#0"},"west":{"uv":[8.875,7.1875,9.125,7.5625],"tintindex":0,"rotation":0,"texture":"#0"},"up":{"uv":[10.125,8.3125,9.9375,8.0625],"tintindex":0,"rotation":0,"texture":"#0"},"down":{"uv":[0.1875,10.0,0.0,10.25],"tintindex":0,"rotation":0,"texture":"#0"}},"rotation":{"origin":[8.5,9.160055,7.2898793],"angle":22.5,"axis":"x"}}],"display":{"gui":{"rotation":[30,225,0]}}}