{"textures":{"0":"modelengine:entity/nocsy_drakonin2"},"elements":[{"from":[4.5,1.7750573,5.8549156],"to":[11.5,8.775057,10.854915],"faces":{"east":{"uv":[2.625,8.0,2.9375,8.4375],"tintindex":0,"rotation":0,"texture":"#0"},"south":{"uv":[7.0625,4.8125,7.5,5.25],"tintindex":0,"rotation":0,"texture":"#0"},"north":{"uv":[7.0625,2.5,7.5,2.9375],"tintindex":0,"rotation":0,"texture":"#0"},"west":{"uv":[3.0,8.0,3.3125,8.4375],"tintindex":0,"rotation":0,"texture":"#0"},"up":{"uv":[3.8125,8.3125,3.375,8.0],"tintindex":0,"rotation":0,"texture":"#0"},"down":{"uv":[4.3125,8.0,3.875,8.3125],"tintindex":0,"rotation":0,"texture":"#0"}},"rotation":{"origin":[6.5,4.3819013,15.059337],"angle":22.5,"axis":"x"}}],"display":{"gui":{"rotation":[30,225,0]}}}