{"textures":{"0":"modelengine:entity/nocsy_drakonin2"},"elements":[{"from":[6.2,6.7390833,14.529315],"to":[8.8,10.339084,17.129313],"faces":{"east":{"uv":[10.1875,7.1875,10.375,7.4375],"tintindex":0,"rotation":0,"texture":"#0"},"south":{"uv":[10.1875,7.75,10.375,8.0],"tintindex":0,"rotation":0,"texture":"#0"},"north":{"uv":[7.1875,10.1875,7.375,10.4375],"tintindex":0,"rotation":0,"texture":"#0"},"west":{"uv":[10.1875,8.0625,10.375,8.3125],"tintindex":0,"rotation":0,"texture":"#0"},"up":{"uv":[10.625,7.9375,10.4375,7.75],"tintindex":0,"rotation":0,"texture":"#0"},"down":{"uv":[10.625,8.0,10.4375,8.1875],"tintindex":0,"rotation":0,"texture":"#0"}},"rotation":{"origin":[7.5,7.921784,15.5204525],"angle":-22.5,"axis":"x"}},{"from":[10.4,6.8504305,8.54854],"to":[14.4,6.8504305,16.54854],"faces":{"up":{"uv":[8.1875,8.75,7.9375,8.25],"tintindex":0,"rotation":0,"texture":"#0"},"down":{"uv":[8.5,8.25,8.25,8.75],"tintindex":0,"rotation":0,"texture":"#0"}},"rotation":{"origin":[12.0,9.55043,6.54854],"angle":-22.5,"axis":"z"}},{"from":[6.0,6.2650437,12.133898],"to":[9.0,10.265043,15.133898],"faces":{"east":{"uv":[5.125,10.1875,5.3125,10.4375],"tintindex":0,"rotation":0,"texture":"#0"},"south":{"uv":[10.1875,6.125,10.375,6.375],"tintindex":0,"rotation":0,"texture":"#0"},"north":{"uv":[4.875,10.1875,5.0625,10.4375],"tintindex":0,"rotation":0,"texture":"#0"},"west":{"uv":[10.1875,6.4375,10.375,6.6875],"tintindex":0,"rotation":0,"texture":"#0"},"up":{"uv":[10.625,6.5,10.4375,6.3125],"tintindex":0,"rotation":0,"texture":"#0"},"down":{"uv":[10.625,7.1875,10.4375,7.375],"tintindex":0,"rotation":0,"texture":"#0"}}},{"from":[5.5,5.7650437,6.133898],"to":[9.5,10.765043,12.133898],"faces":{"east":{"uv":[3.375,8.375,3.75,8.6875],"tintindex":0,"rotation":0,"texture":"#0"},"south":{"uv":[7.5625,9.625,7.8125,9.9375],"tintindex":0,"rotation":0,"texture":"#0"},"north":{"uv":[4.5,9.625,4.75,9.9375],"tintindex":0,"rotation":0,"texture":"#0"},"west":{"uv":[3.8125,8.375,4.1875,8.6875],"tintindex":0,"rotation":0,"texture":"#0"},"up":{"uv":[3.8125,9.5,3.5625,9.125],"tintindex":0,"rotation":0,"texture":"#0"},"down":{"uv":[9.375,3.8125,9.125,4.1875],"tintindex":0,"rotation":0,"texture":"#0"}}},{"from":[0.5999999,6.8504305,8.54854],"to":[4.6,6.8504305,16.54854],"faces":{"up":{"uv":[0.25,8.875,0.0,8.375],"tintindex":0,"rotation":0,"texture":"#0"},"down":{"uv":[0.5625,8.375,0.3125,8.875],"tintindex":0,"rotation":0,"texture":"#0"}},"rotation":{"origin":[3.0,9.55043,6.54854],"angle":22.5,"axis":"z"}},{"from":[7.5,1.8390837,15.129314],"to":[7.5,17.839085,30.129316],"faces":{"east":{"uv":[2.75,5.25,3.6875,6.25],"tintindex":0,"rotation":0,"texture":"#0"},"west":{"uv":[3.75,5.25,4.6875,6.25],"tintindex":0,"rotation":0,"texture":"#0"}},"rotation":{"origin":[8.0,7.921784,15.5204525],"angle":-22.5,"axis":"x"}}],"display":{"gui":{"rotation":[30,225,0]}}}