{"overrides":[{"predicate":{"custom_model_data":1},"model":"modelengine:nocsy_drakonin/body"},{"predicate":{"custom_model_data":2},"model":"modelengine:nocsy_drakonin/left_backleg"},{"predicate":{"custom_model_data":3},"model":"modelengine:nocsy_drakonin/left_leg"},{"predicate":{"custom_model_data":4},"model":"modelengine:nocsy_drakonin/right_wing"},{"predicate":{"custom_model_data":5},"model":"modelengine:nocsy_drakonin/right_leg"},{"predicate":{"custom_model_data":6},"model":"modelengine:nocsy_drakonin/left_wing"},{"predicate":{"custom_model_data":7},"model":"modelengine:nocsy_drakonin/tail_1"},{"predicate":{"custom_model_data":8},"model":"modelengine:nocsy_drakonin/right_backleg"},{"predicate":{"custom_model_data":9},"model":"modelengine:nocsy_drakonin/neck"},{"predicate":{"custom_model_data":10},"model":"modelengine:nocsy_drakonin/left_backtibia"},{"predicate":{"custom_model_data":11},"model":"modelengine:nocsy_drakonin/left_tibia"},{"predicate":{"custom_model_data":12},"model":"modelengine:nocsy_drakonin/right_wing_end"},{"predicate":{"custom_model_data":13},"model":"modelengine:nocsy_drakonin/right_tibia"},{"predicate":{"custom_model_data":14},"model":"modelengine:nocsy_drakonin/left_wing_end"},{"predicate":{"custom_model_data":15},"model":"modelengine:nocsy_drakonin/tail_2"},{"predicate":{"custom_model_data":16},"model":"modelengine:nocsy_drakonin/right_backtibia"},{"predicate":{"custom_model_data":17},"model":"modelengine:nocsy_drakonin/head"},{"predicate":{"custom_model_data":18},"model":"modelengine:nocsy_drakonin/left_backfoot"},{"predicate":{"custom_model_data":19},"model":"modelengine:nocsy_drakonin/left_foot"},{"predicate":{"custom_model_data":20},"model":"modelengine:nocsy_drakonin/right_foot"},{"predicate":{"custom_model_data":21},"model":"modelengine:nocsy_drakonin/tail_3"},{"predicate":{"custom_model_data":22},"model":"modelengine:nocsy_drakonin/right_backfoot"},{"predicate":{"custom_model_data":23},"model":"modelengine:nocsy_drakonin/horn_right"},{"predicate":{"custom_model_data":24},"model":"modelengine:nocsy_drakonin/horn_left"},{"predicate":{"custom_model_data":25},"model":"modelengine:nocsy_drakonin2/body"},{"predicate":{"custom_model_data":26},"model":"modelengine:nocsy_drakonin2/left_backleg"},{"predicate":{"custom_model_data":27},"model":"modelengine:nocsy_drakonin2/left_leg"},{"predicate":{"custom_model_data":28},"model":"modelengine:nocsy_drakonin2/right_wing"},{"predicate":{"custom_model_data":29},"model":"modelengine:nocsy_drakonin2/right_leg"},{"predicate":{"custom_model_data":30},"model":"modelengine:nocsy_drakonin2/left_wing"},{"predicate":{"custom_model_data":31},"model":"modelengine:nocsy_drakonin2/tail_1"},{"predicate":{"custom_model_data":32},"model":"modelengine:nocsy_drakonin2/right_backleg"},{"predicate":{"custom_model_data":33},"model":"modelengine:nocsy_drakonin2/neck"},{"predicate":{"custom_model_data":34},"model":"modelengine:nocsy_drakonin2/left_backtibia"},{"predicate":{"custom_model_data":35},"model":"modelengine:nocsy_drakonin2/left_tibia"},{"predicate":{"custom_model_data":36},"model":"modelengine:nocsy_drakonin2/right_wing_end"},{"predicate":{"custom_model_data":37},"model":"modelengine:nocsy_drakonin2/right_tibia"},{"predicate":{"custom_model_data":38},"model":"modelengine:nocsy_drakonin2/left_wing_end"},{"predicate":{"custom_model_data":39},"model":"modelengine:nocsy_drakonin2/tail_2"},{"predicate":{"custom_model_data":40},"model":"modelengine:nocsy_drakonin2/right_backtibia"},{"predicate":{"custom_model_data":41},"model":"modelengine:nocsy_drakonin2/head"},{"predicate":{"custom_model_data":42},"model":"modelengine:nocsy_drakonin2/left_backfoot"},{"predicate":{"custom_model_data":43},"model":"modelengine:nocsy_drakonin2/left_foot"},{"predicate":{"custom_model_data":44},"model":"modelengine:nocsy_drakonin2/right_foot"},{"predicate":{"custom_model_data":45},"model":"modelengine:nocsy_drakonin2/tail_3"},{"predicate":{"custom_model_data":46},"model":"modelengine:nocsy_drakonin2/right_backfoot"},{"predicate":{"custom_model_data":47},"model":"modelengine:nocsy_drakonin2/horn_right"},{"predicate":{"custom_model_data":48},"model":"modelengine:nocsy_drakonin2/horn_left"},{"predicate":{"custom_model_data":49},"model":"modelengine:nocsy_drakonin5/body"},{"predicate":{"custom_model_data":50},"model":"modelengine:nocsy_drakonin5/left_backleg"},{"predicate":{"custom_model_data":51},"model":"modelengine:nocsy_drakonin5/left_leg"},{"predicate":{"custom_model_data":52},"model":"modelengine:nocsy_drakonin5/right_wing"},{"predicate":{"custom_model_data":53},"model":"modelengine:nocsy_drakonin5/right_leg"},{"predicate":{"custom_model_data":54},"model":"modelengine:nocsy_drakonin5/left_wing"},{"predicate":{"custom_model_data":55},"model":"modelengine:nocsy_drakonin5/tail_1"},{"predicate":{"custom_model_data":56},"model":"modelengine:nocsy_drakonin5/right_backleg"},{"predicate":{"custom_model_data":57},"model":"modelengine:nocsy_drakonin5/neck"},{"predicate":{"custom_model_data":58},"model":"modelengine:nocsy_drakonin5/left_backtibia"},{"predicate":{"custom_model_data":59},"model":"modelengine:nocsy_drakonin5/left_tibia"},{"predicate":{"custom_model_data":60},"model":"modelengine:nocsy_drakonin5/right_wing_end"},{"predicate":{"custom_model_data":61},"model":"modelengine:nocsy_drakonin5/right_tibia"},{"predicate":{"custom_model_data":62},"model":"modelengine:nocsy_drakonin5/left_wing_end"},{"predicate":{"custom_model_data":63},"model":"modelengine:nocsy_drakonin5/tail_2"},{"predicate":{"custom_model_data":64},"model":"modelengine:nocsy_drakonin5/right_backtibia"},{"predicate":{"custom_model_data":65},"model":"modelengine:nocsy_drakonin5/head"},{"predicate":{"custom_model_data":66},"model":"modelengine:nocsy_drakonin5/left_backfoot"},{"predicate":{"custom_model_data":67},"model":"modelengine:nocsy_drakonin5/left_foot"},{"predicate":{"custom_model_data":68},"model":"modelengine:nocsy_drakonin5/right_foot"},{"predicate":{"custom_model_data":69},"model":"modelengine:nocsy_drakonin5/tail_3"},{"predicate":{"custom_model_data":70},"model":"modelengine:nocsy_drakonin5/right_backfoot"},{"predicate":{"custom_model_data":71},"model":"modelengine:nocsy_drakonin5/horn_right"},{"predicate":{"custom_model_data":72},"model":"modelengine:nocsy_drakonin5/horn_left"},{"predicate":{"custom_model_data":73},"model":"modelengine:nocsy_drakonin7/body"},{"predicate":{"custom_model_data":74},"model":"modelengine:nocsy_drakonin7/left_backleg"},{"predicate":{"custom_model_data":75},"model":"modelengine:nocsy_drakonin7/left_leg"},{"predicate":{"custom_model_data":76},"model":"modelengine:nocsy_drakonin7/right_wing"},{"predicate":{"custom_model_data":77},"model":"modelengine:nocsy_drakonin7/right_leg"},{"predicate":{"custom_model_data":78},"model":"modelengine:nocsy_drakonin7/left_wing"},{"predicate":{"custom_model_data":79},"model":"modelengine:nocsy_drakonin7/tail_1"},{"predicate":{"custom_model_data":80},"model":"modelengine:nocsy_drakonin7/right_backleg"},{"predicate":{"custom_model_data":81},"model":"modelengine:nocsy_drakonin7/neck"},{"predicate":{"custom_model_data":82},"model":"modelengine:nocsy_drakonin7/left_backtibia"},{"predicate":{"custom_model_data":83},"model":"modelengine:nocsy_drakonin7/left_tibia"},{"predicate":{"custom_model_data":84},"model":"modelengine:nocsy_drakonin7/right_wing_end"},{"predicate":{"custom_model_data":85},"model":"modelengine:nocsy_drakonin7/right_tibia"},{"predicate":{"custom_model_data":86},"model":"modelengine:nocsy_drakonin7/left_wing_end"},{"predicate":{"custom_model_data":87},"model":"modelengine:nocsy_drakonin7/tail_2"},{"predicate":{"custom_model_data":88},"model":"modelengine:nocsy_drakonin7/right_backtibia"},{"predicate":{"custom_model_data":89},"model":"modelengine:nocsy_drakonin7/head"},{"predicate":{"custom_model_data":90},"model":"modelengine:nocsy_drakonin7/left_backfoot"},{"predicate":{"custom_model_data":91},"model":"modelengine:nocsy_drakonin7/left_foot"},{"predicate":{"custom_model_data":92},"model":"modelengine:nocsy_drakonin7/right_foot"},{"predicate":{"custom_model_data":93},"model":"modelengine:nocsy_drakonin7/tail_3"},{"predicate":{"custom_model_data":94},"model":"modelengine:nocsy_drakonin7/right_backfoot"},{"predicate":{"custom_model_data":95},"model":"modelengine:nocsy_drakonin7/horn_right"},{"predicate":{"custom_model_data":96},"model":"modelengine:nocsy_drakonin7/horn_left"},{"predicate":{"custom_model_data":97},"model":"modelengine:nocsy_drakonin_baby/body"},{"predicate":{"custom_model_data":98},"model":"modelengine:nocsy_drakonin_baby/left_backleg"},{"predicate":{"custom_model_data":99},"model":"modelengine:nocsy_drakonin_baby/left_leg"},{"predicate":{"custom_model_data":100},"model":"modelengine:nocsy_drakonin_baby/right_wing"},{"predicate":{"custom_model_data":101},"model":"modelengine:nocsy_drakonin_baby/right_leg"},{"predicate":{"custom_model_data":102},"model":"modelengine:nocsy_drakonin_baby/left_wing"},{"predicate":{"custom_model_data":103},"model":"modelengine:nocsy_drakonin_baby/tail"},{"predicate":{"custom_model_data":104},"model":"modelengine:nocsy_drakonin_baby/right_backleg"},{"predicate":{"custom_model_data":105},"model":"modelengine:nocsy_drakonin_baby/neck"},{"predicate":{"custom_model_data":106},"model":"modelengine:nocsy_drakonin_baby/left_backtibia"},{"predicate":{"custom_model_data":107},"model":"modelengine:nocsy_drakonin_baby/left_tibia"},{"predicate":{"custom_model_data":108},"model":"modelengine:nocsy_drakonin_baby/right_wing_end"},{"predicate":{"custom_model_data":109},"model":"modelengine:nocsy_drakonin_baby/right_tibia"},{"predicate":{"custom_model_data":110},"model":"modelengine:nocsy_drakonin_baby/left_wing_end"},{"predicate":{"custom_model_data":111},"model":"modelengine:nocsy_drakonin_baby/right_backtibia"},{"predicate":{"custom_model_data":112},"model":"modelengine:nocsy_drakonin_baby/head"},{"predicate":{"custom_model_data":113},"model":"modelengine:nocsy_drakonin_baby/left_backfoot"},{"predicate":{"custom_model_data":114},"model":"modelengine:nocsy_drakonin_baby/left_foot"},{"predicate":{"custom_model_data":115},"model":"modelengine:nocsy_drakonin_baby/right_foot"},{"predicate":{"custom_model_data":116},"model":"modelengine:nocsy_drakonin_baby/right_backfoot"},{"predicate":{"custom_model_data":117},"model":"modelengine:nocsy_drakonin_baby/horn_right"},{"predicate":{"custom_model_data":118},"model":"modelengine:nocsy_drakonin_baby/horn_left"},{"predicate":{"custom_model_data":119},"model":"modelengine:nocsy_drakonin_baby2/body"},{"predicate":{"custom_model_data":120},"model":"modelengine:nocsy_drakonin_baby2/left_backleg"},{"predicate":{"custom_model_data":121},"model":"modelengine:nocsy_drakonin_baby2/left_leg"},{"predicate":{"custom_model_data":122},"model":"modelengine:nocsy_drakonin_baby2/right_wing"},{"predicate":{"custom_model_data":123},"model":"modelengine:nocsy_drakonin_baby2/right_leg"},{"predicate":{"custom_model_data":124},"model":"modelengine:nocsy_drakonin_baby2/left_wing"},{"predicate":{"custom_model_data":125},"model":"modelengine:nocsy_drakonin_baby2/tail"},{"predicate":{"custom_model_data":126},"model":"modelengine:nocsy_drakonin_baby2/right_backleg"},{"predicate":{"custom_model_data":127},"model":"modelengine:nocsy_drakonin_baby2/neck"},{"predicate":{"custom_model_data":128},"model":"modelengine:nocsy_drakonin_baby2/left_backtibia"},{"predicate":{"custom_model_data":129},"model":"modelengine:nocsy_drakonin_baby2/left_tibia"},{"predicate":{"custom_model_data":130},"model":"modelengine:nocsy_drakonin_baby2/right_wing_end"},{"predicate":{"custom_model_data":131},"model":"modelengine:nocsy_drakonin_baby2/right_tibia"},{"predicate":{"custom_model_data":132},"model":"modelengine:nocsy_drakonin_baby2/left_wing_end"},{"predicate":{"custom_model_data":133},"model":"modelengine:nocsy_drakonin_baby2/right_backtibia"},{"predicate":{"custom_model_data":134},"model":"modelengine:nocsy_drakonin_baby2/head"},{"predicate":{"custom_model_data":135},"model":"modelengine:nocsy_drakonin_baby2/left_backfoot"},{"predicate":{"custom_model_data":136},"model":"modelengine:nocsy_drakonin_baby2/left_foot"},{"predicate":{"custom_model_data":137},"model":"modelengine:nocsy_drakonin_baby2/right_foot"},{"predicate":{"custom_model_data":138},"model":"modelengine:nocsy_drakonin_baby2/right_backfoot"},{"predicate":{"custom_model_data":139},"model":"modelengine:nocsy_drakonin_baby2/horn_right"},{"predicate":{"custom_model_data":140},"model":"modelengine:nocsy_drakonin_baby2/horn_left"},{"predicate":{"custom_model_data":141},"model":"modelengine:nocsy_drakonin_baby5/body"},{"predicate":{"custom_model_data":142},"model":"modelengine:nocsy_drakonin_baby5/left_backleg"},{"predicate":{"custom_model_data":143},"model":"modelengine:nocsy_drakonin_baby5/left_leg"},{"predicate":{"custom_model_data":144},"model":"modelengine:nocsy_drakonin_baby5/right_wing"},{"predicate":{"custom_model_data":145},"model":"modelengine:nocsy_drakonin_baby5/right_leg"},{"predicate":{"custom_model_data":146},"model":"modelengine:nocsy_drakonin_baby5/left_wing"},{"predicate":{"custom_model_data":147},"model":"modelengine:nocsy_drakonin_baby5/tail"},{"predicate":{"custom_model_data":148},"model":"modelengine:nocsy_drakonin_baby5/right_backleg"},{"predicate":{"custom_model_data":149},"model":"modelengine:nocsy_drakonin_baby5/neck"},{"predicate":{"custom_model_data":150},"model":"modelengine:nocsy_drakonin_baby5/left_backtibia"},{"predicate":{"custom_model_data":151},"model":"modelengine:nocsy_drakonin_baby5/left_tibia"},{"predicate":{"custom_model_data":152},"model":"modelengine:nocsy_drakonin_baby5/right_wing_end"},{"predicate":{"custom_model_data":153},"model":"modelengine:nocsy_drakonin_baby5/right_tibia"},{"predicate":{"custom_model_data":154},"model":"modelengine:nocsy_drakonin_baby5/left_wing_end"},{"predicate":{"custom_model_data":155},"model":"modelengine:nocsy_drakonin_baby5/right_backtibia"},{"predicate":{"custom_model_data":156},"model":"modelengine:nocsy_drakonin_baby5/head"},{"predicate":{"custom_model_data":157},"model":"modelengine:nocsy_drakonin_baby5/left_backfoot"},{"predicate":{"custom_model_data":158},"model":"modelengine:nocsy_drakonin_baby5/left_foot"},{"predicate":{"custom_model_data":159},"model":"modelengine:nocsy_drakonin_baby5/right_foot"},{"predicate":{"custom_model_data":160},"model":"modelengine:nocsy_drakonin_baby5/right_backfoot"},{"predicate":{"custom_model_data":161},"model":"modelengine:nocsy_drakonin_baby5/horn_right"},{"predicate":{"custom_model_data":162},"model":"modelengine:nocsy_drakonin_baby5/horn_left"},{"predicate":{"custom_model_data":163},"model":"modelengine:nocsy_drakonin_baby5/machoire"},{"predicate":{"custom_model_data":164},"model":"modelengine:nocsy_drakonin_baby7/body"},{"predicate":{"custom_model_data":165},"model":"modelengine:nocsy_drakonin_baby7/left_backleg"},{"predicate":{"custom_model_data":166},"model":"modelengine:nocsy_drakonin_baby7/left_leg"},{"predicate":{"custom_model_data":167},"model":"modelengine:nocsy_drakonin_baby7/right_wing"},{"predicate":{"custom_model_data":168},"model":"modelengine:nocsy_drakonin_baby7/right_leg"},{"predicate":{"custom_model_data":169},"model":"modelengine:nocsy_drakonin_baby7/left_wing"},{"predicate":{"custom_model_data":170},"model":"modelengine:nocsy_drakonin_baby7/tail"},{"predicate":{"custom_model_data":171},"model":"modelengine:nocsy_drakonin_baby7/right_backleg"},{"predicate":{"custom_model_data":172},"model":"modelengine:nocsy_drakonin_baby7/neck"},{"predicate":{"custom_model_data":173},"model":"modelengine:nocsy_drakonin_baby7/left_backtibia"},{"predicate":{"custom_model_data":174},"model":"modelengine:nocsy_drakonin_baby7/left_tibia"},{"predicate":{"custom_model_data":175},"model":"modelengine:nocsy_drakonin_baby7/right_wing_end"},{"predicate":{"custom_model_data":176},"model":"modelengine:nocsy_drakonin_baby7/right_tibia"},{"predicate":{"custom_model_data":177},"model":"modelengine:nocsy_drakonin_baby7/left_wing_end"},{"predicate":{"custom_model_data":178},"model":"modelengine:nocsy_drakonin_baby7/right_backtibia"},{"predicate":{"custom_model_data":179},"model":"modelengine:nocsy_drakonin_baby7/head"},{"predicate":{"custom_model_data":180},"model":"modelengine:nocsy_drakonin_baby7/left_backfoot"},{"predicate":{"custom_model_data":181},"model":"modelengine:nocsy_drakonin_baby7/left_foot"},{"predicate":{"custom_model_data":182},"model":"modelengine:nocsy_drakonin_baby7/right_foot"},{"predicate":{"custom_model_data":183},"model":"modelengine:nocsy_drakonin_baby7/right_backfoot"},{"predicate":{"custom_model_data":184},"model":"modelengine:nocsy_drakonin_baby7/horn_right"},{"predicate":{"custom_model_data":185},"model":"modelengine:nocsy_drakonin_baby7/horn_left"},{"predicate":{"custom_model_data":186},"model":"modelengine:demoniohielo/cintura"},{"predicate":{"custom_model_data":187},"model":"modelengine:demoniohielo/trensup"},{"predicate":{"custom_model_data":188},"model":"modelengine:demoniohielo/pierna_izq"},{"predicate":{"custom_model_data":189},"model":"modelengine:demoniohielo/pierna_der"},{"predicate":{"custom_model_data":190},"model":"modelengine:demoniohielo/brazo_der"},{"predicate":{"custom_model_data":191},"model":"modelengine:demoniohielo/brazo_izq"},{"predicate":{"custom_model_data":192},"model":"modelengine:demoniohielo/cabeza"},{"predicate":{"custom_model_data":193},"model":"modelengine:demoniohielo/pierna_izq_inf"},{"predicate":{"custom_model_data":194},"model":"modelengine:demoniohielo/pierna_der_inf"},{"predicate":{"custom_model_data":195},"model":"modelengine:demoniohielo/brazo_der_inf"},{"predicate":{"custom_model_data":196},"model":"modelengine:demoniohielo/brazo_izq_codo"},{"predicate":{"custom_model_data":197},"model":"modelengine:demoniohielo/pie_izq"},{"predicate":{"custom_model_data":198},"model":"modelengine:demoniohielo/pie_der"},{"predicate":{"custom_model_data":199},"model":"modelengine:demoniohielo/mano_der"},{"predicate":{"custom_model_data":200},"model":"modelengine:demoniohielo/brazo_izq_inf"},{"predicate":{"custom_model_data":201},"model":"modelengine:demoniohielo/pie_izq_inf"},{"predicate":{"custom_model_data":202},"model":"modelengine:demoniohielo/pie_der_inf"},{"predicate":{"custom_model_data":203},"model":"modelengine:demoniohielo/corazon_der"},{"predicate":{"custom_model_data":204},"model":"modelengine:demoniohielo/pulgar_der"},{"predicate":{"custom_model_data":205},"model":"modelengine:demoniohielo/indice_der"},{"predicate":{"custom_model_data":206},"model":"modelengine:demoniohielo/menique_der"},{"predicate":{"custom_model_data":207},"model":"modelengine:demoniohielo/mano_izq"},{"predicate":{"custom_model_data":208},"model":"modelengine:demoniohielo/dedo_izq_2"},{"predicate":{"custom_model_data":209},"model":"modelengine:demoniohielo/dedo_izq_3"},{"predicate":{"custom_model_data":210},"model":"modelengine:demoniohielo/dedo_izq_1"},{"predicate":{"custom_model_data":211},"model":"modelengine:demoniohielo/pie_der_dedo1"},{"predicate":{"custom_model_data":212},"model":"modelengine:demoniohielo/pie_der_dedo2"},{"predicate":{"custom_model_data":213},"model":"modelengine:demoniohielo/pie_der_dedo3"},{"predicate":{"custom_model_data":214},"model":"modelengine:demoniohielo/corazon_der_2"},{"predicate":{"custom_model_data":215},"model":"modelengine:demoniohielo/pulgar_der_2"},{"predicate":{"custom_model_data":216},"model":"modelengine:demoniohielo/indice_der_2"},{"predicate":{"custom_model_data":217},"model":"modelengine:demoniohielo/menique_der_2"},{"predicate":{"custom_model_data":218},"model":"modelengine:demoniohielo/pulgar_izq"},{"predicate":{"custom_model_data":219},"model":"modelengine:demoniohielo/indice_izq"},{"predicate":{"custom_model_data":220},"model":"modelengine:demoniohielo/corazon_izq"},{"predicate":{"custom_model_data":221},"model":"modelengine:demoniohielo/menique_izq"},{"predicate":{"custom_model_data":222},"model":"modelengine:demoniohielo/dedoi_2_2"},{"predicate":{"custom_model_data":223},"model":"modelengine:demoniohielo/dedoi_3_2"},{"predicate":{"custom_model_data":224},"model":"modelengine:demoniohielo/dedo_izq_1_2"},{"predicate":{"custom_model_data":225},"model":"modelengine:demoniohielo/dedo_1_2"},{"predicate":{"custom_model_data":226},"model":"modelengine:demoniohielo/dedo_2_2"},{"predicate":{"custom_model_data":227},"model":"modelengine:demoniohielo/dedo_3_2"},{"predicate":{"custom_model_data":228},"model":"modelengine:demoniohielo/pulgar_izq_2"},{"predicate":{"custom_model_data":229},"model":"modelengine:demoniohielo/indice_izq_2"},{"predicate":{"custom_model_data":230},"model":"modelengine:demoniohielo/corazon_izq_2"},{"predicate":{"custom_model_data":231},"model":"modelengine:demoniohielo/menique_izq_2"},{"predicate":{"custom_model_data":232},"model":"modelengine:nocsy_drakonin_egg/egg"},{"predicate":{"custom_model_data":233},"model":"modelengine:nocsy_drakonin_egg/shell"},{"predicate":{"custom_model_data":234},"model":"modelengine:dungeonskeletonspawn/bone17"},{"predicate":{"custom_model_data":235},"model":"modelengine:dungeonskeletonspawn/bone9"},{"predicate":{"custom_model_data":236},"model":"modelengine:dungeonskeletonspawn/manobrazo2"},{"predicate":{"custom_model_data":237},"model":"modelengine:dungeonskeletonspawn/bone6"},{"predicate":{"custom_model_data":238},"model":"modelengine:dungeonskeletonspawn/bone"},{"predicate":{"custom_model_data":239},"model":"modelengine:dungeonskeletonspawn/bone20"},{"predicate":{"custom_model_data":240},"model":"modelengine:dungeonskeletonspawn/columnaypelvis"},{"predicate":{"custom_model_data":241},"model":"modelengine:dungeonskeletonspawn/bone5"},{"predicate":{"custom_model_data":242},"model":"modelengine:dungeonskeletonspawn/dedo4brazo1"},{"predicate":{"custom_model_data":243},"model":"modelengine:dungeonskeletonspawn/dedo4brazo2"},{"predicate":{"custom_model_data":244},"model":"modelengine:dungeonskeletonspawn/manobrazo1"},{"predicate":{"custom_model_data":245},"model":"modelengine:dungeonskeletonspawn/bone19"},{"predicate":{"custom_model_data":246},"model":"modelengine:dungeonskeletonspawn/trensup"},{"predicate":{"custom_model_data":247},"model":"modelengine:dungeonskeletonspawn/supbrazo2"},{"predicate":{"custom_model_data":248},"model":"modelengine:dungeonskeletonspawn/pieizq"},{"predicate":{"custom_model_data":249},"model":"modelengine:dungeonskeletonspawn/bone14"},{"predicate":{"custom_model_data":250},"model":"modelengine:dungeonskeletonspawn/bone22"},{"predicate":{"custom_model_data":251},"model":"modelengine:dungeonskeletonspawn/iinfbrazo1"},{"predicate":{"custom_model_data":252},"model":"modelengine:dungeonskeletonspawn/piernasupder"},{"predicate":{"custom_model_data":253},"model":"modelengine:dungeonskeletonspawn/piernainfizq"},{"predicate":{"custom_model_data":254},"model":"modelengine:dungeonskeletonspawn/bone15"},{"predicate":{"custom_model_data":255},"model":"modelengine:dungeonskeletonspawn/bone18"},{"predicate":{"custom_model_data":256},"model":"modelengine:dungeonskeletonspawn/bone7"},{"predicate":{"custom_model_data":257},"model":"modelengine:dungeonskeletonspawn/supbrazo1"},{"predicate":{"custom_model_data":258},"model":"modelengine:dungeonskeletonspawn/bone16"},{"predicate":{"custom_model_data":259},"model":"modelengine:dungeonskeletonspawn/pieder"},{"predicate":{"custom_model_data":260},"model":"modelengine:dungeonskeletonspawn/bone4"},{"predicate":{"custom_model_data":261},"model":"modelengine:dungeonskeletonspawn/bone2"},{"predicate":{"custom_model_data":262},"model":"modelengine:dungeonskeletonspawn/bone23"},{"predicate":{"custom_model_data":263},"model":"modelengine:dungeonskeletonspawn/piernasupizq"},{"predicate":{"custom_model_data":264},"model":"modelengine:dungeonskeletonspawn/bone24"},{"predicate":{"custom_model_data":265},"model":"modelengine:dungeonskeletonspawn/infbrazo2"},{"predicate":{"custom_model_data":266},"model":"modelengine:dungeonskeletonspawn/bone12"},{"predicate":{"custom_model_data":267},"model":"modelengine:dungeonskeletonspawn/bone13"},{"predicate":{"custom_model_data":268},"model":"modelengine:dungeonskeletonspawn/bone3"},{"predicate":{"custom_model_data":269},"model":"modelengine:dungeonskeletonspawn/cabeza"},{"predicate":{"custom_model_data":270},"model":"modelengine:dungeonskeletonspawn/bone11"},{"predicate":{"custom_model_data":271},"model":"modelengine:dungeonskeletonspawn/piernainfder"},{"predicate":{"custom_model_data":272},"model":"modelengine:dungeonskeletonspawn/bone10"},{"predicate":{"custom_model_data":273},"model":"modelengine:dungeonskeletonspawn/bone21"},{"predicate":{"custom_model_data":274},"model":"modelengine:dungeonskeletonspawn/bone8"},{"predicate":{"custom_model_data":275},"model":"modelengine:gargoyle/left_leg"},{"predicate":{"custom_model_data":276},"model":"modelengine:gargoyle/right_leg"},{"predicate":{"custom_model_data":277},"model":"modelengine:gargoyle/waist"},{"predicate":{"custom_model_data":278},"model":"modelengine:gargoyle/left_leg2"},{"predicate":{"custom_model_data":279},"model":"modelengine:gargoyle/right_leg2"},{"predicate":{"custom_model_data":280},"model":"modelengine:gargoyle/chest"},{"predicate":{"custom_model_data":281},"model":"modelengine:gargoyle/tail"},{"predicate":{"custom_model_data":282},"model":"modelengine:gargoyle/left_leg3"},{"predicate":{"custom_model_data":283},"model":"modelengine:gargoyle/right_leg3"},{"predicate":{"custom_model_data":284},"model":"modelengine:gargoyle/head"},{"predicate":{"custom_model_data":285},"model":"modelengine:gargoyle/right_arm"},{"predicate":{"custom_model_data":286},"model":"modelengine:gargoyle/left_arm"},{"predicate":{"custom_model_data":287},"model":"modelengine:gargoyle/right_wing"},{"predicate":{"custom_model_data":288},"model":"modelengine:gargoyle/left_wing"},{"predicate":{"custom_model_data":289},"model":"modelengine:gargoyle/tail2"},{"predicate":{"custom_model_data":290},"model":"modelengine:gargoyle/right_horn"},{"predicate":{"custom_model_data":291},"model":"modelengine:gargoyle/mouth"},{"predicate":{"custom_model_data":292},"model":"modelengine:gargoyle/left_horn"},{"predicate":{"custom_model_data":293},"model":"modelengine:gargoyle/right_arm2"},{"predicate":{"custom_model_data":294},"model":"modelengine:gargoyle/left_arm2"},{"predicate":{"custom_model_data":295},"model":"modelengine:gargoyle/right_wing2"},{"predicate":{"custom_model_data":296},"model":"modelengine:gargoyle/left_wing2"},{"predicate":{"custom_model_data":297},"model":"modelengine:gargoyle/tail3"},{"predicate":{"custom_model_data":298},"model":"modelengine:gargoyle/right_arm3"},{"predicate":{"custom_model_data":299},"model":"modelengine:gargoyle/left_arm3"},{"predicate":{"custom_model_data":300},"model":"modelengine:gargoyle/right_wing3"},{"predicate":{"custom_model_data":301},"model":"modelengine:gargoyle/left_wing3"},{"predicate":{"custom_model_data":302},"model":"modelengine:gargoyle/tail4"},{"predicate":{"custom_model_data":303},"model":"modelengine:gargoyle/right_wing4"},{"predicate":{"custom_model_data":304},"model":"modelengine:gargoyle/left_wing4"},{"predicate":{"custom_model_data":305},"model":"modelengine:gargoyle_spawner/left_leg"},{"predicate":{"custom_model_data":306},"model":"modelengine:gargoyle_spawner/right_leg"},{"predicate":{"custom_model_data":307},"model":"modelengine:gargoyle_spawner/waist"},{"predicate":{"custom_model_data":308},"model":"modelengine:gargoyle_spawner/left_leg2"},{"predicate":{"custom_model_data":309},"model":"modelengine:gargoyle_spawner/right_leg2"},{"predicate":{"custom_model_data":310},"model":"modelengine:gargoyle_spawner/chest"},{"predicate":{"custom_model_data":311},"model":"modelengine:gargoyle_spawner/tail"},{"predicate":{"custom_model_data":312},"model":"modelengine:gargoyle_spawner/left_leg3"},{"predicate":{"custom_model_data":313},"model":"modelengine:gargoyle_spawner/right_leg3"},{"predicate":{"custom_model_data":314},"model":"modelengine:gargoyle_spawner/head"},{"predicate":{"custom_model_data":315},"model":"modelengine:gargoyle_spawner/right_arm"},{"predicate":{"custom_model_data":316},"model":"modelengine:gargoyle_spawner/left_arm"},{"predicate":{"custom_model_data":317},"model":"modelengine:gargoyle_spawner/right_wing"},{"predicate":{"custom_model_data":318},"model":"modelengine:gargoyle_spawner/left_wing"},{"predicate":{"custom_model_data":319},"model":"modelengine:gargoyle_spawner/tail2"},{"predicate":{"custom_model_data":320},"model":"modelengine:gargoyle_spawner/right_horn"},{"predicate":{"custom_model_data":321},"model":"modelengine:gargoyle_spawner/mouth"},{"predicate":{"custom_model_data":322},"model":"modelengine:gargoyle_spawner/left_horn"},{"predicate":{"custom_model_data":323},"model":"modelengine:gargoyle_spawner/right_arm2"},{"predicate":{"custom_model_data":324},"model":"modelengine:gargoyle_spawner/left_arm2"},{"predicate":{"custom_model_data":325},"model":"modelengine:gargoyle_spawner/right_wing2"},{"predicate":{"custom_model_data":326},"model":"modelengine:gargoyle_spawner/left_wing2"},{"predicate":{"custom_model_data":327},"model":"modelengine:gargoyle_spawner/tail3"},{"predicate":{"custom_model_data":328},"model":"modelengine:gargoyle_spawner/right_arm3"},{"predicate":{"custom_model_data":329},"model":"modelengine:gargoyle_spawner/left_arm3"},{"predicate":{"custom_model_data":330},"model":"modelengine:gargoyle_spawner/right_wing3"},{"predicate":{"custom_model_data":331},"model":"modelengine:gargoyle_spawner/left_wing3"},{"predicate":{"custom_model_data":332},"model":"modelengine:gargoyle_spawner/tail4"},{"predicate":{"custom_model_data":333},"model":"modelengine:gargoyle_spawner/right_wing4"},{"predicate":{"custom_model_data":334},"model":"modelengine:gargoyle_spawner/left_wing4"},{"predicate":{"custom_model_data":335},"model":"modelengine:gargoyle_spike/bone"},{"predicate":{"custom_model_data":336},"model":"modelengine:golemdehierro/tren_sup"},{"predicate":{"custom_model_data":337},"model":"modelengine:golemdehierro/cabeza"},{"predicate":{"custom_model_data":338},"model":"modelengine:golemdehierro/cintura"},{"predicate":{"custom_model_data":339},"model":"modelengine:golemdehierro/pierna_izq"},{"predicate":{"custom_model_data":340},"model":"modelengine:golemdehierro/pierna_der"},{"predicate":{"custom_model_data":341},"model":"modelengine:golemdehierro/brazo_der_sup"},{"predicate":{"custom_model_data":342},"model":"modelengine:golemdehierro/brazo_der_inf"},{"predicate":{"custom_model_data":343},"model":"modelengine:golemdehierro/brazo_izq_inf"},{"predicate":{"custom_model_data":344},"model":"modelengine:golemdehierro/brazo_izq_sup"},{"predicate":{"custom_model_data":345},"model":"modelengine:golemdehierro/pierna_izq_inf"},{"predicate":{"custom_model_data":346},"model":"modelengine:golemdehierro/pierna_der_inf"},{"predicate":{"custom_model_data":347},"model":"modelengine:golemdehierro/hacha"},{"predicate":{"custom_model_data":348},"model":"modelengine:golemdehierro/pie_izq"},{"predicate":{"custom_model_data":349},"model":"modelengine:golemdehierro/pie_der"},{"predicate":{"custom_model_data":358},"model":"modelengine:d_skill/icespike"},{"predicate":{"custom_model_data":359},"model":"modelengine:demon_ice/body"},{"predicate":{"custom_model_data":365},"model":"modelengine:qmob_silkfang/torso"},{"predicate":{"custom_model_data":366},"model":"modelengine:qmob_silkfang/frontlegsl"},{"predicate":{"custom_model_data":367},"model":"modelengine:qmob_silkfang/rearlegsl"},{"predicate":{"custom_model_data":368},"model":"modelengine:qmob_silkfang/abdomen"},{"predicate":{"custom_model_data":369},"model":"modelengine:qmob_silkfang/armsr"},{"predicate":{"custom_model_data":370},"model":"modelengine:qmob_silkfang/armsl"},{"predicate":{"custom_model_data":371},"model":"modelengine:qmob_silkfang/frontlegsr"},{"predicate":{"custom_model_data":372},"model":"modelengine:qmob_silkfang/rearlegsr"},{"predicate":{"custom_model_data":373},"model":"modelengine:qmob_silkfang/cap"},{"predicate":{"custom_model_data":374},"model":"modelengine:qmob_silkfang/tail"},{"predicate":{"custom_model_data":375},"model":"modelengine:nocsy_drakonin_firespell/body"},{"predicate":{"custom_model_data":376},"model":"modelengine:nocsy_drakonin_firespell/second_ring"},{"predicate":{"custom_model_data":377},"model":"modelengine:nocsy_drakonin_rocks/spell"},{"predicate":{"custom_model_data":378},"model":"modelengine:nocsy_drakonin_roots/root_right"},{"predicate":{"custom_model_data":379},"model":"modelengine:nocsy_drakonin_roots/root_left"},{"predicate":{"custom_model_data":380},"model":"modelengine:nocsy_drakonin_shadowspell/meteor"},{"predicate":{"custom_model_data":381},"model":"modelengine:golemdehierrospawn/tren_sup"},{"predicate":{"custom_model_data":382},"model":"modelengine:golemdehierrospawn/cabeza"},{"predicate":{"custom_model_data":383},"model":"modelengine:golemdehierrospawn/cintura"},{"predicate":{"custom_model_data":384},"model":"modelengine:golemdehierrospawn/pierna_izq"},{"predicate":{"custom_model_data":385},"model":"modelengine:golemdehierrospawn/pierna_der"},{"predicate":{"custom_model_data":386},"model":"modelengine:golemdehierrospawn/brazo_der_sup"},{"predicate":{"custom_model_data":387},"model":"modelengine:golemdehierrospawn/brazo_der_inf"},{"predicate":{"custom_model_data":388},"model":"modelengine:golemdehierrospawn/brazo_izq_inf"},{"predicate":{"custom_model_data":389},"model":"modelengine:golemdehierrospawn/brazo_izq_sup"},{"predicate":{"custom_model_data":390},"model":"modelengine:golemdehierrospawn/pierna_izq_inf"},{"predicate":{"custom_model_data":391},"model":"modelengine:golemdehierrospawn/pierna_der_inf"},{"predicate":{"custom_model_data":392},"model":"modelengine:golemdehierrospawn/hacha"},{"predicate":{"custom_model_data":393},"model":"modelengine:golemdehierrospawn/pie_izq"},{"predicate":{"custom_model_data":394},"model":"modelengine:golemdehierrospawn/pie_der"},{"predicate":{"custom_model_data":395},"model":"modelengine:thegreatirongolem/tren_sup"},{"predicate":{"custom_model_data":396},"model":"modelengine:thegreatirongolem/cabeza"},{"predicate":{"custom_model_data":397},"model":"modelengine:thegreatirongolem/cintura"},{"predicate":{"custom_model_data":398},"model":"modelengine:thegreatirongolem/pierna_izq"},{"predicate":{"custom_model_data":399},"model":"modelengine:thegreatirongolem/pierna_der"},{"predicate":{"custom_model_data":400},"model":"modelengine:thegreatirongolem/brazo_der_sup"},{"predicate":{"custom_model_data":401},"model":"modelengine:thegreatirongolem/brazo_der_inf"},{"predicate":{"custom_model_data":402},"model":"modelengine:thegreatirongolem/brazo_izq_inf"},{"predicate":{"custom_model_data":403},"model":"modelengine:thegreatirongolem/brazo_izq_sup"},{"predicate":{"custom_model_data":404},"model":"modelengine:thegreatirongolem/pierna_izq_inf"},{"predicate":{"custom_model_data":405},"model":"modelengine:thegreatirongolem/pierna_der_inf"},{"predicate":{"custom_model_data":406},"model":"modelengine:thegreatirongolem/hacha"},{"predicate":{"custom_model_data":407},"model":"modelengine:thegreatirongolem/pie_izq"},{"predicate":{"custom_model_data":408},"model":"modelengine:thegreatirongolem/pie_der"},{"predicate":{"custom_model_data":409},"model":"modelengine:thegreatirongolemspawn/tren_sup"},{"predicate":{"custom_model_data":410},"model":"modelengine:thegreatirongolemspawn/cabeza"},{"predicate":{"custom_model_data":411},"model":"modelengine:thegreatirongolemspawn/cintura"},{"predicate":{"custom_model_data":412},"model":"modelengine:thegreatirongolemspawn/pierna_izq"},{"predicate":{"custom_model_data":413},"model":"modelengine:thegreatirongolemspawn/pierna_der"},{"predicate":{"custom_model_data":414},"model":"modelengine:thegreatirongolemspawn/brazo_der_sup"},{"predicate":{"custom_model_data":415},"model":"modelengine:thegreatirongolemspawn/brazo_der_inf"},{"predicate":{"custom_model_data":416},"model":"modelengine:thegreatirongolemspawn/brazo_izq_inf"},{"predicate":{"custom_model_data":417},"model":"modelengine:thegreatirongolemspawn/brazo_izq_sup"},{"predicate":{"custom_model_data":418},"model":"modelengine:thegreatirongolemspawn/pierna_izq_inf"},{"predicate":{"custom_model_data":419},"model":"modelengine:thegreatirongolemspawn/pierna_der_inf"},{"predicate":{"custom_model_data":420},"model":"modelengine:thegreatirongolemspawn/hacha"},{"predicate":{"custom_model_data":421},"model":"modelengine:thegreatirongolemspawn/pie_izq"},{"predicate":{"custom_model_data":422},"model":"modelengine:thegreatirongolemspawn/pie_der"},{"predicate":{"custom_model_data":423},"model":"modelengine:dungeonskeleton/trensup"},{"predicate":{"custom_model_data":424},"model":"modelengine:dungeonskeleton/columnaypelvis"},{"predicate":{"custom_model_data":425},"model":"modelengine:dungeonskeleton/cabeza"},{"predicate":{"custom_model_data":426},"model":"modelengine:dungeonskeleton/piernasupizq"},{"predicate":{"custom_model_data":427},"model":"modelengine:dungeonskeleton/piernasupder"},{"predicate":{"custom_model_data":428},"model":"modelengine:dungeonskeleton/piernainfizq"},{"predicate":{"custom_model_data":429},"model":"modelengine:dungeonskeleton/piernainfder"},{"predicate":{"custom_model_data":430},"model":"modelengine:dungeonskeleton/infbrazo2"},{"predicate":{"custom_model_data":431},"model":"modelengine:dungeonskeleton/supbrazo2"},{"predicate":{"custom_model_data":432},"model":"modelengine:dungeonskeleton/supbrazo1"},{"predicate":{"custom_model_data":433},"model":"modelengine:dungeonskeleton/iinfbrazo1"},{"predicate":{"custom_model_data":434},"model":"modelengine:dungeonskeleton/pieizq"},{"predicate":{"custom_model_data":435},"model":"modelengine:dungeonskeleton/pieder"},{"predicate":{"custom_model_data":436},"model":"modelengine:dungeonskeleton/manobrazo2"},{"predicate":{"custom_model_data":437},"model":"modelengine:dungeonskeleton/manobrazo1"},{"predicate":{"custom_model_data":438},"model":"modelengine:dungeonskeleton/dedo4brazo2"},{"predicate":{"custom_model_data":439},"model":"modelengine:dungeonskeleton/dedo4brazo1"},{"predicate":{"custom_model_data":440},"model":"modelengine:dungeonskeleton/bone5"},{"predicate":{"custom_model_data":441},"model":"modelengine:dungeonskeleton/bone9"},{"predicate":{"custom_model_data":442},"model":"modelengine:dungeonskeleton/bone"},{"predicate":{"custom_model_data":443},"model":"modelengine:dungeonskeleton/bone17"},{"predicate":{"custom_model_data":444},"model":"modelengine:dungeonskeleton/bone21"},{"predicate":{"custom_model_data":445},"model":"modelengine:dungeonskeleton/bone13"},{"predicate":{"custom_model_data":446},"model":"modelengine:dungeonskeleton/bone6"},{"predicate":{"custom_model_data":447},"model":"modelengine:dungeonskeleton/bone10"},{"predicate":{"custom_model_data":448},"model":"modelengine:dungeonskeleton/bone2"},{"predicate":{"custom_model_data":449},"model":"modelengine:dungeonskeleton/bone18"},{"predicate":{"custom_model_data":450},"model":"modelengine:dungeonskeleton/bone22"},{"predicate":{"custom_model_data":451},"model":"modelengine:dungeonskeleton/bone14"},{"predicate":{"custom_model_data":452},"model":"modelengine:dungeonskeleton/bone7"},{"predicate":{"custom_model_data":453},"model":"modelengine:dungeonskeleton/bone11"},{"predicate":{"custom_model_data":454},"model":"modelengine:dungeonskeleton/bone3"},{"predicate":{"custom_model_data":455},"model":"modelengine:dungeonskeleton/bone19"},{"predicate":{"custom_model_data":456},"model":"modelengine:dungeonskeleton/bone23"},{"predicate":{"custom_model_data":457},"model":"modelengine:dungeonskeleton/bone15"},{"predicate":{"custom_model_data":458},"model":"modelengine:dungeonskeleton/bone8"},{"predicate":{"custom_model_data":459},"model":"modelengine:dungeonskeleton/bone12"},{"predicate":{"custom_model_data":460},"model":"modelengine:dungeonskeleton/bone4"},{"predicate":{"custom_model_data":461},"model":"modelengine:dungeonskeleton/bone20"},{"predicate":{"custom_model_data":462},"model":"modelengine:dungeonskeleton/bone24"},{"predicate":{"custom_model_data":463},"model":"modelengine:dungeonskeleton/bone16"}],"parent":"minecraft:item/generated","textures":{"layer0":"minecraft:item/leather_horse_armor"}}