{"textures":{"0":"modelengine:entity/gargoyle_spike"},"elements":[{"from":[3.4166665,-5.916667,0.9166665],"to":[15.416666,16.083332,9.416667],"faces":{"east":{"uv":[5.1428576,6.2857146,7.571429,12.571429],"tintindex":0,"rotation":0,"texture":"#0"},"south":{"uv":[3.4285717,0.0,6.8571434,6.2857146],"tintindex":0,"rotation":0,"texture":"#0"},"north":{"uv":[0.0,0.0,3.4285717,6.2857146],"tintindex":0,"rotation":0,"texture":"#0"},"west":{"uv":[6.8571434,0.0,9.285715,6.2857146],"tintindex":0,"rotation":0,"texture":"#0"},"up":{"uv":[3.4285717,15.857143,0.0,13.428572],"tintindex":0,"rotation":0,"texture":"#0"},"down":{"uv":[6.8571434,13.428572,3.4285717,15.857143],"tintindex":0,"rotation":0,"texture":"#0"}}},{"from":[4.4166665,-1.916667,5.416667],"to":[13.416666,23.083332,12.416666],"faces":{"east":{"uv":[7.571429,6.2857146,9.571429,13.428572],"tintindex":0,"rotation":0,"texture":"#0"},"south":{"uv":[2.5714288,6.2857146,5.1428576,13.428572],"tintindex":0,"rotation":0,"texture":"#0"},"north":{"uv":[0.0,6.2857146,2.5714288,13.428572],"tintindex":0,"rotation":0,"texture":"#0"},"west":{"uv":[9.571429,0.0,11.571429,7.1428576],"tintindex":0,"rotation":0,"texture":"#0"},"up":{"uv":[9.428572,15.428572,6.8571434,13.428572],"tintindex":0,"rotation":0,"texture":"#0"},"down":{"uv":[15.571429,13.428572,13.000001,15.428572],"tintindex":0,"rotation":0,"texture":"#0"}}},{"from":[0.4166665,-7.916667,3.9166665],"to":[10.916666,3.583333,15.916666],"faces":{"east":{"uv":[9.571429,7.1428576,13.000001,10.428572],"tintindex":0,"rotation":0,"texture":"#0"},"south":{"uv":[13.000001,10.142858,16.0,13.428572],"tintindex":0,"rotation":0,"texture":"#0"},"north":{"uv":[13.000001,6.8571434,16.0,10.142858],"tintindex":0,"rotation":0,"texture":"#0"},"west":{"uv":[9.571429,10.428572,13.000001,13.714287],"tintindex":0,"rotation":0,"texture":"#0"},"up":{"uv":[14.571429,3.4285717,11.571429,0.0],"tintindex":0,"rotation":0,"texture":"#0"},"down":{"uv":[14.571429,3.4285717,11.571429,6.8571434],"tintindex":0,"rotation":0,"texture":"#0"}}}],"display":{"gui":{"rotation":[30,225,0]}}}