{"textures":{"0":"modelengine:entity/nocsy_drakonin_rocks"},"elements":[{"from":[9.00398,17.021873,8.178127],"to":[12.503981,20.021873,12.178127],"faces":{"east":{"uv":[2.0,11.0,4.0,12.5],"tintindex":0,"rotation":0,"texture":"#0"},"south":{"uv":[11.25,3.75,13.0,5.25],"tintindex":0,"rotation":0,"texture":"#0"},"north":{"uv":[11.25,2.0,13.0,3.5],"tintindex":0,"rotation":0,"texture":"#0"},"west":{"uv":[4.25,11.0,6.25,12.5],"tintindex":0,"rotation":0,"texture":"#0"},"up":{"uv":[10.5,11.75,8.75,9.75],"tintindex":0,"rotation":0,"texture":"#0"},"down":{"uv":[1.75,10.0,0.0,12.0],"tintindex":0,"rotation":0,"texture":"#0"}}},{"from":[7.0039797,17.021873,6.6781282],"to":[11.00398,22.521873,10.678128],"faces":{"east":{"uv":[4.5,5.0,6.5,7.75],"tintindex":0,"rotation":0,"texture":"#0"},"south":{"uv":[6.75,0.0,8.75,2.75],"tintindex":0,"rotation":0,"texture":"#0"},"north":{"uv":[2.25,5.0,4.25,7.75],"tintindex":0,"rotation":0,"texture":"#0"},"west":{"uv":[6.75,3.0,8.75,5.75],"tintindex":0,"rotation":0,"texture":"#0"},"up":{"uv":[8.5,11.0,6.5,9.0],"tintindex":0,"rotation":0,"texture":"#0"},"down":{"uv":[11.0,7.5,9.0,9.5],"tintindex":0,"rotation":0,"texture":"#0"}}},{"from":[3.6575613,20.28661,8.178127],"to":[5.6575613,23.78661,10.178128],"faces":{"east":{"uv":[9.0,12.0,10.0,13.75],"tintindex":0,"rotation":0,"texture":"#0"},"south":{"uv":[12.0,11.75,13.0,13.5],"tintindex":0,"rotation":0,"texture":"#0"},"north":{"uv":[7.75,12.0,8.75,13.75],"tintindex":0,"rotation":0,"texture":"#0"},"west":{"uv":[0.0,12.25,1.0,14.0],"tintindex":0,"rotation":0,"texture":"#0"},"up":{"uv":[13.5,9.0,12.5,8.0],"tintindex":0,"rotation":0,"texture":"#0"},"down":{"uv":[2.25,12.75,1.25,13.75],"tintindex":0,"rotation":0,"texture":"#0"}},"rotation":{"origin":[10.85398,10.112665,9.375],"angle":-22.5,"axis":"z"}},{"from":[3.1539803,17.021873,9.678128],"to":[7.15398,22.521873,13.178127],"faces":{"east":{"uv":[4.5,8.0,6.25,10.75],"tintindex":0,"rotation":0,"texture":"#0"},"south":{"uv":[2.25,8.0,4.25,10.75],"tintindex":0,"rotation":0,"texture":"#0"},"north":{"uv":[6.75,6.0,8.75,8.75],"tintindex":0,"rotation":0,"texture":"#0"},"west":{"uv":[9.0,0.0,10.75,2.75],"tintindex":0,"rotation":0,"texture":"#0"},"up":{"uv":[12.75,11.5,10.75,9.75],"tintindex":0,"rotation":0,"texture":"#0"},"down":{"uv":[13.0,0.0,11.0,1.75],"tintindex":0,"rotation":0,"texture":"#0"}}},{"from":[9.350399,20.28661,10.178128],"to":[11.350399,23.78661,12.178127],"faces":{"east":{"uv":[6.5,11.25,7.5,13.0],"tintindex":0,"rotation":0,"texture":"#0"},"south":{"uv":[11.25,7.5,12.25,9.25],"tintindex":0,"rotation":0,"texture":"#0"},"north":{"uv":[11.25,5.5,12.25,7.25],"tintindex":0,"rotation":0,"texture":"#0"},"west":{"uv":[10.75,11.75,11.75,13.5],"tintindex":0,"rotation":0,"texture":"#0"},"up":{"uv":[13.5,6.5,12.5,5.5],"tintindex":0,"rotation":0,"texture":"#0"},"down":{"uv":[13.5,6.75,12.5,7.75],"tintindex":0,"rotation":0,"texture":"#0"}},"rotation":{"origin":[5.1539803,10.112665,9.375],"angle":22.5,"axis":"z"}},{"from":[6.0039797,17.521873,7.6781282],"to":[10.00398,27.021873,11.678127],"faces":{"east":{"uv":[2.25,0.0,4.25,4.75],"tintindex":0,"rotation":0,"texture":"#0"},"south":{"uv":[4.5,0.0,6.5,4.75],"tintindex":0,"rotation":0,"texture":"#0"},"north":{"uv":[0.0,0.0,2.0,4.75],"tintindex":0,"rotation":0,"texture":"#0"},"west":{"uv":[0.0,5.0,2.0,9.75],"tintindex":0,"rotation":0,"texture":"#0"},"up":{"uv":[11.0,5.0,9.0,3.0],"tintindex":0,"rotation":0,"texture":"#0"},"down":{"uv":[11.0,5.25,9.0,7.25],"tintindex":0,"rotation":0,"texture":"#0"}}}],"display":{"gui":{"rotation":[30,225,0]}}}