{"textures":{"0":"modelengine:entity/demoniodehielo"},"elements":[{"from":[-8.085796,5.6864395,5.203925],"to":[-6.1669197,15.993538,8.4386],"faces":{"east":{"uv":[1.6875,11.75,1.875,12.40625],"tintindex":0,"rotation":0,"texture":"#0"},"south":{"uv":[11.3125,12.4375,11.4375,13.09375],"tintindex":0,"rotation":0,"texture":"#0"},"north":{"uv":[11.1875,12.4375,11.3125,13.09375],"tintindex":0,"rotation":0,"texture":"#0"},"west":{"uv":[2.875,11.75,3.0625,12.40625],"tintindex":0,"rotation":0,"texture":"#0"},"up":{"uv":[7.375,6.125,7.25,5.9375],"tintindex":0,"rotation":0,"texture":"#0"},"down":{"uv":[11.0,3.375,10.875,3.5625],"tintindex":0,"rotation":0,"texture":"#0"}},"rotation":{"origin":[10.700001,14.200005,8.0],"angle":-22.5,"axis":"z"}},{"from":[3.57275,4.0573807,3.559175],"to":[8.287701,13.21315,12.769775],"faces":{"east":{"uv":[7.4375,1.125,8.0,1.6875],"tintindex":0,"rotation":0,"texture":"#0"},"south":{"uv":[8.0,11.3125,8.28125,11.875],"tintindex":0,"rotation":0,"texture":"#0"},"north":{"uv":[5.375,11.3125,5.65625,11.875],"tintindex":0,"rotation":0,"texture":"#0"},"west":{"uv":[7.6875,5.25,8.25,5.8125],"tintindex":0,"rotation":0,"texture":"#0"},"up":{"uv":[2.15625,12.0,1.875,11.4375],"tintindex":0,"rotation":0,"texture":"#0"},"down":{"uv":[2.46875,11.4375,2.1875,12.0],"tintindex":0,"rotation":0,"texture":"#0"}}},{"from":[1.2710037,7.386009,7.7807],"to":[3.7381287,18.789612,9.918875],"faces":{"east":{"uv":[5.75,12.375,5.875,13.09375],"tintindex":0,"rotation":0,"texture":"#0"},"south":{"uv":[10.0625,11.9375,10.21875,12.65625],"tintindex":0,"rotation":0,"texture":"#0"},"north":{"uv":[9.875,11.9375,10.03125,12.65625],"tintindex":0,"rotation":0,"texture":"#0"},"west":{"uv":[5.875,12.375,6.0,13.09375],"tintindex":0,"rotation":0,"texture":"#0"},"up":{"uv":[10.21875,12.8125,10.0625,12.6875],"tintindex":0,"rotation":0,"texture":"#0"},"down":{"uv":[12.84375,11.25,12.6875,11.375],"tintindex":0,"rotation":0,"texture":"#0"}},"rotation":{"origin":[15.232201,14.200005,8.0],"angle":-22.5,"axis":"z"}},{"from":[1.8192558,7.386009,8.603075],"to":[3.5736542,26.958534,11.61845],"faces":{"east":{"uv":[4.875,8.125,5.0625,9.34375],"tintindex":0,"rotation":0,"texture":"#0"},"south":{"uv":[0.0,11.375,0.125,12.59375],"tintindex":0,"rotation":0,"texture":"#0"},"north":{"uv":[4.3125,11.1875,4.4375,12.40625],"tintindex":0,"rotation":0,"texture":"#0"},"west":{"uv":[5.375,9.375,5.5625,10.59375],"tintindex":0,"rotation":0,"texture":"#0"},"up":{"uv":[11.125,4.0,11.0,3.8125],"tintindex":0,"rotation":0,"texture":"#0"},"down":{"uv":[12.0,1.5,11.875,1.6875],"tintindex":0,"rotation":0,"texture":"#0"}},"rotation":{"origin":[15.232201,14.200005,8.0],"angle":-22.5,"axis":"z"}},{"from":[5.4559784,8.153564,6.6842003],"to":[7.758629,19.55716,8.822375],"faces":{"east":{"uv":[7.5625,12.375,7.6875,13.09375],"tintindex":0,"rotation":0,"texture":"#0"},"south":{"uv":[1.875,12.0,2.03125,12.71875],"tintindex":0,"rotation":0,"texture":"#0"},"north":{"uv":[11.9375,11.6875,12.09375,12.40625],"tintindex":0,"rotation":0,"texture":"#0"},"west":{"uv":[7.6875,12.375,7.8125,13.09375],"tintindex":0,"rotation":0,"texture":"#0"},"up":{"uv":[13.15625,9.9375,13.0,9.8125],"tintindex":0,"rotation":0,"texture":"#0"},"down":{"uv":[9.40625,13.125,9.25,13.25],"tintindex":0,"rotation":0,"texture":"#0"}},"rotation":{"origin":[10.700001,14.200005,8.0],"angle":-22.5,"axis":"z"}},{"from":[-9.9142,4.0573807,3.559175],"to":[-5.1992493,13.21315,12.769775],"faces":{"east":{"uv":[7.8125,5.8125,8.375,6.375],"tintindex":0,"rotation":0,"texture":"#0"},"south":{"uv":[8.3125,11.4375,8.59375,12.0],"tintindex":0,"rotation":0,"texture":"#0"},"north":{"uv":[6.0625,11.4375,6.34375,12.0],"tintindex":0,"rotation":0,"texture":"#0"},"west":{"uv":[7.875,1.6875,8.4375,2.25],"tintindex":0,"rotation":0,"texture":"#0"},"up":{"uv":[8.90625,12.0,8.625,11.4375],"tintindex":0,"rotation":0,"texture":"#0"},"down":{"uv":[11.71875,9.5,11.4375,10.0625],"tintindex":0,"rotation":0,"texture":"#0"}}},{"from":[-10.681751,4.27668,4.2719],"to":[-5.6378517,12.993851,12.057051],"faces":{"east":{"uv":[9.0,3.6875,9.5,4.21875],"tintindex":0,"rotation":0,"texture":"#0"},"south":{"uv":[11.125,9.5,11.4375,10.03125],"tintindex":0,"rotation":0,"texture":"#0"},"north":{"uv":[9.4375,11.125,9.75,11.65625],"tintindex":0,"rotation":0,"texture":"#0"},"west":{"uv":[9.0,7.25,9.5,7.78125],"tintindex":0,"rotation":0,"texture":"#0"},"up":{"uv":[7.3125,12.0,7.0,11.5],"tintindex":0,"rotation":0,"texture":"#0"},"down":{"uv":[7.625,11.5,7.3125,12.0],"tintindex":0,"rotation":0,"texture":"#0"}}},{"from":[3.4012756,9.980957,2.4078498],"to":[4.8815536,13.489754,4.984625],"faces":{"east":{"uv":[14.125,2.375,14.28125,2.59375],"tintindex":0,"rotation":0,"texture":"#0"},"south":{"uv":[11.4375,14.4375,11.53125,14.65625],"tintindex":0,"rotation":0,"texture":"#0"},"north":{"uv":[14.4375,11.3125,14.53125,11.53125],"tintindex":0,"rotation":0,"texture":"#0"},"west":{"uv":[14.125,2.625,14.28125,2.84375],"tintindex":0,"rotation":0,"texture":"#0"},"up":{"uv":[14.84375,12.46875,14.75,12.3125],"tintindex":0,"rotation":0,"texture":"#0"},"down":{"uv":[14.84375,12.5,14.75,12.65625],"tintindex":0,"rotation":0,"texture":"#0"}},"rotation":{"origin":[6.313999,9.814003,8.0],"angle":-22.5,"axis":"z"}},{"from":[-0.53821945,9.140411,7.543125],"to":[1.4354782,31.673485,11.563625],"faces":{"east":{"uv":[3.3125,4.5625,3.5625,5.96875],"tintindex":0,"rotation":0,"texture":"#0"},"south":{"uv":[4.4375,10.25,4.5625,11.65625],"tintindex":0,"rotation":0,"texture":"#0"},"north":{"uv":[1.5625,4.5625,1.6875,5.96875],"tintindex":0,"rotation":0,"texture":"#0"},"west":{"uv":[2.5625,7.125,2.8125,8.53125],"tintindex":0,"rotation":0,"texture":"#0"},"up":{"uv":[4.0,10.75,3.875,10.5],"tintindex":0,"rotation":0,"texture":"#0"},"down":{"uv":[6.1875,11.1875,6.0625,11.4375],"tintindex":0,"rotation":0,"texture":"#0"}},"rotation":{"origin":[15.232201,14.200005,8.0],"angle":-22.5,"axis":"z"}},{"from":[-4.705826,2.5771027,0.817925],"to":[1.1056252,14.693428,15.511024],"faces":{"east":{"uv":[1.6875,3.75,2.59375,4.5],"tintindex":0,"rotation":0,"texture":"#0"},"south":{"uv":[8.625,7.25,9.0,8.0],"tintindex":0,"rotation":0,"texture":"#0"},"north":{"uv":[7.0625,8.625,7.4375,9.375],"tintindex":0,"rotation":0,"texture":"#0"},"west":{"uv":[2.625,3.8125,3.53125,4.5625],"tintindex":0,"rotation":0,"texture":"#0"},"up":{"uv":[8.0625,0.90625,7.6875,0.0],"tintindex":0,"rotation":0,"texture":"#0"},"down":{"uv":[2.25,7.6875,1.875,8.59375],"tintindex":0,"rotation":0,"texture":"#0"}}},{"from":[-8.1598015,3.2350006,2.2433748],"to":[-3.444851,14.03553,14.085575],"faces":{"east":{"uv":[5.0625,5.4375,5.8125,6.125],"tintindex":0,"rotation":0,"texture":"#0"},"south":{"uv":[4.75,10.5,5.03125,11.1875],"tintindex":0,"rotation":0,"texture":"#0"},"north":{"uv":[1.375,10.5,1.65625,11.1875],"tintindex":0,"rotation":0,"texture":"#0"},"west":{"uv":[5.5,4.75,6.25,5.4375],"tintindex":0,"rotation":0,"texture":"#0"},"up":{"uv":[2.84375,2.25,2.5625,1.5],"tintindex":0,"rotation":0,"texture":"#0"},"down":{"uv":[7.46875,10.125,7.1875,10.875],"tintindex":0,"rotation":0,"texture":"#0"}}},{"from":[5.766655,8.153564,11.0702],"to":[7.5210533,24.38176,14.085575],"faces":{"east":{"uv":[7.0625,7.5625,7.25,8.5625],"tintindex":0,"rotation":0,"texture":"#0"},"south":{"uv":[4.1875,11.5625,4.3125,12.5625],"tintindex":0,"rotation":0,"texture":"#0"},"north":{"uv":[4.75,9.5,4.875,10.5],"tintindex":0,"rotation":0,"texture":"#0"},"west":{"uv":[7.0,10.4375,7.1875,11.4375],"tintindex":0,"rotation":0,"texture":"#0"},"up":{"uv":[4.875,13.4375,4.75,13.25],"tintindex":0,"rotation":0,"texture":"#0"},"down":{"uv":[6.6875,13.25,6.5625,13.4375],"tintindex":0,"rotation":0,"texture":"#0"}},"rotation":{"origin":[15.232201,14.200005,8.0],"angle":-22.5,"axis":"z"}},{"from":[1.3989296,6.563637,5.0394497],"to":[3.2081566,13.307114,6.739025],"faces":{"east":{"uv":[4.25,14.0625,4.34375,14.46875],"tintindex":0,"rotation":0,"texture":"#0"},"south":{"uv":[11.5625,14.0,11.6875,14.40625],"tintindex":0,"rotation":0,"texture":"#0"},"north":{"uv":[11.4375,14.0,11.5625,14.40625],"tintindex":0,"rotation":0,"texture":"#0"},"west":{"uv":[4.375,14.0625,4.46875,14.46875],"tintindex":0,"rotation":0,"texture":"#0"},"up":{"uv":[14.9375,8.09375,14.8125,8.0],"tintindex":0,"rotation":0,"texture":"#0"},"down":{"uv":[14.9375,8.125,14.8125,8.21875],"tintindex":0,"rotation":0,"texture":"#0"}},"rotation":{"origin":[10.700001,14.200005,8.0],"angle":-22.5,"axis":"z"}},{"from":[0.009124756,3.2350006,2.2433748],"to":[5.4916267,14.03553,14.085575],"faces":{"east":{"uv":[5.0625,2.4375,5.8125,3.125],"tintindex":0,"rotation":0,"texture":"#0"},"south":{"uv":[9.5,7.0625,9.84375,7.75],"tintindex":0,"rotation":0,"texture":"#0"},"north":{"uv":[8.0625,9.4375,8.40625,10.125],"tintindex":0,"rotation":0,"texture":"#0"},"west":{"uv":[5.4375,0.625,6.1875,1.3125],"tintindex":0,"rotation":0,"texture":"#0"},"up":{"uv":[8.03125,9.75,7.6875,9.0],"tintindex":0,"rotation":0,"texture":"#0"},"down":{"uv":[9.46875,0.6875,9.125,1.4375],"tintindex":0,"rotation":0,"texture":"#0"}}},{"from":[-9.67572,5.6864395,7.945175],"to":[-7.37307,18.515488,11.17985],"faces":{"east":{"uv":[4.125,2.125,4.3125,2.9375],"tintindex":0,"rotation":0,"texture":"#0"},"south":{"uv":[0.875,11.75,1.03125,12.5625],"tintindex":0,"rotation":0,"texture":"#0"},"north":{"uv":[10.5,11.6875,10.65625,12.5],"tintindex":0,"rotation":0,"texture":"#0"},"west":{"uv":[9.75,11.125,9.9375,11.9375],"tintindex":0,"rotation":0,"texture":"#0"},"up":{"uv":[2.03125,12.9375,1.875,12.75],"tintindex":0,"rotation":0,"texture":"#0"},"down":{"uv":[12.90625,8.625,12.75,8.8125],"tintindex":0,"rotation":0,"texture":"#0"}},"rotation":{"origin":[10.700001,14.200005,8.0],"angle":-22.5,"axis":"z"}},{"from":[7.1372795,8.153564,8.603075],"to":[8.891678,26.629585,11.61845],"faces":{"east":{"uv":[0.25,9.9375,0.4375,11.09375],"tintindex":0,"rotation":0,"texture":"#0"},"south":{"uv":[3.0625,11.375,3.1875,12.53125],"tintindex":0,"rotation":0,"texture":"#0"},"north":{"uv":[0.125,11.375,0.25,12.53125],"tintindex":0,"rotation":0,"texture":"#0"},"west":{"uv":[0.4375,9.9375,0.625,11.09375],"tintindex":0,"rotation":0,"texture":"#0"},"up":{"uv":[11.4375,13.3125,11.3125,13.125],"tintindex":0,"rotation":0,"texture":"#0"},"down":{"uv":[7.5,13.1875,7.375,13.375],"tintindex":0,"rotation":0,"texture":"#0"}},"rotation":{"origin":[15.232201,14.200005,8.0],"angle":-22.5,"axis":"z"}},{"from":[-1.4154205,9.085587,6.739025],"to":[2.0385551,22.79184,12.93425],"faces":{"east":{"uv":[2.8125,7.9375,3.1875,8.78125],"tintindex":0,"rotation":0,"texture":"#0"},"south":{"uv":[1.6875,10.5,1.90625,11.34375],"tintindex":0,"rotation":0,"texture":"#0"},"north":{"uv":[0.0,10.5,0.21875,11.34375],"tintindex":0,"rotation":0,"texture":"#0"},"west":{"uv":[3.1875,7.9375,3.5625,8.78125],"tintindex":0,"rotation":0,"texture":"#0"},"up":{"uv":[12.71875,4.4375,12.5,4.0625],"tintindex":0,"rotation":0,"texture":"#0"},"down":{"uv":[7.28125,12.5,7.0625,12.875],"tintindex":0,"rotation":0,"texture":"#0"}},"rotation":{"origin":[15.232201,14.200005,8.0],"angle":-22.5,"axis":"z"}},{"from":[-7.4827194,8.829735,2.389575],"to":[-5.180069,13.106087,5.62425],"faces":{"east":{"uv":[4.5,1.8125,4.6875,2.09375],"tintindex":0,"rotation":0,"texture":"#0"},"south":{"uv":[3.6875,10.8125,3.84375,11.09375],"tintindex":0,"rotation":0,"texture":"#0"},"north":{"uv":[7.6875,8.625,7.84375,8.90625],"tintindex":0,"rotation":0,"texture":"#0"},"west":{"uv":[8.4375,1.9375,8.625,2.21875],"tintindex":0,"rotation":0,"texture":"#0"},"up":{"uv":[6.40625,10.4375,6.25,10.25],"tintindex":0,"rotation":0,"texture":"#0"},"down":{"uv":[10.90625,10.4375,10.75,10.625],"tintindex":0,"rotation":0,"texture":"#0"}},"rotation":{"origin":[10.700001,14.200005,8.0],"angle":-22.5,"axis":"z"}},{"from":[-2.3291702,5.1381836,3.0657501],"to":[-0.5747719,15.500114,4.874975],"faces":{"east":{"uv":[1.1875,12.5,1.3125,13.15625],"tintindex":0,"rotation":0,"texture":"#0"},"south":{"uv":[1.3125,12.5,1.4375,13.15625],"tintindex":0,"rotation":0,"texture":"#0"},"north":{"uv":[1.0625,12.5,1.1875,13.15625],"tintindex":0,"rotation":0,"texture":"#0"},"west":{"uv":[1.4375,12.5,1.5625,13.15625],"tintindex":0,"rotation":0,"texture":"#0"},"up":{"uv":[11.25,4.4375,11.125,4.3125],"tintindex":0,"rotation":0,"texture":"#0"},"down":{"uv":[11.5,8.0,11.375,8.125],"tintindex":0,"rotation":0,"texture":"#0"}},"rotation":{"origin":[10.700001,14.200005,8.0],"angle":-22.5,"axis":"z"}},{"from":[-5.9476204,7.386009,7.01315],"to":[-2.6581192,22.627357,12.211875],"faces":{"east":{"uv":[8.5,2.8125,8.8125,3.75],"tintindex":0,"rotation":0,"texture":"#0"},"south":{"uv":[10.0625,10.125,10.28125,11.0625],"tintindex":0,"rotation":0,"texture":"#0"},"north":{"uv":[7.5,10.125,7.71875,11.0625],"tintindex":0,"rotation":0,"texture":"#0"},"west":{"uv":[8.5625,0.0,8.875,0.9375],"tintindex":0,"rotation":0,"texture":"#0"},"up":{"uv":[9.03125,13.375,8.8125,13.0625],"tintindex":0,"rotation":0,"texture":"#0"},"down":{"uv":[10.28125,13.0625,10.0625,13.375],"tintindex":0,"rotation":0,"texture":"#0"}},"rotation":{"origin":[10.700001,14.200005,8.0],"angle":-22.5,"axis":"z"}},{"from":[-1.6712685,5.1381836,4.2170753],"to":[-0.24581909,16.377312,6.0263],"faces":{"east":{"uv":[2.875,12.4375,3.0,13.125],"tintindex":0,"rotation":0,"texture":"#0"},"south":{"uv":[2.1875,13.5625,2.28125,14.25],"tintindex":0,"rotation":0,"texture":"#0"},"north":{"uv":[9.4375,13.5,9.53125,14.1875],"tintindex":0,"rotation":0,"texture":"#0"},"west":{"uv":[4.3125,12.4375,4.4375,13.125],"tintindex":0,"rotation":0,"texture":"#0"},"up":{"uv":[14.90625,7.875,14.8125,7.75],"tintindex":0,"rotation":0,"texture":"#0"},"down":{"uv":[14.90625,7.875,14.8125,8.0],"tintindex":0,"rotation":0,"texture":"#0"}},"rotation":{"origin":[10.700001,14.200005,8.0],"angle":-22.5,"axis":"z"}},{"from":[5.218403,8.153564,10.247825],"to":[7.5210533,16.212837,12.386],"faces":{"east":{"uv":[8.8125,13.625,8.9375,14.125],"tintindex":0,"rotation":0,"texture":"#0"},"south":{"uv":[12.5625,0.0,12.71875,0.5],"tintindex":0,"rotation":0,"texture":"#0"},"north":{"uv":[10.5,12.5,10.65625,13.0],"tintindex":0,"rotation":0,"texture":"#0"},"west":{"uv":[8.9375,13.625,9.0625,14.125],"tintindex":0,"rotation":0,"texture":"#0"},"up":{"uv":[12.96875,9.6875,12.8125,9.5625],"tintindex":0,"rotation":0,"texture":"#0"},"down":{"uv":[4.28125,13.0,4.125,13.125],"tintindex":0,"rotation":0,"texture":"#0"}},"rotation":{"origin":[15.232201,14.200005,8.0],"angle":-22.5,"axis":"z"}},{"from":[-1.0133705,7.386009,5.423225],"to":[0.74102783,17.747932,7.23245],"faces":{"east":{"uv":[4.4375,12.5,4.5625,13.15625],"tintindex":0,"rotation":0,"texture":"#0"},"south":{"uv":[4.5625,12.5,4.6875,13.15625],"tintindex":0,"rotation":0,"texture":"#0"},"north":{"uv":[1.5625,12.5,1.6875,13.15625],"tintindex":0,"rotation":0,"texture":"#0"},"west":{"uv":[6.9375,12.5,7.0625,13.15625],"tintindex":0,"rotation":0,"texture":"#0"},"up":{"uv":[10.8125,11.8125,10.6875,11.6875],"tintindex":0,"rotation":0,"texture":"#0"},"down":{"uv":[12.875,4.3125,12.75,4.4375],"tintindex":0,"rotation":0,"texture":"#0"}},"rotation":{"origin":[10.700001,14.200005,8.0],"angle":-22.5,"axis":"z"}},{"from":[-5.399372,7.386009,8.603075],"to":[-2.8225937,29.919083,12.111876],"faces":{"east":{"uv":[5.0625,7.9375,5.28125,9.34375],"tintindex":0,"rotation":0,"texture":"#0"},"south":{"uv":[7.8125,9.75,7.96875,11.15625],"tintindex":0,"rotation":0,"texture":"#0"},"north":{"uv":[4.5625,9.5,4.71875,10.90625],"tintindex":0,"rotation":0,"texture":"#0"},"west":{"uv":[5.3125,7.9375,5.53125,9.34375],"tintindex":0,"rotation":0,"texture":"#0"},"up":{"uv":[1.46875,14.34375,1.3125,14.125],"tintindex":0,"rotation":0,"texture":"#0"},"down":{"uv":[2.46875,14.125,2.3125,14.34375],"tintindex":0,"rotation":0,"texture":"#0"}},"rotation":{"origin":[10.700001,14.200005,8.0],"angle":-22.5,"axis":"z"}},{"from":[1.8192558,5.9605637,1.256525],"to":[3.5736542,12.667488,3.0657501],"faces":{"east":{"uv":[9.875,14.0,10.0,14.40625],"tintindex":0,"rotation":0,"texture":"#0"},"south":{"uv":[11.1875,14.0,11.3125,14.40625],"tintindex":0,"rotation":0,"texture":"#0"},"north":{"uv":[7.4375,14.0,7.5625,14.40625],"tintindex":0,"rotation":0,"texture":"#0"},"west":{"uv":[11.3125,14.0,11.4375,14.40625],"tintindex":0,"rotation":0,"texture":"#0"},"up":{"uv":[10.8125,13.25,10.6875,13.125],"tintindex":0,"rotation":0,"texture":"#0"},"down":{"uv":[11.3125,13.125,11.1875,13.25],"tintindex":0,"rotation":0,"texture":"#0"}},"rotation":{"origin":[10.700001,14.200005,8.0],"angle":-22.5,"axis":"z"}},{"from":[3.5188293,5.1381836,0.8727498],"to":[5.2732315,15.500114,2.681975],"faces":{"east":{"uv":[8.3125,12.5,8.4375,13.15625],"tintindex":0,"rotation":0,"texture":"#0"},"south":{"uv":[8.4375,12.5,8.5625,13.15625],"tintindex":0,"rotation":0,"texture":"#0"},"north":{"uv":[8.1875,12.5,8.3125,13.15625],"tintindex":0,"rotation":0,"texture":"#0"},"west":{"uv":[12.5,9.25,12.625,9.90625],"tintindex":0,"rotation":0,"texture":"#0"},"up":{"uv":[13.625,4.6875,13.5,4.5625],"tintindex":0,"rotation":0,"texture":"#0"},"down":{"uv":[13.6875,10.8125,13.5625,10.9375],"tintindex":0,"rotation":0,"texture":"#0"}},"rotation":{"origin":[10.700001,14.200005,8.0],"angle":-22.5,"axis":"x"}},{"from":[-2.3291702,5.1381836,-0.5892496],"to":[-0.5747719,15.500114,1.219975],"faces":{"east":{"uv":[0.5,12.5,0.625,13.15625],"tintindex":0,"rotation":0,"texture":"#0"},"south":{"uv":[0.625,12.5,0.75,13.15625],"tintindex":0,"rotation":0,"texture":"#0"},"north":{"uv":[11.9375,12.4375,12.0625,13.09375],"tintindex":0,"rotation":0,"texture":"#0"},"west":{"uv":[0.75,12.5,0.875,13.15625],"tintindex":0,"rotation":0,"texture":"#0"},"up":{"uv":[10.6875,4.125,10.5625,4.0],"tintindex":0,"rotation":0,"texture":"#0"},"down":{"uv":[5.8125,10.625,5.6875,10.75],"tintindex":0,"rotation":0,"texture":"#0"}},"rotation":{"origin":[10.700001,14.200005,8.0],"angle":-22.5,"axis":"x"}},{"from":[6.497654,9.030762,4.60085],"to":[7.977928,12.539558,7.177625],"faces":{"east":{"uv":[14.125,2.875,14.28125,3.09375],"tintindex":0,"rotation":0,"texture":"#0"},"south":{"uv":[14.4375,11.5625,14.53125,11.78125],"tintindex":0,"rotation":0,"texture":"#0"},"north":{"uv":[11.5625,14.4375,11.65625,14.65625],"tintindex":0,"rotation":0,"texture":"#0"},"west":{"uv":[14.125,3.125,14.28125,3.34375],"tintindex":0,"rotation":0,"texture":"#0"},"up":{"uv":[12.90625,14.90625,12.8125,14.75],"tintindex":0,"rotation":0,"texture":"#0"},"down":{"uv":[14.84375,12.875,14.75,13.03125],"tintindex":0,"rotation":0,"texture":"#0"}},"rotation":{"origin":[10.700001,14.200005,8.0],"angle":-22.5,"axis":"z"}},{"from":[2.5502548,5.9605637,3.4495249],"to":[4.304653,16.322487,5.25875],"faces":{"east":{"uv":[7.4375,12.5,7.5625,13.15625],"tintindex":0,"rotation":0,"texture":"#0"},"south":{"uv":[7.9375,12.5,8.0625,13.15625],"tintindex":0,"rotation":0,"texture":"#0"},"north":{"uv":[7.3125,12.5,7.4375,13.15625],"tintindex":0,"rotation":0,"texture":"#0"},"west":{"uv":[8.0625,12.5,8.1875,13.15625],"tintindex":0,"rotation":0,"texture":"#0"},"up":{"uv":[5.9375,13.5,5.8125,13.375],"tintindex":0,"rotation":0,"texture":"#0"},"down":{"uv":[5.125,13.4375,5.0,13.5625],"tintindex":0,"rotation":0,"texture":"#0"}},"rotation":{"origin":[10.700001,14.200005,8.0],"angle":-22.5,"axis":"z"}},{"from":[2.0568314,8.153564,7.6807],"to":[4.359478,19.55716,9.918875],"faces":{"east":{"uv":[8.5625,12.3125,8.6875,13.03125],"tintindex":0,"rotation":0,"texture":"#0"},"south":{"uv":[9.6875,11.9375,9.84375,12.65625],"tintindex":0,"rotation":0,"texture":"#0"},"north":{"uv":[11.9375,4.0625,12.09375,4.78125],"tintindex":0,"rotation":0,"texture":"#0"},"west":{"uv":[5.625,12.375,5.75,13.09375],"tintindex":0,"rotation":0,"texture":"#0"},"up":{"uv":[12.59375,7.3125,12.4375,7.1875],"tintindex":0,"rotation":0,"texture":"#0"},"down":{"uv":[12.78125,0.75,12.625,0.875],"tintindex":0,"rotation":0,"texture":"#0"}},"rotation":{"origin":[10.700001,14.200005,8.0],"angle":-22.5,"axis":"z"}},{"from":[5.6752815,8.153564,10.796075],"to":[7.5393295,20.653664,11.9474],"faces":{"east":{"uv":[0.75,5.6875,0.8125,6.46875],"tintindex":0,"rotation":0,"texture":"#0"},"south":{"uv":[6.625,7.8125,6.75,8.59375],"tintindex":0,"rotation":0,"texture":"#0"},"north":{"uv":[2.8125,7.125,2.9375,7.90625],"tintindex":0,"rotation":0,"texture":"#0"},"west":{"uv":[2.5,7.6875,2.5625,8.46875],"tintindex":0,"rotation":0,"texture":"#0"},"up":{"uv":[3.0,2.375,2.875,2.3125],"tintindex":0,"rotation":0,"texture":"#0"},"down":{"uv":[2.9375,3.0,2.8125,3.0625],"tintindex":0,"rotation":0,"texture":"#0"}},"rotation":{"origin":[10.700001,14.200005,8.0],"angle":-22.5,"axis":"z"}}],"display":{"gui":{"rotation":[30,225,0]}}}