{"textures":{"0":"modelengine:entity/demoniodehielo"},"elements":[{"from":[6.610298,7.0574493,6.13595],"to":[20.8648,9.908348,9.86405],"faces":{"east":{"uv":[12.3125,12.625,12.53125,12.8125],"tintindex":0,"rotation":0,"texture":"#0"},"south":{"uv":[11.0625,9.3125,11.96875,9.5],"tintindex":0,"rotation":0,"texture":"#0"},"north":{"uv":[10.875,5.4375,11.78125,5.625],"tintindex":0,"rotation":0,"texture":"#0"},"west":{"uv":[2.875,14.0625,3.09375,14.25],"tintindex":0,"rotation":0,"texture":"#0"},"up":{"uv":[11.34375,7.84375,10.4375,7.625],"tintindex":0,"rotation":0,"texture":"#0"},"down":{"uv":[11.34375,7.875,10.4375,8.09375],"tintindex":0,"rotation":0,"texture":"#0"}}}],"display":{"gui":{"rotation":[30,225,0]}}}