{"textures":{"0":"modelengine:entity/demoniodehielo"},"elements":[{"from":[-1.8299236,9.246117,7.835525],"to":[-0.8156605,14.728619,9.014263],"faces":{"east":{"uv":[4.875,12.0,5.03125,12.6875],"tintindex":0,"rotation":0,"texture":"#0"},"south":{"uv":[11.8125,12.375,11.9375,13.0625],"tintindex":0,"rotation":0,"texture":"#0"},"north":{"uv":[7.8125,12.375,7.9375,13.0625],"tintindex":0,"rotation":0,"texture":"#0"},"west":{"uv":[5.0625,12.0,5.21875,12.6875],"tintindex":0,"rotation":0,"texture":"#0"},"up":{"uv":[14.6875,1.84375,14.5625,1.6875],"tintindex":0,"rotation":0,"texture":"#0"},"down":{"uv":[14.6875,3.125,14.5625,3.28125],"tintindex":0,"rotation":0,"texture":"#0"}},"rotation":{"origin":[-0.9623127,10.432701,8.0],"angle":-22.5,"axis":"z"}},{"from":[-5.8325996,5.471039,6.13595],"to":[-3.3106499,9.829624,10.028525],"faces":{"east":{"uv":[8.125,8.875,8.625,9.40625],"tintindex":0,"rotation":0,"texture":"#0"},"south":{"uv":[3.5625,11.125,3.875,11.65625],"tintindex":0,"rotation":0,"texture":"#0"},"north":{"uv":[3.25,11.125,3.5625,11.65625],"tintindex":0,"rotation":0,"texture":"#0"},"west":{"uv":[8.875,8.6875,9.375,9.21875],"tintindex":0,"rotation":0,"texture":"#0"},"up":{"uv":[6.6875,12.0,6.375,11.5],"tintindex":0,"rotation":0,"texture":"#0"},"down":{"uv":[7.0,11.5,6.6875,12.0],"tintindex":0,"rotation":0,"texture":"#0"}}},{"from":[-0.37751198,8.815361,7.7532873],"to":[0.9656997,12.488636,9.672163],"faces":{"east":{"uv":[6.75,0.0,7.0,0.46875],"tintindex":0,"rotation":0,"texture":"#0"},"south":{"uv":[11.5625,12.8125,11.71875,13.28125],"tintindex":0,"rotation":0,"texture":"#0"},"north":{"uv":[9.0625,12.8125,9.21875,13.28125],"tintindex":0,"rotation":0,"texture":"#0"},"west":{"uv":[0.25,11.8125,0.5,12.28125],"tintindex":0,"rotation":0,"texture":"#0"},"up":{"uv":[9.65625,10.6875,9.5,10.4375],"tintindex":0,"rotation":0,"texture":"#0"},"down":{"uv":[4.71875,10.9375,4.5625,11.1875],"tintindex":0,"rotation":0,"texture":"#0"}},"rotation":{"origin":[0.2803874,10.432701,8.0],"angle":-45.0,"axis":"z"}},{"from":[0.17073774,5.7725754,6.6019626],"to":[3.9810748,9.418438,9.452863],"faces":{"east":{"uv":[11.25,4.3125,11.59375,4.78125],"tintindex":0,"rotation":0,"texture":"#0"},"south":{"uv":[8.4375,9.9375,8.90625,10.40625],"tintindex":0,"rotation":0,"texture":"#0"},"north":{"uv":[9.875,9.625,10.34375,10.09375],"tintindex":0,"rotation":0,"texture":"#0"},"west":{"uv":[11.25,4.8125,11.59375,5.28125],"tintindex":0,"rotation":0,"texture":"#0"},"up":{"uv":[11.78125,0.34375,11.3125,0.0],"tintindex":0,"rotation":0,"texture":"#0"},"down":{"uv":[10.78125,11.3125,10.3125,11.65625],"tintindex":0,"rotation":0,"texture":"#0"}}},{"from":[0.45445204,10.534504,6.7664375],"to":[1.1671777,12.288906,8.054825],"faces":{"east":{"uv":[14.125,7.0,14.28125,7.21875],"tintindex":0,"rotation":0,"texture":"#0"},"south":{"uv":[11.8125,14.4375,11.90625,14.65625],"tintindex":0,"rotation":0,"texture":"#0"},"north":{"uv":[11.6875,14.4375,11.78125,14.65625],"tintindex":0,"rotation":0,"texture":"#0"},"west":{"uv":[14.125,7.25,14.28125,7.46875],"tintindex":0,"rotation":0,"texture":"#0"},"up":{"uv":[14.84375,13.78125,14.75,13.625],"tintindex":0,"rotation":0,"texture":"#0"},"down":{"uv":[13.84375,14.75,13.75,14.90625],"tintindex":0,"rotation":0,"texture":"#0"}},"rotation":{"origin":[-3.2284126,10.432701,8.0],"angle":-22.5,"axis":"z"}},{"from":[-1.9395733,9.246117,6.8760877],"to":[-1.0623722,13.549881,8.054825],"faces":{"east":{"uv":[10.8125,12.4375,10.96875,12.96875],"tintindex":0,"rotation":0,"texture":"#0"},"south":{"uv":[9.5,3.6875,9.625,4.21875],"tintindex":0,"rotation":0,"texture":"#0"},"north":{"uv":[4.1875,7.9375,4.3125,8.46875],"tintindex":0,"rotation":0,"texture":"#0"},"west":{"uv":[11.0,12.4375,11.15625,12.96875],"tintindex":0,"rotation":0,"texture":"#0"},"up":{"uv":[14.6875,8.03125,14.5625,7.875],"tintindex":0,"rotation":0,"texture":"#0"},"down":{"uv":[14.6875,8.9375,14.5625,9.09375],"tintindex":0,"rotation":0,"texture":"#0"}},"rotation":{"origin":[-0.9623127,10.432701,8.0],"angle":-22.5,"axis":"z"}},{"from":[3.8988376,6.074112,5.6425247],"to":[6.612675,9.116901,10.4123],"faces":{"east":{"uv":[3.25,9.875,3.84375,10.25],"tintindex":0,"rotation":0,"texture":"#0"},"south":{"uv":[0.5,11.75,0.84375,12.125],"tintindex":0,"rotation":0,"texture":"#0"},"north":{"uv":[11.5625,11.6875,11.90625,12.0625],"tintindex":0,"rotation":0,"texture":"#0"},"west":{"uv":[3.875,9.875,4.46875,10.25],"tintindex":0,"rotation":0,"texture":"#0"},"up":{"uv":[2.78125,10.78125,2.4375,10.1875],"tintindex":0,"rotation":0,"texture":"#0"},"down":{"uv":[3.15625,10.1875,2.8125,10.78125],"tintindex":0,"rotation":0,"texture":"#0"}}},{"from":[-5.860012,5.6629257,6.410075],"to":[-3.5025387,9.637737,9.7544],"faces":{"east":{"uv":[10.3125,4.4375,10.71875,4.9375],"tintindex":0,"rotation":0,"texture":"#0"},"south":{"uv":[11.625,4.8125,11.90625,5.3125],"tintindex":0,"rotation":0,"texture":"#0"},"north":{"uv":[11.625,4.3125,11.90625,4.8125],"tintindex":0,"rotation":0,"texture":"#0"},"west":{"uv":[10.3125,10.125,10.71875,10.625],"tintindex":0,"rotation":0,"texture":"#0"},"up":{"uv":[8.28125,12.28125,8.0,11.875],"tintindex":0,"rotation":0,"texture":"#0"},"down":{"uv":[12.15625,10.3125,11.875,10.71875],"tintindex":0,"rotation":0,"texture":"#0"}}},{"from":[5.543587,6.485298,5.2861624],"to":[8.257425,8.897598,10.713838],"faces":{"east":{"uv":[10.0,4.125,10.6875,4.4375],"tintindex":0,"rotation":0,"texture":"#0"},"south":{"uv":[12.0,1.5,12.34375,1.8125],"tintindex":0,"rotation":0,"texture":"#0"},"north":{"uv":[11.9375,5.875,12.28125,6.1875],"tintindex":0,"rotation":0,"texture":"#0"},"west":{"uv":[10.0625,8.875,10.75,9.1875],"tintindex":0,"rotation":0,"texture":"#0"},"up":{"uv":[9.96875,2.5625,9.625,1.875],"tintindex":0,"rotation":0,"texture":"#0"},"down":{"uv":[9.96875,2.5625,9.625,3.25],"tintindex":0,"rotation":0,"texture":"#0"}}},{"from":[-1.6110764,5.6629257,6.410075],"to":[2.1992621,9.637737,9.7544],"faces":{"east":{"uv":[4.0,10.25,4.40625,10.75],"tintindex":0,"rotation":0,"texture":"#0"},"south":{"uv":[9.6875,0.0,10.15625,0.5],"tintindex":0,"rotation":0,"texture":"#0"},"north":{"uv":[9.375,9.625,9.84375,10.125],"tintindex":0,"rotation":0,"texture":"#0"},"west":{"uv":[5.8125,10.25,6.21875,10.75],"tintindex":0,"rotation":0,"texture":"#0"},"up":{"uv":[1.09375,11.15625,0.625,10.75],"tintindex":0,"rotation":0,"texture":"#0"},"down":{"uv":[4.34375,10.75,3.875,11.15625],"tintindex":0,"rotation":0,"texture":"#0"}}},{"from":[-2.862461,9.246117,8.438601],"to":[-2.2319736,13.056454,9.233562],"faces":{"east":{"uv":[13.0,14.0,13.09375,14.46875],"tintindex":0,"rotation":0,"texture":"#0"},"south":{"uv":[13.125,14.0,13.21875,14.46875],"tintindex":0,"rotation":0,"texture":"#0"},"north":{"uv":[12.875,14.0,12.96875,14.46875],"tintindex":0,"rotation":0,"texture":"#0"},"west":{"uv":[13.25,14.0,13.34375,14.46875],"tintindex":0,"rotation":0,"texture":"#0"},"up":{"uv":[15.03125,5.34375,14.9375,5.25],"tintindex":0,"rotation":0,"texture":"#0"},"down":{"uv":[15.03125,5.375,14.9375,5.46875],"tintindex":0,"rotation":0,"texture":"#0"}},"rotation":{"origin":[-3.2284126,10.432701,8.0],"angle":-22.5,"axis":"z"}},{"from":[-0.5419884,7.9107513,7.3695126],"to":[0.85605,13.3932495,8.822374],"faces":{"east":{"uv":[1.125,11.4375,1.3125,12.125],"tintindex":0,"rotation":0,"texture":"#0"},"south":{"uv":[3.625,11.6875,3.8125,12.375],"tintindex":0,"rotation":0,"texture":"#0"},"north":{"uv":[0.5625,7.1875,0.75,7.875],"tintindex":0,"rotation":0,"texture":"#0"},"west":{"uv":[10.3125,11.6875,10.5,12.375],"tintindex":0,"rotation":0,"texture":"#0"},"up":{"uv":[8.8125,2.8125,8.625,2.625],"tintindex":0,"rotation":0,"texture":"#0"},"down":{"uv":[6.625,9.1875,6.4375,9.375],"tintindex":0,"rotation":0,"texture":"#0"}},"rotation":{"origin":[0.2803874,10.432701,8.0],"angle":-45.0,"axis":"z"}},{"from":[-2.6431599,9.246117,6.9857373],"to":[-1.9304352,13.549881,7.945175],"faces":{"east":{"uv":[7.1875,13.4375,7.3125,13.96875],"tintindex":0,"rotation":0,"texture":"#0"},"south":{"uv":[12.0625,14.0,12.15625,14.53125],"tintindex":0,"rotation":0,"texture":"#0"},"north":{"uv":[11.9375,14.0,12.03125,14.53125],"tintindex":0,"rotation":0,"texture":"#0"},"west":{"uv":[8.3125,13.4375,8.4375,13.96875],"tintindex":0,"rotation":0,"texture":"#0"},"up":{"uv":[14.90625,7.625,14.8125,7.5],"tintindex":0,"rotation":0,"texture":"#0"},"down":{"uv":[14.90625,7.625,14.8125,7.75],"tintindex":0,"rotation":0,"texture":"#0"}},"rotation":{"origin":[-3.2284126,10.432701,8.0],"angle":-22.5,"axis":"z"}},{"from":[-4.7086887,5.7725754,6.6019626],"to":[-0.89834976,9.418438,9.452863],"faces":{"east":{"uv":[10.8125,11.3125,11.15625,11.78125],"tintindex":0,"rotation":0,"texture":"#0"},"south":{"uv":[10.0,1.4375,10.46875,1.90625],"tintindex":0,"rotation":0,"texture":"#0"},"north":{"uv":[1.4375,10.0,1.90625,10.46875],"tintindex":0,"rotation":0,"texture":"#0"},"west":{"uv":[11.1875,11.3125,11.53125,11.78125],"tintindex":0,"rotation":0,"texture":"#0"},"up":{"uv":[1.84375,11.71875,1.375,11.375],"tintindex":0,"rotation":0,"texture":"#0"},"down":{"uv":[3.03125,11.375,2.5625,11.71875],"tintindex":0,"rotation":0,"texture":"#0"}}},{"from":[-0.37751198,8.815361,6.7116127],"to":[0.36262465,10.487526,8.630487],"faces":{"east":{"uv":[6.5625,2.875,6.8125,3.09375],"tintindex":0,"rotation":0,"texture":"#0"},"south":{"uv":[11.3125,14.4375,11.40625,14.65625],"tintindex":0,"rotation":0,"texture":"#0"},"north":{"uv":[11.1875,14.4375,11.28125,14.65625],"tintindex":0,"rotation":0,"texture":"#0"},"west":{"uv":[8.375,7.25,8.625,7.46875],"tintindex":0,"rotation":0,"texture":"#0"},"up":{"uv":[10.40625,13.3125,10.3125,13.0625],"tintindex":0,"rotation":0,"texture":"#0"},"down":{"uv":[14.40625,0.875,14.3125,1.125],"tintindex":0,"rotation":0,"texture":"#0"}},"rotation":{"origin":[0.2803874,10.432701,8.0],"angle":-45.0,"axis":"z"}},{"from":[-1.9578476,9.246117,6.739025],"to":[-1.1080608,11.548767,7.945175],"faces":{"east":{"uv":[0.1875,12.75,0.34375,13.03125],"tintindex":0,"rotation":0,"texture":"#0"},"south":{"uv":[7.9375,14.4375,8.03125,14.71875],"tintindex":0,"rotation":0,"texture":"#0"},"north":{"uv":[14.4375,7.75,14.53125,8.03125],"tintindex":0,"rotation":0,"texture":"#0"},"west":{"uv":[13.375,14.0,13.53125,14.28125],"tintindex":0,"rotation":0,"texture":"#0"},"up":{"uv":[13.59375,14.90625,13.5,14.75],"tintindex":0,"rotation":0,"texture":"#0"},"down":{"uv":[13.71875,14.75,13.625,14.90625],"tintindex":0,"rotation":0,"texture":"#0"}},"rotation":{"origin":[-3.2284126,10.432701,8.0],"angle":-22.5,"axis":"z"}},{"from":[-3.465536,8.917168,6.7664375],"to":[-2.588335,10.671566,8.054825],"faces":{"east":{"uv":[6.0,14.125,6.15625,14.34375],"tintindex":0,"rotation":0,"texture":"#0"},"south":{"uv":[12.0,9.25,12.125,9.46875],"tintindex":0,"rotation":0,"texture":"#0"},"north":{"uv":[11.8125,4.0625,11.9375,4.28125],"tintindex":0,"rotation":0,"texture":"#0"},"west":{"uv":[6.1875,14.125,6.34375,14.34375],"tintindex":0,"rotation":0,"texture":"#0"},"up":{"uv":[7.1875,14.78125,7.0625,14.625],"tintindex":0,"rotation":0,"texture":"#0"},"down":{"uv":[7.3125,14.625,7.1875,14.78125],"tintindex":0,"rotation":0,"texture":"#0"}},"rotation":{"origin":[-3.2284126,10.432701,8.0],"angle":-22.5,"axis":"z"}}],"display":{"gui":{"rotation":[30,225,0]}}}