{"textures":{"0":"modelengine:entity/demoniodehielo"},"elements":[{"from":[-10.835823,6.753456,8.451324],"to":[-6.9980774,10.262253,12.837325],"faces":{"east":{"uv":[1.0,13.6875,1.28125,13.90625],"tintindex":0,"rotation":0,"texture":"#0"},"south":{"uv":[8.9375,11.4375,9.1875,11.65625],"tintindex":0,"rotation":0,"texture":"#0"},"north":{"uv":[8.875,0.6875,9.125,0.90625],"tintindex":0,"rotation":0,"texture":"#0"},"west":{"uv":[1.3125,13.6875,1.59375,13.90625],"tintindex":0,"rotation":0,"texture":"#0"},"up":{"uv":[12.3125,13.28125,12.0625,13.0],"tintindex":0,"rotation":0,"texture":"#0"},"down":{"uv":[8.8125,13.0625,8.5625,13.34375],"tintindex":0,"rotation":0,"texture":"#0"}}},{"from":[1.6642723,5.4924774,7.1355247],"to":[3.1445503,11.578056,14.153125],"faces":{"east":{"uv":[8.0,3.5,8.4375,3.875],"tintindex":0,"rotation":0,"texture":"#0"},"south":{"uv":[14.0625,7.8125,14.15625,8.1875],"tintindex":0,"rotation":0,"texture":"#0"},"north":{"uv":[14.0625,4.5625,14.15625,4.9375],"tintindex":0,"rotation":0,"texture":"#0"},"west":{"uv":[11.1875,1.6875,11.625,2.0625],"tintindex":0,"rotation":0,"texture":"#0"},"up":{"uv":[0.40625,14.5,0.3125,14.0625],"tintindex":0,"rotation":0,"texture":"#0"},"down":{"uv":[0.53125,14.0625,0.4375,14.5],"tintindex":0,"rotation":0,"texture":"#0"}}},{"from":[3.4186745,5.1635284,6.367975],"to":[6.4888725,11.907005,14.920675],"faces":{"east":{"uv":[10.0,2.375,10.53125,2.78125],"tintindex":0,"rotation":0,"texture":"#0"},"south":{"uv":[4.125,12.5625,4.3125,12.96875],"tintindex":0,"rotation":0,"texture":"#0"},"north":{"uv":[0.875,12.5625,1.0625,12.96875],"tintindex":0,"rotation":0,"texture":"#0"},"west":{"uv":[10.0,2.8125,10.53125,3.21875],"tintindex":0,"rotation":0,"texture":"#0"},"up":{"uv":[5.4375,12.78125,5.25,12.25],"tintindex":0,"rotation":0,"texture":"#0"},"down":{"uv":[5.625,12.25,5.4375,12.78125],"tintindex":0,"rotation":0,"texture":"#0"}}},{"from":[-5.627449,6.0407257,8.012725],"to":[-1.7897034,11.0298,13.275925],"faces":{"east":{"uv":[11.875,10.75,12.21875,11.0625],"tintindex":0,"rotation":0,"texture":"#0"},"south":{"uv":[3.0,12.5625,3.25,12.875],"tintindex":0,"rotation":0,"texture":"#0"},"north":{"uv":[7.625,2.0,7.875,2.3125],"tintindex":0,"rotation":0,"texture":"#0"},"west":{"uv":[11.9375,4.8125,12.28125,5.125],"tintindex":0,"rotation":0,"texture":"#0"},"up":{"uv":[1.75,9.96875,1.5,9.625],"tintindex":0,"rotation":0,"texture":"#0"},"down":{"uv":[9.25,12.4375,9.0,12.78125],"tintindex":0,"rotation":0,"texture":"#0"}}},{"from":[6.5628777,4.9285355,7.683775],"to":[8.426929,13.316765,10.47985],"faces":{"east":{"uv":[12.25,6.1875,12.4375,6.71875],"tintindex":0,"rotation":0,"texture":"#0"},"south":{"uv":[6.4375,13.5,6.5625,14.03125],"tintindex":0,"rotation":0,"texture":"#0"},"north":{"uv":[9.875,13.4375,10.0,13.96875],"tintindex":0,"rotation":0,"texture":"#0"},"west":{"uv":[12.25,6.75,12.4375,7.28125],"tintindex":0,"rotation":0,"texture":"#0"},"up":{"uv":[9.6875,13.4375,9.5625,13.25],"tintindex":0,"rotation":0,"texture":"#0"},"down":{"uv":[9.25,13.3125,9.125,13.5],"tintindex":0,"rotation":0,"texture":"#0"}},"rotation":{"origin":[26.5,14.100006,7.3],"angle":-22.5,"axis":"z"}},{"from":[-2.3379517,5.8214264,7.464475],"to":[0.95154953,11.303932,13.824175],"faces":{"east":{"uv":[4.875,11.625,5.28125,11.96875],"tintindex":0,"rotation":0,"texture":"#0"},"south":{"uv":[12.0625,12.625,12.28125,12.96875],"tintindex":0,"rotation":0,"texture":"#0"},"north":{"uv":[12.625,10.625,12.84375,10.96875],"tintindex":0,"rotation":0,"texture":"#0"},"west":{"uv":[3.1875,11.6875,3.59375,12.03125],"tintindex":0,"rotation":0,"texture":"#0"},"up":{"uv":[10.46875,12.78125,10.25,12.375],"tintindex":0,"rotation":0,"texture":"#0"},"down":{"uv":[11.78125,12.375,11.5625,12.78125],"tintindex":0,"rotation":0,"texture":"#0"}}},{"from":[9.030003,4.2158127,11.9053],"to":[10.83923,10.95929,13.604876],"faces":{"east":{"uv":[4.5,14.0625,4.59375,14.46875],"tintindex":0,"rotation":0,"texture":"#0"},"south":{"uv":[11.8125,14.0,11.9375,14.40625],"tintindex":0,"rotation":0,"texture":"#0"},"north":{"uv":[11.6875,14.0,11.8125,14.40625],"tintindex":0,"rotation":0,"texture":"#0"},"west":{"uv":[4.625,14.0625,4.71875,14.46875],"tintindex":0,"rotation":0,"texture":"#0"},"up":{"uv":[14.9375,9.21875,14.8125,9.125],"tintindex":0,"rotation":0,"texture":"#0"},"down":{"uv":[14.9375,9.25,14.8125,9.34375],"tintindex":0,"rotation":0,"texture":"#0"}},"rotation":{"origin":[18.331074,11.8521805,14.86585],"angle":-22.5,"axis":"z"}},{"from":[-4.2020035,5.8214264,6.477625],"to":[0.95154953,11.249107,10.91845],"faces":{"east":{"uv":[12.25,7.9375,12.53125,8.28125],"tintindex":0,"rotation":0,"texture":"#0"},"south":{"uv":[11.9375,6.4375,12.25,6.78125],"tintindex":0,"rotation":0,"texture":"#0"},"north":{"uv":[7.125,9.375,7.4375,9.71875],"tintindex":0,"rotation":0,"texture":"#0"},"west":{"uv":[12.25,8.3125,12.53125,8.65625],"tintindex":0,"rotation":0,"texture":"#0"},"up":{"uv":[12.75,7.15625,12.4375,6.875],"tintindex":0,"rotation":0,"texture":"#0"},"down":{"uv":[9.0,12.4375,8.6875,12.71875],"tintindex":0,"rotation":0,"texture":"#0"}}},{"from":[-0.03530121,5.656952,7.19035],"to":[2.1576996,11.413582,14.0983],"faces":{"east":{"uv":[3.875,11.1875,4.3125,11.5625],"tintindex":0,"rotation":0,"texture":"#0"},"south":{"uv":[1.75,8.25,1.875,8.625],"tintindex":0,"rotation":0,"texture":"#0"},"north":{"uv":[3.5625,5.75,3.6875,6.125],"tintindex":0,"rotation":0,"texture":"#0"},"west":{"uv":[4.5625,11.1875,5.0,11.5625],"tintindex":0,"rotation":0,"texture":"#0"},"up":{"uv":[4.5625,12.125,4.4375,11.6875],"tintindex":0,"rotation":0,"texture":"#0"},"down":{"uv":[5.3125,14.0,5.1875,14.4375],"tintindex":0,"rotation":0,"texture":"#0"}}},{"from":[3.8216286,2.1324615,8.341675],"to":[4.8084793,8.930763,9.7123],"faces":{"east":{"uv":[2.625,14.0625,2.71875,14.5],"tintindex":0,"rotation":0,"texture":"#0"},"south":{"uv":[6.9375,4.6875,7.0,5.125],"tintindex":0,"rotation":0,"texture":"#0"},"north":{"uv":[1.5,4.5625,1.5625,5.0],"tintindex":0,"rotation":0,"texture":"#0"},"west":{"uv":[2.75,14.0625,2.84375,14.5],"tintindex":0,"rotation":0,"texture":"#0"},"up":{"uv":[8.875,9.21875,8.8125,9.125],"tintindex":0,"rotation":0,"texture":"#0"},"down":{"uv":[6.0625,9.75,6.0,9.84375],"tintindex":0,"rotation":0,"texture":"#0"}},"rotation":{"origin":[15.754299,11.8521805,11.686],"angle":-22.5,"axis":"z"}},{"from":[2.5962982,5.328003,6.806575],"to":[5.6665,11.742531,14.482075],"faces":{"east":{"uv":[10.75,4.4375,11.21875,4.84375],"tintindex":0,"rotation":0,"texture":"#0"},"south":{"uv":[6.75,12.5625,6.9375,12.96875],"tintindex":0,"rotation":0,"texture":"#0"},"north":{"uv":[6.5625,12.5625,6.75,12.96875],"tintindex":0,"rotation":0,"texture":"#0"},"west":{"uv":[5.6875,10.75,6.15625,11.15625],"tintindex":0,"rotation":0,"texture":"#0"},"up":{"uv":[8.625,9.90625,8.4375,9.4375],"tintindex":0,"rotation":0,"texture":"#0"},"down":{"uv":[1.875,12.4375,1.6875,12.90625],"tintindex":0,"rotation":0,"texture":"#0"}}},{"from":[5.8309746,4.944229,6.587275],"to":[8.023975,12.126305,14.701375],"faces":{"east":{"uv":[1.9375,10.0,2.4375,10.4375],"tintindex":0,"rotation":0,"texture":"#0"},"south":{"uv":[6.75,7.125,6.875,7.5625],"tintindex":0,"rotation":0,"texture":"#0"},"north":{"uv":[1.5625,6.0,1.6875,6.4375],"tintindex":0,"rotation":0,"texture":"#0"},"west":{"uv":[10.0,1.9375,10.5,2.375],"tintindex":0,"rotation":0,"texture":"#0"},"up":{"uv":[10.125,14.125,10.0,13.625],"tintindex":0,"rotation":0,"texture":"#0"},"down":{"uv":[10.25,13.625,10.125,14.125],"tintindex":0,"rotation":0,"texture":"#0"}}},{"from":[5.9598045,2.7903595,11.082925],"to":[7.385254,14.029488,12.89215],"faces":{"east":{"uv":[9.25,12.4375,9.375,13.125],"tintindex":0,"rotation":0,"texture":"#0"},"south":{"uv":[5.625,13.625,5.71875,14.3125],"tintindex":0,"rotation":0,"texture":"#0"},"north":{"uv":[12.25,13.5625,12.34375,14.25],"tintindex":0,"rotation":0,"texture":"#0"},"west":{"uv":[10.6875,12.4375,10.8125,13.125],"tintindex":0,"rotation":0,"texture":"#0"},"up":{"uv":[14.90625,9.0,14.8125,8.875],"tintindex":0,"rotation":0,"texture":"#0"},"down":{"uv":[14.90625,9.0,14.8125,9.125],"tintindex":0,"rotation":0,"texture":"#0"}},"rotation":{"origin":[18.331074,11.8521805,14.86585],"angle":-22.5,"axis":"z"}},{"from":[-7.82045,6.0407257,8.50615],"to":[-3.9827042,11.084625,12.7825],"faces":{"east":{"uv":[11.1875,8.375,11.46875,8.6875],"tintindex":0,"rotation":0,"texture":"#0"},"south":{"uv":[3.5,12.5625,3.75,12.875],"tintindex":0,"rotation":0,"texture":"#0"},"north":{"uv":[3.25,12.5625,3.5,12.875],"tintindex":0,"rotation":0,"texture":"#0"},"west":{"uv":[3.8125,12.4375,4.09375,12.75],"tintindex":0,"rotation":0,"texture":"#0"},"up":{"uv":[7.3125,13.15625,7.0625,12.875],"tintindex":0,"rotation":0,"texture":"#0"},"down":{"uv":[10.6875,13.0,10.4375,13.28125],"tintindex":0,"rotation":0,"texture":"#0"}}},{"from":[8.755878,2.0045395,4.613575],"to":[10.61993,11.269966,7.40965],"faces":{"east":{"uv":[2.0625,12.0,2.25,12.59375],"tintindex":0,"rotation":0,"texture":"#0"},"south":{"uv":[0.375,12.75,0.5,13.34375],"tintindex":0,"rotation":0,"texture":"#0"},"north":{"uv":[1.4375,6.5,1.5625,7.09375],"tintindex":0,"rotation":0,"texture":"#0"},"west":{"uv":[2.25,12.0,2.4375,12.59375],"tintindex":0,"rotation":0,"texture":"#0"},"up":{"uv":[12.0625,13.5625,11.9375,13.375],"tintindex":0,"rotation":0,"texture":"#0"},"down":{"uv":[14.4375,6.5625,14.3125,6.75],"tintindex":0,"rotation":0,"texture":"#0"}},"rotation":{"origin":[26.5,14.100006,7.3],"angle":-22.5,"axis":"z"}}],"display":{"gui":{"rotation":[30,225,0]}}}