{"textures":{"0":"modelengine:entity/demoniodehielo"},"elements":[{"from":[7.731775,6.5852966,5.2861624],"to":[10.445613,8.997597,10.713838],"faces":{"east":{"uv":[10.0625,9.1875,10.75,9.5],"tintindex":0,"rotation":0,"texture":"#0"},"south":{"uv":[6.4375,12.0,6.78125,12.3125],"tintindex":0,"rotation":0,"texture":"#0"},"north":{"uv":[6.0625,12.0,6.40625,12.3125],"tintindex":0,"rotation":0,"texture":"#0"},"west":{"uv":[0.625,10.125,1.3125,10.4375],"tintindex":0,"rotation":0,"texture":"#0"},"up":{"uv":[9.96875,3.9375,9.625,3.25],"tintindex":0,"rotation":0,"texture":"#0"},"down":{"uv":[9.96875,3.9375,9.625,4.625],"tintindex":0,"rotation":0,"texture":"#0"}}},{"from":[15.544337,7.078724,7.067975],"to":[23.439138,8.504173,8.932025],"faces":{"east":{"uv":[9.25,7.0625,9.46875,7.25],"tintindex":0,"rotation":0,"texture":"#0"},"south":{"uv":[10.625,0.6875,11.625,0.875],"tintindex":0,"rotation":0,"texture":"#0"},"north":{"uv":[10.5,8.6875,11.5,8.875],"tintindex":0,"rotation":0,"texture":"#0"},"west":{"uv":[2.5,9.6875,2.71875,9.875],"tintindex":0,"rotation":0,"texture":"#0"},"up":{"uv":[10.75,8.34375,9.75,8.125],"tintindex":0,"rotation":0,"texture":"#0"},"down":{"uv":[10.875,7.375,9.875,7.59375],"tintindex":0,"rotation":0,"texture":"#0"}}},{"from":[9.294288,6.7223625,6.300425],"to":[12.008125,8.860535,9.699575],"faces":{"east":{"uv":[11.875,1.1875,12.3125,1.46875],"tintindex":0,"rotation":0,"texture":"#0"},"south":{"uv":[12.25,10.8125,12.59375,11.09375],"tintindex":0,"rotation":0,"texture":"#0"},"north":{"uv":[12.25,10.5,12.59375,10.78125],"tintindex":0,"rotation":0,"texture":"#0"},"west":{"uv":[11.875,2.0625,12.3125,2.34375],"tintindex":0,"rotation":0,"texture":"#0"},"up":{"uv":[11.78125,3.8125,11.4375,3.375],"tintindex":0,"rotation":0,"texture":"#0"},"down":{"uv":[11.84375,8.0,11.5,8.4375],"tintindex":0,"rotation":0,"texture":"#0"}}},{"from":[22.9183,6.9964867,6.9035],"to":[24.617874,8.5864105,9.0965],"faces":{"east":{"uv":[10.25,14.0,10.53125,14.1875],"tintindex":0,"rotation":0,"texture":"#0"},"south":{"uv":[11.125,6.875,11.34375,7.0625],"tintindex":0,"rotation":0,"texture":"#0"},"north":{"uv":[5.5625,10.4375,5.78125,10.625],"tintindex":0,"rotation":0,"texture":"#0"},"west":{"uv":[14.0,10.9375,14.28125,11.125],"tintindex":0,"rotation":0,"texture":"#0"},"up":{"uv":[1.84375,13.96875,1.625,13.6875],"tintindex":0,"rotation":0,"texture":"#0"},"down":{"uv":[13.90625,3.5,13.6875,3.78125],"tintindex":0,"rotation":0,"texture":"#0"}}},{"from":[9.294288,6.9142494,6.8212624],"to":[18.066288,8.668648,9.178738],"faces":{"east":{"uv":[13.6875,1.375,13.96875,1.59375],"tintindex":0,"rotation":0,"texture":"#0"},"south":{"uv":[9.375,8.625,10.46875,8.84375],"tintindex":0,"rotation":0,"texture":"#0"},"north":{"uv":[9.3125,8.375,10.40625,8.59375],"tintindex":0,"rotation":0,"texture":"#0"},"west":{"uv":[2.3125,13.6875,2.59375,13.90625],"tintindex":0,"rotation":0,"texture":"#0"},"up":{"uv":[9.09375,1.21875,8.0,0.9375],"tintindex":0,"rotation":0,"texture":"#0"},"down":{"uv":[9.09375,1.25,8.0,1.53125],"tintindex":0,"rotation":0,"texture":"#0"}}}],"display":{"gui":{"rotation":[30,225,0]}}}