{"textures":{"0":"modelengine:entity/demoniodehielo"},"elements":[{"from":[0.5437999,6.003273,3.157125],"to":[15.565849,10.060326,12.842875],"faces":{"east":{"uv":[8.625,6.625,9.21875,6.875],"tintindex":0,"rotation":0,"texture":"#0"},"south":{"uv":[9.6875,5.75,10.625,6.0],"tintindex":0,"rotation":0,"texture":"#0"},"north":{"uv":[9.625,5.5,10.5625,5.75],"tintindex":0,"rotation":0,"texture":"#0"},"west":{"uv":[11.3125,0.375,11.90625,0.625],"tintindex":0,"rotation":0,"texture":"#0"},"up":{"uv":[5.9375,0.59375,5.0,0.0],"tintindex":0,"rotation":0,"texture":"#0"},"down":{"uv":[6.0,1.8125,5.0625,2.40625],"tintindex":0,"rotation":0,"texture":"#0"}}},{"from":[5.69735,3.536148,3.2667751],"to":[10.8509,12.088852,12.733225],"faces":{"east":{"uv":[3.5625,7.9375,4.15625,8.46875],"tintindex":0,"rotation":0,"texture":"#0"},"south":{"uv":[0.8125,11.1875,1.125,11.71875],"tintindex":0,"rotation":0,"texture":"#0"},"north":{"uv":[0.5,11.1875,0.8125,11.71875],"tintindex":0,"rotation":0,"texture":"#0"},"west":{"uv":[7.9375,3.875,8.53125,4.40625],"tintindex":0,"rotation":0,"texture":"#0"},"up":{"uv":[8.3125,11.28125,8.0,10.6875],"tintindex":0,"rotation":0,"texture":"#0"},"down":{"uv":[11.0625,8.875,10.75,9.46875],"tintindex":0,"rotation":0,"texture":"#0"}}},{"from":[1.8596001,6.003273,2.6088748],"to":[14.68865,11.266472,13.391125],"faces":{"east":{"uv":[9.5,1.0625,10.1875,1.40625],"tintindex":0,"rotation":0,"texture":"#0"},"south":{"uv":[2.75,8.8125,3.5625,9.15625],"tintindex":0,"rotation":0,"texture":"#0"},"north":{"uv":[8.8125,2.625,9.625,2.96875],"tintindex":0,"rotation":0,"texture":"#0"},"west":{"uv":[9.625,4.625,10.3125,4.96875],"tintindex":0,"rotation":0,"texture":"#0"},"up":{"uv":[5.5,5.4375,4.6875,4.75],"tintindex":0,"rotation":0,"texture":"#0"},"down":{"uv":[0.8125,5.0,0.0,5.6875],"tintindex":0,"rotation":0,"texture":"#0"}}}],"display":{"gui":{"rotation":[30,225,0]}}}