{"textures":{"0":"modelengine:entity/demoniodehielo"},"elements":[{"from":[1.6408768,7.0929794,7.067975],"to":[9.48085,9.176331,8.98685],"faces":{"east":{"uv":[13.75,0.375,13.875,0.5],"tintindex":0,"rotation":0,"texture":"#0"},"south":{"uv":[9.875,7.625,10.375,7.75],"tintindex":0,"rotation":0,"texture":"#0"},"north":{"uv":[6.0,2.3125,6.5,2.4375],"tintindex":0,"rotation":0,"texture":"#0"},"west":{"uv":[13.75,1.625,13.875,1.75],"tintindex":0,"rotation":0,"texture":"#0"},"up":{"uv":[11.75,5.4375,11.25,5.3125],"tintindex":0,"rotation":0,"texture":"#0"},"down":{"uv":[14.0,1.0,13.5,1.125],"tintindex":0,"rotation":0,"texture":"#0"}}},{"from":[-1.1003723,9.011856,7.67105],"to":[9.48085,9.231155,8.383775],"faces":{"east":{"uv":[2.375,6.4375,2.40625,6.46875],"tintindex":0,"rotation":0,"texture":"#0"},"south":{"uv":[7.3125,2.8125,7.96875,2.84375],"tintindex":0,"rotation":0,"texture":"#0"},"north":{"uv":[5.5625,4.6875,6.21875,4.71875],"tintindex":0,"rotation":0,"texture":"#0"},"west":{"uv":[2.4375,6.4375,2.46875,6.46875],"tintindex":0,"rotation":0,"texture":"#0"},"up":{"uv":[8.53125,2.28125,7.875,2.25],"tintindex":0,"rotation":0,"texture":"#0"},"down":{"uv":[14.78125,12.8125,14.125,12.84375],"tintindex":0,"rotation":0,"texture":"#0"}}}],"display":{"gui":{"rotation":[30,225,0]}}}