{"textures":{"0":"modelengine:entity/demoniodehielo"},"elements":[{"from":[5.514717,7.2835464,7.1874933],"to":[10.626228,8.737503,8.85527],"faces":{"east":{"uv":[14.9375,6.5,15.03125,6.59375],"tintindex":0,"rotation":0,"texture":"#0"},"south":{"uv":[14.1875,13.125,14.5,13.21875],"tintindex":0,"rotation":0,"texture":"#0"},"north":{"uv":[14.1875,13.0,14.5,13.09375],"tintindex":0,"rotation":0,"texture":"#0"},"west":{"uv":[14.9375,6.625,15.03125,6.71875],"tintindex":0,"rotation":0,"texture":"#0"},"up":{"uv":[14.5,13.59375,14.1875,13.5],"tintindex":0,"rotation":0,"texture":"#0"},"down":{"uv":[14.5,13.625,14.1875,13.71875],"tintindex":0,"rotation":0,"texture":"#0"}}},{"from":[9.140472,7.2407837,7.14473],"to":[11.877335,8.780266,8.898033],"faces":{"east":{"uv":[12.0625,14.8125,12.1875,14.90625],"tintindex":0,"rotation":0,"texture":"#0"},"south":{"uv":[13.875,14.75,14.03125,14.84375],"tintindex":0,"rotation":0,"texture":"#0"},"north":{"uv":[14.75,13.8125,14.90625,13.90625],"tintindex":0,"rotation":0,"texture":"#0"},"west":{"uv":[12.1875,14.8125,12.3125,14.90625],"tintindex":0,"rotation":0,"texture":"#0"},"up":{"uv":[13.40625,10.1875,13.25,10.0625],"tintindex":0,"rotation":0,"texture":"#0"},"down":{"uv":[2.03125,13.4375,1.875,13.5625],"tintindex":0,"rotation":0,"texture":"#0"}}}],"display":{"gui":{"rotation":[30,225,0]}}}