{"textures":{"0":"modelengine:entity/demoniodehielo"},"elements":[{"from":[7.0246887,7.2690735,7.2730207],"to":[13.13987,8.551979,8.769743],"faces":{"east":{"uv":[14.9375,7.0,15.03125,7.09375],"tintindex":0,"rotation":0,"texture":"#0"},"south":{"uv":[14.0625,12.3125,14.4375,12.40625],"tintindex":0,"rotation":0,"texture":"#0"},"north":{"uv":[14.0625,8.4375,14.4375,8.53125],"tintindex":0,"rotation":0,"texture":"#0"},"west":{"uv":[14.9375,7.125,15.03125,7.21875],"tintindex":0,"rotation":0,"texture":"#0"},"up":{"uv":[14.4375,12.53125,14.0625,12.4375],"tintindex":0,"rotation":0,"texture":"#0"},"down":{"uv":[14.4375,12.5625,14.0625,12.65625],"tintindex":0,"rotation":0,"texture":"#0"}}},{"from":[7.100708,7.183548,7.1874933],"to":[12.94323,8.637505,8.85527],"faces":{"east":{"uv":[14.9375,6.75,15.03125,6.84375],"tintindex":0,"rotation":0,"texture":"#0"},"south":{"uv":[14.0625,6.875,14.4375,6.96875],"tintindex":0,"rotation":0,"texture":"#0"},"north":{"uv":[14.0625,6.75,14.4375,6.84375],"tintindex":0,"rotation":0,"texture":"#0"},"west":{"uv":[14.9375,6.875,15.03125,6.96875],"tintindex":0,"rotation":0,"texture":"#0"},"up":{"uv":[14.4375,8.28125,14.0625,8.1875],"tintindex":0,"rotation":0,"texture":"#0"},"down":{"uv":[14.4375,8.3125,14.0625,8.40625],"tintindex":0,"rotation":0,"texture":"#0"}}},{"from":[7.0246887,8.680267,7.743419],"to":[15.278046,8.680267,8.299344],"faces":{"up":{"uv":[15.28125,11.46875,14.75,11.4375],"tintindex":0,"rotation":0,"texture":"#0"},"down":{"uv":[15.28125,11.5,14.75,11.53125],"tintindex":0,"rotation":0,"texture":"#0"}}}],"display":{"gui":{"rotation":[30,225,0]}}}