{"textures":{"0":"modelengine:entity/demoniodehielo"},"elements":[{"from":[-2.1090698,6.783325,6.958325],"to":[9.130051,9.085976,9.0965],"faces":{"east":{"uv":[1.125,14.625,1.25,14.78125],"tintindex":0,"rotation":0,"texture":"#0"},"south":{"uv":[6.5625,5.9375,7.25,6.09375],"tintindex":0,"rotation":0,"texture":"#0"},"north":{"uv":[3.4375,2.125,4.125,2.28125],"tintindex":0,"rotation":0,"texture":"#0"},"west":{"uv":[14.625,1.1875,14.75,1.34375],"tintindex":0,"rotation":0,"texture":"#0"},"up":{"uv":[2.3125,1.625,1.625,1.5],"tintindex":0,"rotation":0,"texture":"#0"},"down":{"uv":[12.9375,3.9375,12.25,4.0625],"tintindex":0,"rotation":0,"texture":"#0"}}},{"from":[-3.1507492,6.7285004,6.9035],"to":[0.3580551,9.1408,9.151325],"faces":{"east":{"uv":[2.0625,14.625,2.1875,14.78125],"tintindex":0,"rotation":0,"texture":"#0"},"south":{"uv":[5.75,14.125,5.96875,14.28125],"tintindex":0,"rotation":0,"texture":"#0"},"north":{"uv":[3.5,14.125,3.71875,14.28125],"tintindex":0,"rotation":0,"texture":"#0"},"west":{"uv":[14.625,2.125,14.75,2.28125],"tintindex":0,"rotation":0,"texture":"#0"},"up":{"uv":[2.53125,1.625,2.3125,1.5],"tintindex":0,"rotation":0,"texture":"#0"},"down":{"uv":[3.53125,6.0,3.3125,6.125],"tintindex":0,"rotation":0,"texture":"#0"}}}],"display":{"gui":{"rotation":[30,225,0]}}}