{"textures":{"0":"modelengine:entity/demoniodehielo"},"elements":[{"from":[7.67105,1.103725,6.22545],"to":[8.603075,4.502875,6.66405],"faces":{"east":{"uv":[9.3125,14.9375,9.34375,15.15625],"tintindex":0,"rotation":0,"texture":"#0"},"south":{"uv":[7.1875,14.8125,7.25,15.03125],"tintindex":0,"rotation":0,"texture":"#0"},"north":{"uv":[7.125,14.8125,7.1875,15.03125],"tintindex":0,"rotation":0,"texture":"#0"},"west":{"uv":[9.375,14.9375,9.40625,15.15625],"tintindex":0,"rotation":0,"texture":"#0"},"up":{"uv":[6.0,1.34375,5.9375,1.3125],"tintindex":0,"rotation":0,"texture":"#0"},"down":{"uv":[6.0625,0.5625,6.0,0.59375],"tintindex":0,"rotation":0,"texture":"#0"}}},{"from":[7.2872753,3.4063745,6.66405],"to":[8.986851,8.61475,8.802225],"faces":{"east":{"uv":[14.0625,3.8125,14.1875,4.125],"tintindex":0,"rotation":0,"texture":"#0"},"south":{"uv":[14.4375,6.875,14.53125,7.1875],"tintindex":0,"rotation":0,"texture":"#0"},"north":{"uv":[14.4375,6.5625,14.53125,6.875],"tintindex":0,"rotation":0,"texture":"#0"},"west":{"uv":[3.875,14.0625,4.0,14.375],"tintindex":0,"rotation":0,"texture":"#0"},"up":{"uv":[15.03125,4.875,14.9375,4.75],"tintindex":0,"rotation":0,"texture":"#0"},"down":{"uv":[15.03125,4.875,14.9375,5.0],"tintindex":0,"rotation":0,"texture":"#0"}}}],"display":{"gui":{"rotation":[30,225,0]}}}