{"textures":{"0":"modelengine:entity/demoniodehielo"},"elements":[{"from":[7.64475,1.103725,6.32545],"to":[8.576775,4.502875,6.76405],"faces":{"east":{"uv":[14.9375,9.0,14.96875,9.21875],"tintindex":0,"rotation":0,"texture":"#0"},"south":{"uv":[7.0625,14.8125,7.125,15.03125],"tintindex":0,"rotation":0,"texture":"#0"},"north":{"uv":[14.8125,7.0,14.875,7.21875],"tintindex":0,"rotation":0,"texture":"#0"},"west":{"uv":[14.9375,9.25,14.96875,9.46875],"tintindex":0,"rotation":0,"texture":"#0"},"up":{"uv":[5.9375,1.34375,5.875,1.3125],"tintindex":0,"rotation":0,"texture":"#0"},"down":{"uv":[6.0,0.5625,5.9375,0.59375],"tintindex":0,"rotation":0,"texture":"#0"}}},{"from":[7.260975,3.4063745,6.76405],"to":[8.96055,8.61475,8.9022255],"faces":{"east":{"uv":[3.25,14.0625,3.375,14.375],"tintindex":0,"rotation":0,"texture":"#0"},"south":{"uv":[14.4375,6.25,14.53125,6.5625],"tintindex":0,"rotation":0,"texture":"#0"},"north":{"uv":[14.4375,5.9375,14.53125,6.25],"tintindex":0,"rotation":0,"texture":"#0"},"west":{"uv":[3.375,14.0625,3.5,14.375],"tintindex":0,"rotation":0,"texture":"#0"},"up":{"uv":[15.03125,4.625,14.9375,4.5],"tintindex":0,"rotation":0,"texture":"#0"},"down":{"uv":[15.03125,4.625,14.9375,4.75],"tintindex":0,"rotation":0,"texture":"#0"}}}],"display":{"gui":{"rotation":[30,225,0]}}}