{"textures":{"0":"modelengine:entity/demoniodehielo"},"elements":[{"from":[7.396925,1.103725,6.5254498],"to":[8.32895,4.502875,6.96405],"faces":{"east":{"uv":[14.9375,8.5,14.96875,8.71875],"tintindex":0,"rotation":0,"texture":"#0"},"south":{"uv":[14.8125,6.25,14.875,6.46875],"tintindex":0,"rotation":0,"texture":"#0"},"north":{"uv":[14.8125,6.0,14.875,6.21875],"tintindex":0,"rotation":0,"texture":"#0"},"west":{"uv":[8.5625,14.9375,8.59375,15.15625],"tintindex":0,"rotation":0,"texture":"#0"},"up":{"uv":[5.375,0.65625,5.3125,0.625],"tintindex":0,"rotation":0,"texture":"#0"},"down":{"uv":[5.4375,0.625,5.375,0.65625],"tintindex":0,"rotation":0,"texture":"#0"}}},{"from":[7.0131497,3.4063745,6.96405],"to":[8.712725,8.61475,9.102224],"faces":{"east":{"uv":[1.3125,10.125,1.4375,10.4375],"tintindex":0,"rotation":0,"texture":"#0"},"south":{"uv":[14.4375,4.875,14.53125,5.1875],"tintindex":0,"rotation":0,"texture":"#0"},"north":{"uv":[14.4375,4.5625,14.53125,4.875],"tintindex":0,"rotation":0,"texture":"#0"},"west":{"uv":[2.3125,10.4375,2.4375,10.75],"tintindex":0,"rotation":0,"texture":"#0"},"up":{"uv":[15.03125,4.125,14.9375,4.0],"tintindex":0,"rotation":0,"texture":"#0"},"down":{"uv":[15.03125,4.125,14.9375,4.25],"tintindex":0,"rotation":0,"texture":"#0"}}}],"display":{"gui":{"rotation":[30,225,0]}}}