{"textures":{"0":"modelengine:entity/demoniodehielo"},"elements":[{"from":[7.241675,2.1502752,6.2351],"to":[8.94125,8.7841,9.031175],"faces":{"east":{"uv":[12.5625,7.9375,12.75,8.34375],"tintindex":0,"rotation":0,"texture":"#0"},"south":{"uv":[5.3125,14.0625,5.40625,14.46875],"tintindex":0,"rotation":0,"texture":"#0"},"north":{"uv":[4.75,14.0625,4.84375,14.46875],"tintindex":0,"rotation":0,"texture":"#0"},"west":{"uv":[12.5625,8.375,12.75,8.78125],"tintindex":0,"rotation":0,"texture":"#0"},"up":{"uv":[14.84375,9.5625,14.75,9.375],"tintindex":0,"rotation":0,"texture":"#0"},"down":{"uv":[14.84375,9.5625,14.75,9.75],"tintindex":0,"rotation":0,"texture":"#0"}}},{"from":[7.132025,0.7248249,6.12545],"to":[9.0508995,2.6437001,9.140825],"faces":{"east":{"uv":[4.125,2.9375,4.3125,3.0625],"tintindex":0,"rotation":0,"texture":"#0"},"south":{"uv":[14.4375,12.0625,14.5625,12.1875],"tintindex":0,"rotation":0,"texture":"#0"},"north":{"uv":[13.875,5.6875,14.0,5.8125],"tintindex":0,"rotation":0,"texture":"#0"},"west":{"uv":[3.6875,6.4375,3.875,6.5625],"tintindex":0,"rotation":0,"texture":"#0"},"up":{"uv":[14.4375,7.5,14.3125,7.3125],"tintindex":0,"rotation":0,"texture":"#0"},"down":{"uv":[8.1875,14.4375,8.0625,14.625],"tintindex":0,"rotation":0,"texture":"#0"}}}],"display":{"gui":{"rotation":[30,225,0]}}}