{"textures":{"0":"modelengine:entity/demoniodehielo"},"elements":[{"from":[7.6425247,1.2037249,6.42545],"to":[8.57455,4.6028748,6.86405],"faces":{"east":{"uv":[9.5,14.9375,9.53125,15.15625],"tintindex":0,"rotation":0,"texture":"#0"},"south":{"uv":[14.8125,7.25,14.875,7.46875],"tintindex":0,"rotation":0,"texture":"#0"},"north":{"uv":[7.25,14.8125,7.3125,15.03125],"tintindex":0,"rotation":0,"texture":"#0"},"west":{"uv":[14.9375,9.5,14.96875,9.71875],"tintindex":0,"rotation":0,"texture":"#0"},"up":{"uv":[6.125,0.59375,6.0625,0.5625],"tintindex":0,"rotation":0,"texture":"#0"},"down":{"uv":[6.1875,0.5625,6.125,0.59375],"tintindex":0,"rotation":0,"texture":"#0"}}},{"from":[7.25875,3.5063744,6.86405],"to":[8.958324,8.71475,9.002225],"faces":{"east":{"uv":[4.0,14.0625,4.125,14.375],"tintindex":0,"rotation":0,"texture":"#0"},"south":{"uv":[7.375,14.4375,7.46875,14.75],"tintindex":0,"rotation":0,"texture":"#0"},"north":{"uv":[14.4375,7.1875,14.53125,7.5],"tintindex":0,"rotation":0,"texture":"#0"},"west":{"uv":[4.125,14.0625,4.25,14.375],"tintindex":0,"rotation":0,"texture":"#0"},"up":{"uv":[15.03125,5.125,14.9375,5.0],"tintindex":0,"rotation":0,"texture":"#0"},"down":{"uv":[15.03125,5.125,14.9375,5.25],"tintindex":0,"rotation":0,"texture":"#0"}}}],"display":{"gui":{"rotation":[30,225,0]}}}