{"textures":{"0":"modelengine:entity/demoniodehielo"},"elements":[{"from":[6.9035,0.7248249,6.22545],"to":[8.822374,2.6437001,9.240825],"faces":{"east":{"uv":[7.1875,3.875,7.375,4.0],"tintindex":0,"rotation":0,"texture":"#0"},"south":{"uv":[10.75,14.75,10.875,14.875],"tintindex":0,"rotation":0,"texture":"#0"},"north":{"uv":[14.5,10.6875,14.625,10.8125],"tintindex":0,"rotation":0,"texture":"#0"},"west":{"uv":[9.125,1.4375,9.3125,1.5625],"tintindex":0,"rotation":0,"texture":"#0"},"up":{"uv":[14.5625,8.5,14.4375,8.3125],"tintindex":0,"rotation":0,"texture":"#0"},"down":{"uv":[9.625,14.4375,9.5,14.625],"tintindex":0,"rotation":0,"texture":"#0"}}},{"from":[7.0131497,2.1502752,6.3351],"to":[8.712725,8.7841,9.131175],"faces":{"east":{"uv":[12.5625,12.375,12.75,12.78125],"tintindex":0,"rotation":0,"texture":"#0"},"south":{"uv":[6.375,14.0625,6.46875,14.46875],"tintindex":0,"rotation":0,"texture":"#0"},"north":{"uv":[5.4375,14.0625,5.53125,14.46875],"tintindex":0,"rotation":0,"texture":"#0"},"west":{"uv":[0.0,12.625,0.1875,13.03125],"tintindex":0,"rotation":0,"texture":"#0"},"up":{"uv":[14.84375,9.9375,14.75,9.75],"tintindex":0,"rotation":0,"texture":"#0"},"down":{"uv":[14.84375,9.9375,14.75,10.125],"tintindex":0,"rotation":0,"texture":"#0"}}}],"display":{"gui":{"rotation":[30,225,0]}}}