{"textures":{"0":"modelengine:entity/demoniodehielo"},"elements":[{"from":[7.33945,3.6063747,6.96405],"to":[9.039025,8.814751,9.102224],"faces":{"east":{"uv":[9.9375,10.6875,10.0625,11.0],"tintindex":0,"rotation":0,"texture":"#0"},"south":{"uv":[14.4375,5.1875,14.53125,5.5],"tintindex":0,"rotation":0,"texture":"#0"},"north":{"uv":[5.125,14.4375,5.21875,14.75],"tintindex":0,"rotation":0,"texture":"#0"},"west":{"uv":[3.125,14.0625,3.25,14.375],"tintindex":0,"rotation":0,"texture":"#0"},"up":{"uv":[15.03125,4.375,14.9375,4.25],"tintindex":0,"rotation":0,"texture":"#0"},"down":{"uv":[15.03125,4.375,14.9375,4.5],"tintindex":0,"rotation":0,"texture":"#0"}}},{"from":[7.723225,1.3037252,6.5254498],"to":[8.655251,4.702875,6.96405],"faces":{"east":{"uv":[8.625,14.9375,8.65625,15.15625],"tintindex":0,"rotation":0,"texture":"#0"},"south":{"uv":[14.8125,6.75,14.875,6.96875],"tintindex":0,"rotation":0,"texture":"#0"},"north":{"uv":[14.8125,6.5,14.875,6.71875],"tintindex":0,"rotation":0,"texture":"#0"},"west":{"uv":[14.9375,8.75,14.96875,8.96875],"tintindex":0,"rotation":0,"texture":"#0"},"up":{"uv":[5.8125,1.34375,5.75,1.3125],"tintindex":0,"rotation":0,"texture":"#0"},"down":{"uv":[5.875,1.3125,5.8125,1.34375],"tintindex":0,"rotation":0,"texture":"#0"}}}],"display":{"gui":{"rotation":[30,225,0]}}}