{"textures":{"0":"modelengine:entity/demoniodehielo"},"elements":[{"from":[7.1298003,0.7248249,6.32545],"to":[9.048676,2.6437001,9.340825],"faces":{"east":{"uv":[8.625,9.125,8.8125,9.25],"tintindex":0,"rotation":0,"texture":"#0"},"south":{"uv":[11.0,14.75,11.125,14.875],"tintindex":0,"rotation":0,"texture":"#0"},"north":{"uv":[10.875,14.75,11.0,14.875],"tintindex":0,"rotation":0,"texture":"#0"},"west":{"uv":[5.8125,9.75,6.0,9.875],"tintindex":0,"rotation":0,"texture":"#0"},"up":{"uv":[9.75,14.625,9.625,14.4375],"tintindex":0,"rotation":0,"texture":"#0"},"down":{"uv":[9.875,14.4375,9.75,14.625],"tintindex":0,"rotation":0,"texture":"#0"}}},{"from":[7.23945,2.1502752,6.4351],"to":[8.939026,8.7841,9.231174],"faces":{"east":{"uv":[2.0625,12.625,2.25,13.03125],"tintindex":0,"rotation":0,"texture":"#0"},"south":{"uv":[6.625,14.0625,6.71875,14.46875],"tintindex":0,"rotation":0,"texture":"#0"},"north":{"uv":[6.5,14.0625,6.59375,14.46875],"tintindex":0,"rotation":0,"texture":"#0"},"west":{"uv":[2.25,12.625,2.4375,13.03125],"tintindex":0,"rotation":0,"texture":"#0"},"up":{"uv":[10.09375,14.9375,10.0,14.75],"tintindex":0,"rotation":0,"texture":"#0"},"down":{"uv":[10.21875,14.75,10.125,14.9375],"tintindex":0,"rotation":0,"texture":"#0"}}}],"display":{"gui":{"rotation":[30,225,0]}}}