{"textures":{"0":"modelengine:entity/demoniodehielo"},"elements":[{"from":[7.5254498,1.2037249,6.32545],"to":[8.457475,4.6028748,6.76405],"faces":{"east":{"uv":[5.875,14.9375,5.90625,15.15625],"tintindex":0,"rotation":0,"texture":"#0"},"south":{"uv":[5.8125,14.8125,5.875,15.03125],"tintindex":0,"rotation":0,"texture":"#0"},"north":{"uv":[14.8125,5.75,14.875,5.96875],"tintindex":0,"rotation":0,"texture":"#0"},"west":{"uv":[7.3125,14.9375,7.34375,15.15625],"tintindex":0,"rotation":0,"texture":"#0"},"up":{"uv":[4.4375,0.71875,4.375,0.6875],"tintindex":0,"rotation":0,"texture":"#0"},"down":{"uv":[4.5,0.6875,4.4375,0.71875],"tintindex":0,"rotation":0,"texture":"#0"}}},{"from":[7.141675,3.5063744,6.76405],"to":[8.841249,8.71475,8.9022255],"faces":{"east":{"uv":[7.6875,5.8125,7.8125,6.125],"tintindex":0,"rotation":0,"texture":"#0"},"south":{"uv":[14.4375,4.25,14.53125,4.5625],"tintindex":0,"rotation":0,"texture":"#0"},"north":{"uv":[14.4375,3.9375,14.53125,4.25],"tintindex":0,"rotation":0,"texture":"#0"},"west":{"uv":[8.25,5.5,8.375,5.8125],"tintindex":0,"rotation":0,"texture":"#0"},"up":{"uv":[15.03125,3.875,14.9375,3.75],"tintindex":0,"rotation":0,"texture":"#0"},"down":{"uv":[15.03125,3.875,14.9375,4.0],"tintindex":0,"rotation":0,"texture":"#0"}}}],"display":{"gui":{"rotation":[30,225,0]}}}