{"textures":{"0":"modelengine:entity/demoniodehielo"},"elements":[{"from":[2.7049255,7.0929794,6.9912],"to":[8.680847,9.176331,8.910075],"faces":{"east":{"uv":[13.75,4.1875,13.875,4.3125],"tintindex":0,"rotation":0,"texture":"#0"},"south":{"uv":[11.4375,10.3125,11.8125,10.4375],"tintindex":0,"rotation":0,"texture":"#0"},"north":{"uv":[11.1875,2.0625,11.5625,2.1875],"tintindex":0,"rotation":0,"texture":"#0"},"west":{"uv":[13.8125,9.375,13.9375,9.5],"tintindex":0,"rotation":0,"texture":"#0"},"up":{"uv":[12.25,11.1875,11.875,11.0625],"tintindex":0,"rotation":0,"texture":"#0"},"down":{"uv":[14.125,12.75,13.75,12.875],"tintindex":0,"rotation":0,"texture":"#0"}}},{"from":[-0.036323547,9.011856,7.594275],"to":[8.680847,9.231155,8.307],"faces":{"east":{"uv":[2.5,6.4375,2.53125,6.46875],"tintindex":0,"rotation":0,"texture":"#0"},"south":{"uv":[14.75,11.0,15.28125,11.03125],"tintindex":0,"rotation":0,"texture":"#0"},"north":{"uv":[14.75,10.9375,15.28125,10.96875],"tintindex":0,"rotation":0,"texture":"#0"},"west":{"uv":[2.5625,6.4375,2.59375,6.46875],"tintindex":0,"rotation":0,"texture":"#0"},"up":{"uv":[15.28125,11.09375,14.75,11.0625],"tintindex":0,"rotation":0,"texture":"#0"},"down":{"uv":[15.28125,11.125,14.75,11.15625],"tintindex":0,"rotation":0,"texture":"#0"}}}],"display":{"gui":{"rotation":[30,225,0]}}}