{"textures":{"0":"modelengine:entity/demoniodehielo"},"elements":[{"from":[-1.0867004,6.828499,6.726725],"to":[0.55805206,9.240799,8.97455],"faces":{"east":{"uv":[3.5,14.625,3.625,14.78125],"tintindex":0,"rotation":0,"texture":"#0"},"south":{"uv":[13.1875,14.75,13.28125,14.90625],"tintindex":0,"rotation":0,"texture":"#0"},"north":{"uv":[14.75,13.0625,14.84375,13.21875],"tintindex":0,"rotation":0,"texture":"#0"},"west":{"uv":[3.625,14.625,3.75,14.78125],"tintindex":0,"rotation":0,"texture":"#0"},"up":{"uv":[14.90625,8.625,14.8125,8.5],"tintindex":0,"rotation":0,"texture":"#0"},"down":{"uv":[8.65625,14.8125,8.5625,14.9375],"tintindex":0,"rotation":0,"texture":"#0"}}},{"from":[-0.045028687,6.8833237,6.7815504],"to":[9.330048,9.185974,8.919725],"faces":{"east":{"uv":[2.875,14.625,3.0,14.78125],"tintindex":0,"rotation":0,"texture":"#0"},"south":{"uv":[6.9375,12.3125,7.53125,12.46875],"tintindex":0,"rotation":0,"texture":"#0"},"north":{"uv":[12.3125,4.9375,12.90625,5.09375],"tintindex":0,"rotation":0,"texture":"#0"},"west":{"uv":[3.0,14.625,3.125,14.78125],"tintindex":0,"rotation":0,"texture":"#0"},"up":{"uv":[13.46875,12.375,12.875,12.25],"tintindex":0,"rotation":0,"texture":"#0"},"down":{"uv":[13.53125,8.875,12.9375,9.0],"tintindex":0,"rotation":0,"texture":"#0"}}}],"display":{"gui":{"rotation":[30,225,0]}}}