{"textures":{"0":"modelengine:entity/demoniodehielo"},"elements":[{"from":[4.883713,7.183548,7.177609],"to":[10.003273,8.637505,8.845386],"faces":{"east":{"uv":[14.9375,7.5,15.03125,7.59375],"tintindex":0,"rotation":0,"texture":"#0"},"south":{"uv":[14.25,5.6875,14.5625,5.78125],"tintindex":0,"rotation":0,"texture":"#0"},"north":{"uv":[14.25,3.5,14.5625,3.59375],"tintindex":0,"rotation":0,"texture":"#0"},"west":{"uv":[14.9375,7.625,15.03125,7.71875],"tintindex":0,"rotation":0,"texture":"#0"},"up":{"uv":[14.5625,5.90625,14.25,5.8125],"tintindex":0,"rotation":0,"texture":"#0"},"down":{"uv":[14.5625,7.5,14.25,7.59375],"tintindex":0,"rotation":0,"texture":"#0"}}},{"from":[9.240471,7.140785,7.1348457],"to":[10.523376,8.680267,8.888149],"faces":{"east":{"uv":[12.3125,14.8125,12.4375,14.90625],"tintindex":0,"rotation":0,"texture":"#0"},"south":{"uv":[14.9375,7.375,15.03125,7.46875],"tintindex":0,"rotation":0,"texture":"#0"},"north":{"uv":[14.9375,7.25,15.03125,7.34375],"tintindex":0,"rotation":0,"texture":"#0"},"west":{"uv":[12.4375,14.8125,12.5625,14.90625],"tintindex":0,"rotation":0,"texture":"#0"},"up":{"uv":[12.65625,14.9375,12.5625,14.8125],"tintindex":0,"rotation":0,"texture":"#0"},"down":{"uv":[12.78125,14.8125,12.6875,14.9375],"tintindex":0,"rotation":0,"texture":"#0"}}}],"display":{"gui":{"rotation":[30,225,0]}}}