{"textures":{"0":"modelengine:entity/demoniodehielo"},"elements":[{"from":[7.824692,8.680267,7.733535],"to":[14.624084,8.680267,8.28946],"faces":{"up":{"uv":[11.9375,9.28125,11.5,9.25],"tintindex":0,"rotation":0,"texture":"#0"},"down":{"uv":[15.1875,13.9375,14.75,13.96875],"tintindex":0,"rotation":0,"texture":"#0"}}},{"from":[7.169716,7.183548,7.177609],"to":[12.289276,8.637505,8.845386],"faces":{"east":{"uv":[14.9375,7.75,15.03125,7.84375],"tintindex":0,"rotation":0,"texture":"#0"},"south":{"uv":[14.25,8.5625,14.5625,8.65625],"tintindex":0,"rotation":0,"texture":"#0"},"north":{"uv":[14.25,7.625,14.5625,7.71875],"tintindex":0,"rotation":0,"texture":"#0"},"west":{"uv":[14.9375,7.875,15.03125,7.96875],"tintindex":0,"rotation":0,"texture":"#0"},"up":{"uv":[14.5625,8.78125,14.25,8.6875],"tintindex":0,"rotation":0,"texture":"#0"},"down":{"uv":[14.5625,9.0,14.25,9.09375],"tintindex":0,"rotation":0,"texture":"#0"}}},{"from":[7.824692,7.2690735,7.263136],"to":[12.4859085,8.551979,8.759858],"faces":{"east":{"uv":[14.9375,8.0,15.03125,8.09375],"tintindex":0,"rotation":0,"texture":"#0"},"south":{"uv":[14.375,8.8125,14.65625,8.90625],"tintindex":0,"rotation":0,"texture":"#0"},"north":{"uv":[14.3125,12.1875,14.59375,12.28125],"tintindex":0,"rotation":0,"texture":"#0"},"west":{"uv":[8.0625,14.9375,8.15625,15.03125],"tintindex":0,"rotation":0,"texture":"#0"},"up":{"uv":[14.65625,10.90625,14.375,10.8125],"tintindex":0,"rotation":0,"texture":"#0"},"down":{"uv":[14.71875,0.5625,14.4375,0.65625],"tintindex":0,"rotation":0,"texture":"#0"}}}],"display":{"gui":{"rotation":[30,225,0]}}}