{"textures":{"0":"modelengine:entity/demoniodehielo"},"elements":[{"from":[7.99572,6.3276215,8.427635],"to":[15.992493,8.722382,11.121736],"faces":{"east":{"uv":[0.875,13.0,1.03125,13.15625],"tintindex":0,"rotation":0,"texture":"#0"},"south":{"uv":[9.0625,2.4375,9.5625,2.59375],"tintindex":0,"rotation":0,"texture":"#0"},"north":{"uv":[6.1875,1.125,6.6875,1.28125],"tintindex":0,"rotation":0,"texture":"#0"},"west":{"uv":[6.75,13.0,6.90625,13.15625],"tintindex":0,"rotation":0,"texture":"#0"},"up":{"uv":[9.8125,6.59375,9.3125,6.4375],"tintindex":0,"rotation":0,"texture":"#0"},"down":{"uv":[10.1875,0.5,9.6875,0.65625],"tintindex":0,"rotation":0,"texture":"#0"}}},{"from":[7.99572,6.7552567,5.1348457],"to":[17.66027,9.19278,11.121736],"faces":{"east":{"uv":[13.6875,3.8125,14.0625,3.96875],"tintindex":0,"rotation":0,"texture":"#0"},"south":{"uv":[3.1875,12.375,3.78125,12.53125],"tintindex":0,"rotation":0,"texture":"#0"},"north":{"uv":[12.375,1.625,12.96875,1.78125],"tintindex":0,"rotation":0,"texture":"#0"},"west":{"uv":[4.3125,13.6875,4.6875,13.84375],"tintindex":0,"rotation":0,"texture":"#0"},"up":{"uv":[6.40625,10.25,5.8125,9.875],"tintindex":0,"rotation":0,"texture":"#0"},"down":{"uv":[10.46875,6.375,9.875,6.75],"tintindex":0,"rotation":0,"texture":"#0"}}}],"display":{"gui":{"rotation":[30,225,0]}}}