{"textures":{"0":"modelengine:entity/demoniodehielo"},"elements":[{"from":[-4.4309235,6.3188553,4.326725],"to":[7.959526,9.882477,12.002225],"faces":{"east":{"uv":[5.0625,3.125,5.53125,3.34375],"tintindex":0,"rotation":0,"texture":"#0"},"south":{"uv":[11.125,6.625,11.90625,6.84375],"tintindex":0,"rotation":0,"texture":"#0"},"north":{"uv":[11.125,5.9375,11.90625,6.15625],"tintindex":0,"rotation":0,"texture":"#0"},"west":{"uv":[8.0625,0.6875,8.53125,0.90625],"tintindex":0,"rotation":0,"texture":"#0"},"up":{"uv":[7.96875,3.34375,7.1875,2.875],"tintindex":0,"rotation":0,"texture":"#0"},"down":{"uv":[7.96875,3.375,7.1875,3.84375],"tintindex":0,"rotation":0,"texture":"#0"}}},{"from":[-2.2927475,5.7705994,8.54825],"to":[7.959526,9.279404,12.002225],"faces":{"east":{"uv":[12.375,14.0,12.59375,14.21875],"tintindex":0,"rotation":0,"texture":"#0"},"south":{"uv":[11.4375,10.0625,12.09375,10.28125],"tintindex":0,"rotation":0,"texture":"#0"},"north":{"uv":[11.3125,5.625,11.96875,5.84375],"tintindex":0,"rotation":0,"texture":"#0"},"west":{"uv":[12.625,14.0,12.84375,14.21875],"tintindex":0,"rotation":0,"texture":"#0"},"up":{"uv":[12.15625,9.21875,11.5,9.0],"tintindex":0,"rotation":0,"texture":"#0"},"down":{"uv":[12.21875,2.625,11.5625,2.84375],"tintindex":0,"rotation":0,"texture":"#0"}}}],"display":{"gui":{"rotation":[30,225,0]}}}