{"textures":{"0":"modelengine:entity/demoniodehielo"},"elements":[{"from":[3.104927,7.192978,7.009225],"to":[9.080849,9.276329,8.928101],"faces":{"east":{"uv":[13.625,1.625,13.75,1.75],"tintindex":0,"rotation":0,"texture":"#0"},"south":{"uv":[10.625,0.875,11.0,1.0],"tintindex":0,"rotation":0,"texture":"#0"},"north":{"uv":[8.0,1.5625,8.375,1.6875],"tintindex":0,"rotation":0,"texture":"#0"},"west":{"uv":[13.625,4.5625,13.75,4.6875],"tintindex":0,"rotation":0,"texture":"#0"},"up":{"uv":[11.3125,0.6875,10.9375,0.5625],"tintindex":0,"rotation":0,"texture":"#0"},"down":{"uv":[2.3125,11.0,1.9375,11.125],"tintindex":0,"rotation":0,"texture":"#0"}}},{"from":[0.36367798,9.111855,7.6123],"to":[9.080849,9.331154,8.325026],"faces":{"east":{"uv":[2.25,6.4375,2.28125,6.46875],"tintindex":0,"rotation":0,"texture":"#0"},"south":{"uv":[14.6875,12.6875,15.21875,12.71875],"tintindex":0,"rotation":0,"texture":"#0"},"north":{"uv":[11.3125,5.875,11.84375,5.90625],"tintindex":0,"rotation":0,"texture":"#0"},"west":{"uv":[2.3125,6.4375,2.34375,6.46875],"tintindex":0,"rotation":0,"texture":"#0"},"up":{"uv":[15.21875,12.78125,14.6875,12.75],"tintindex":0,"rotation":0,"texture":"#0"},"down":{"uv":[15.28125,10.875,14.75,10.90625],"tintindex":0,"rotation":0,"texture":"#0"}}}],"display":{"gui":{"rotation":[30,225,0]}}}