{"textures":{"0":"modelengine:entity/demoniodehielo"},"elements":[{"from":[9.140472,7.140785,7.082905],"to":[10.423378,8.680267,8.836208],"faces":{"east":{"uv":[9.3125,14.8125,9.4375,14.90625],"tintindex":0,"rotation":0,"texture":"#0"},"south":{"uv":[14.9375,5.875,15.03125,5.96875],"tintindex":0,"rotation":0,"texture":"#0"},"north":{"uv":[14.9375,5.75,15.03125,5.84375],"tintindex":0,"rotation":0,"texture":"#0"},"west":{"uv":[10.25,14.8125,10.375,14.90625],"tintindex":0,"rotation":0,"texture":"#0"},"up":{"uv":[10.46875,14.9375,10.375,14.8125],"tintindex":0,"rotation":0,"texture":"#0"},"down":{"uv":[12.03125,14.8125,11.9375,14.9375],"tintindex":0,"rotation":0,"texture":"#0"}}},{"from":[4.7837143,7.183548,7.1256685],"to":[9.903275,8.637505,8.793445],"faces":{"east":{"uv":[14.9375,5.5,15.03125,5.59375],"tintindex":0,"rotation":0,"texture":"#0"},"south":{"uv":[10.0625,9.5,10.375,9.59375],"tintindex":0,"rotation":0,"texture":"#0"},"north":{"uv":[2.5625,2.25,2.875,2.34375],"tintindex":0,"rotation":0,"texture":"#0"},"west":{"uv":[14.9375,5.625,15.03125,5.71875],"tintindex":0,"rotation":0,"texture":"#0"},"up":{"uv":[11.875,7.59375,11.5625,7.5],"tintindex":0,"rotation":0,"texture":"#0"},"down":{"uv":[14.4375,3.375,14.125,3.46875],"tintindex":0,"rotation":0,"texture":"#0"}}}],"display":{"gui":{"rotation":[30,225,0]}}}