{"textures":{"0":"modelengine:entity/demoniodehielo"},"elements":[{"from":[7.2697144,7.183548,7.2256684],"to":[12.389275,8.637505,8.893445],"faces":{"east":{"uv":[14.9375,6.0,15.03125,6.09375],"tintindex":0,"rotation":0,"texture":"#0"},"south":{"uv":[14.1875,0.75,14.5,0.84375],"tintindex":0,"rotation":0,"texture":"#0"},"north":{"uv":[14.125,12.6875,14.4375,12.78125],"tintindex":0,"rotation":0,"texture":"#0"},"west":{"uv":[14.9375,6.125,15.03125,6.21875],"tintindex":0,"rotation":0,"texture":"#0"},"up":{"uv":[14.5,9.71875,14.1875,9.625],"tintindex":0,"rotation":0,"texture":"#0"},"down":{"uv":[14.5,9.75,14.1875,9.84375],"tintindex":0,"rotation":0,"texture":"#0"}}},{"from":[7.9246902,7.2690735,7.3111954],"to":[12.585907,8.551979,8.807919],"faces":{"east":{"uv":[14.9375,6.25,15.03125,6.34375],"tintindex":0,"rotation":0,"texture":"#0"},"south":{"uv":[14.25,13.25,14.53125,13.34375],"tintindex":0,"rotation":0,"texture":"#0"},"north":{"uv":[14.25,9.4375,14.53125,9.53125],"tintindex":0,"rotation":0,"texture":"#0"},"west":{"uv":[14.9375,6.375,15.03125,6.46875],"tintindex":0,"rotation":0,"texture":"#0"},"up":{"uv":[14.59375,5.59375,14.3125,5.5],"tintindex":0,"rotation":0,"texture":"#0"},"down":{"uv":[14.59375,8.0625,14.3125,8.15625],"tintindex":0,"rotation":0,"texture":"#0"}}},{"from":[7.9246902,8.680267,7.7815943],"to":[14.724083,8.680267,8.33752],"faces":{"up":{"uv":[8.25,6.40625,7.8125,6.375],"tintindex":0,"rotation":0,"texture":"#0"},"down":{"uv":[11.0625,5.9375,10.625,5.96875],"tintindex":0,"rotation":0,"texture":"#0"}}}],"display":{"gui":{"rotation":[30,225,0]}}}