{"textures":{"0":"modelengine:entity/demoniodehielo"},"elements":[{"from":[-1.486702,6.828499,6.84475],"to":[0.15805054,9.240799,9.092575],"faces":{"east":{"uv":[0.875,14.625,1.0,14.78125],"tintindex":0,"rotation":0,"texture":"#0"},"south":{"uv":[13.0625,14.75,13.15625,14.90625],"tintindex":0,"rotation":0,"texture":"#0"},"north":{"uv":[12.9375,14.75,13.03125,14.90625],"tintindex":0,"rotation":0,"texture":"#0"},"west":{"uv":[1.0,14.625,1.125,14.78125],"tintindex":0,"rotation":0,"texture":"#0"},"up":{"uv":[14.90625,8.375,14.8125,8.25],"tintindex":0,"rotation":0,"texture":"#0"},"down":{"uv":[14.90625,8.375,14.8125,8.5],"tintindex":0,"rotation":0,"texture":"#0"}}},{"from":[-0.4450302,6.8833237,6.899575],"to":[8.930046,9.185974,9.03775],"faces":{"east":{"uv":[14.5625,9.375,14.6875,9.53125],"tintindex":0,"rotation":0,"texture":"#0"},"south":{"uv":[12.25,5.4375,12.84375,5.59375],"tintindex":0,"rotation":0,"texture":"#0"},"north":{"uv":[12.1875,9.0625,12.78125,9.21875],"tintindex":0,"rotation":0,"texture":"#0"},"west":{"uv":[0.75,14.625,0.875,14.78125],"tintindex":0,"rotation":0,"texture":"#0"},"up":{"uv":[13.46875,1.125,12.875,1.0],"tintindex":0,"rotation":0,"texture":"#0"},"down":{"uv":[13.46875,4.5625,12.875,4.6875],"tintindex":0,"rotation":0,"texture":"#0"}}}],"display":{"gui":{"rotation":[30,225,0]}}}