{"textures":{"0":"modelengine:entity/demoniodehielo"},"elements":[{"from":[5.2298,0.36172485,5.7127247],"to":[11.04125,8.8596,10.15355],"faces":{"east":{"uv":[11.5,8.4375,11.78125,8.96875],"tintindex":0,"rotation":0,"texture":"#0"},"south":{"uv":[8.375,10.4375,8.75,10.96875],"tintindex":0,"rotation":0,"texture":"#0"},"north":{"uv":[6.625,10.4375,7.0,10.96875],"tintindex":0,"rotation":0,"texture":"#0"},"west":{"uv":[11.5625,2.0625,11.84375,2.59375],"tintindex":0,"rotation":0,"texture":"#0"},"up":{"uv":[12.5625,0.28125,12.1875,0.0],"tintindex":0,"rotation":0,"texture":"#0"},"down":{"uv":[12.5625,0.3125,12.1875,0.59375],"tintindex":0,"rotation":0,"texture":"#0"}}}],"display":{"gui":{"rotation":[30,225,0]}}}