{"textures":{"0":"modelengine:entity/demoniodehielo"},"elements":[{"from":[7.177625,0.6248245,6.5254498],"to":[9.0965,2.5437002,9.540825],"faces":{"east":{"uv":[11.375,7.25,11.5625,7.375],"tintindex":0,"rotation":0,"texture":"#0"},"south":{"uv":[14.75,11.9375,14.875,12.0625],"tintindex":0,"rotation":0,"texture":"#0"},"north":{"uv":[14.75,11.8125,14.875,11.9375],"tintindex":0,"rotation":0,"texture":"#0"},"west":{"uv":[11.375,11.1875,11.5625,11.3125],"tintindex":0,"rotation":0,"texture":"#0"},"up":{"uv":[14.5625,10.25,14.4375,10.0625],"tintindex":0,"rotation":0,"texture":"#0"},"down":{"uv":[14.5625,10.25,14.4375,10.4375],"tintindex":0,"rotation":0,"texture":"#0"}}},{"from":[7.2872753,2.0502748,6.6351],"to":[8.986851,8.6841,9.431175],"faces":{"east":{"uv":[12.625,3.1875,12.8125,3.59375],"tintindex":0,"rotation":0,"texture":"#0"},"south":{"uv":[7.5625,14.0625,7.65625,14.46875],"tintindex":0,"rotation":0,"texture":"#0"},"north":{"uv":[7.0,14.0625,7.09375,14.46875],"tintindex":0,"rotation":0,"texture":"#0"},"west":{"uv":[12.625,7.1875,12.8125,7.59375],"tintindex":0,"rotation":0,"texture":"#0"},"up":{"uv":[10.59375,14.9375,10.5,14.75],"tintindex":0,"rotation":0,"texture":"#0"},"down":{"uv":[14.84375,10.5,14.75,10.6875],"tintindex":0,"rotation":0,"texture":"#0"}}}],"display":{"gui":{"rotation":[30,225,0]}}}