{"textures":{"0":"modelengine:entity/demoniodehielo"},"elements":[{"from":[5.3587503,0.06172514,5.7127247],"to":[11.1702,8.5596,10.15355],"faces":{"east":{"uv":[3.875,11.5625,4.15625,12.09375],"tintindex":0,"rotation":0,"texture":"#0"},"south":{"uv":[9.125,10.4375,9.5,10.96875],"tintindex":0,"rotation":0,"texture":"#0"},"north":{"uv":[8.75,10.4375,9.125,10.96875],"tintindex":0,"rotation":0,"texture":"#0"},"west":{"uv":[4.5625,11.5625,4.84375,12.09375],"tintindex":0,"rotation":0,"texture":"#0"},"up":{"uv":[12.625,3.90625,12.25,3.625],"tintindex":0,"rotation":0,"texture":"#0"},"down":{"uv":[12.625,5.125,12.25,5.40625],"tintindex":0,"rotation":0,"texture":"#0"}}}],"display":{"gui":{"rotation":[30,225,0]}}}