{"textures":{"0":"modelengine:entity/demoniodehielo"},"elements":[{"from":[6.9609747,2.0502748,6.5351],"to":[8.66055,8.6841,9.331175],"faces":{"east":{"uv":[12.625,2.3125,12.8125,2.71875],"tintindex":0,"rotation":0,"texture":"#0"},"south":{"uv":[6.875,14.0625,6.96875,14.46875],"tintindex":0,"rotation":0,"texture":"#0"},"north":{"uv":[6.75,14.0625,6.84375,14.46875],"tintindex":0,"rotation":0,"texture":"#0"},"west":{"uv":[12.625,2.75,12.8125,3.15625],"tintindex":0,"rotation":0,"texture":"#0"},"up":{"uv":[14.84375,10.3125,14.75,10.125],"tintindex":0,"rotation":0,"texture":"#0"},"down":{"uv":[14.84375,10.3125,14.75,10.5],"tintindex":0,"rotation":0,"texture":"#0"}}},{"from":[6.851325,0.6248245,6.42545],"to":[8.7702,2.5437002,9.4408245],"faces":{"east":{"uv":[10.5,6.625,10.6875,6.75],"tintindex":0,"rotation":0,"texture":"#0"},"south":{"uv":[14.75,11.6875,14.875,11.8125],"tintindex":0,"rotation":0,"texture":"#0"},"north":{"uv":[14.75,11.5625,14.875,11.6875],"tintindex":0,"rotation":0,"texture":"#0"},"west":{"uv":[7.625,11.0625,7.8125,11.1875],"tintindex":0,"rotation":0,"texture":"#0"},"up":{"uv":[10.0,14.625,9.875,14.4375],"tintindex":0,"rotation":0,"texture":"#0"},"down":{"uv":[14.5625,9.875,14.4375,10.0625],"tintindex":0,"rotation":0,"texture":"#0"}}}],"display":{"gui":{"rotation":[30,225,0]}}}