{"textures":{"0":"modelengine:entity/demoniodehielo"},"elements":[{"from":[5.20085,4.341675,8.54825],"to":[11.6702,8.069775,13.318026],"faces":{"east":{"uv":[11.9375,13.5625,12.25,13.78125],"tintindex":0,"rotation":0,"texture":"#0"},"south":{"uv":[2.4375,12.4375,2.84375,12.65625],"tintindex":0,"rotation":0,"texture":"#0"},"north":{"uv":[12.4375,1.8125,12.84375,2.03125],"tintindex":0,"rotation":0,"texture":"#0"},"west":{"uv":[13.5625,11.9375,13.875,12.15625],"tintindex":0,"rotation":0,"texture":"#0"},"up":{"uv":[12.21875,3.75,11.8125,3.4375],"tintindex":0,"rotation":0,"texture":"#0"},"down":{"uv":[12.21875,3.75,11.8125,4.0625],"tintindex":0,"rotation":0,"texture":"#0"}}},{"from":[5.20085,-5.197875,8.54825],"to":[11.6702,-1.4697752,13.318026],"faces":{"east":{"uv":[13.5625,11.4375,13.875,11.65625],"tintindex":0,"rotation":0,"texture":"#0"},"south":{"uv":[12.4375,0.875,12.84375,1.09375],"tintindex":0,"rotation":0,"texture":"#0"},"north":{"uv":[12.125,12.375,12.53125,12.59375],"tintindex":0,"rotation":0,"texture":"#0"},"west":{"uv":[13.5625,11.6875,13.875,11.90625],"tintindex":0,"rotation":0,"texture":"#0"},"up":{"uv":[12.03125,1.1875,11.625,0.875],"tintindex":0,"rotation":0,"texture":"#0"},"down":{"uv":[12.21875,3.125,11.8125,3.4375],"tintindex":0,"rotation":0,"texture":"#0"}}},{"from":[5.255675,-3.8820744,8.4386],"to":[11.615375,7.302225,12.27635],"faces":{"east":{"uv":[3.6875,5.75,3.9375,6.4375],"tintindex":0,"rotation":0,"texture":"#0"},"south":{"uv":[8.8125,3.0,9.21875,3.6875],"tintindex":0,"rotation":0,"texture":"#0"},"north":{"uv":[6.625,8.6875,7.03125,9.375],"tintindex":0,"rotation":0,"texture":"#0"},"west":{"uv":[1.125,10.75,1.375,11.4375],"tintindex":0,"rotation":0,"texture":"#0"},"up":{"uv":[7.34375,5.375,6.9375,5.125],"tintindex":0,"rotation":0,"texture":"#0"},"down":{"uv":[12.40625,1.8125,12.0,2.0625],"tintindex":0,"rotation":0,"texture":"#0"}}}],"display":{"gui":{"rotation":[30,225,0]}}}