{"textures":{"0":"modelengine:entity/demoniodehielo"},"elements":[{"from":[7.1491,0.6248245,6.32545],"to":[9.067975,2.5437002,9.340825],"faces":{"east":{"uv":[8.6875,12.0,8.875,12.125],"tintindex":0,"rotation":0,"texture":"#0"},"south":{"uv":[14.75,12.1875,14.875,12.3125],"tintindex":0,"rotation":0,"texture":"#0"},"north":{"uv":[14.75,12.0625,14.875,12.1875],"tintindex":0,"rotation":0,"texture":"#0"},"west":{"uv":[12.125,4.6875,12.3125,4.8125],"tintindex":0,"rotation":0,"texture":"#0"},"up":{"uv":[14.5625,11.125,14.4375,10.9375],"tintindex":0,"rotation":0,"texture":"#0"},"down":{"uv":[14.5625,11.125,14.4375,11.3125],"tintindex":0,"rotation":0,"texture":"#0"}}},{"from":[7.25875,2.0502748,6.4351],"to":[8.958324,8.6841,9.231174],"faces":{"east":{"uv":[12.625,9.25,12.8125,9.65625],"tintindex":0,"rotation":0,"texture":"#0"},"south":{"uv":[7.8125,14.0625,7.90625,14.46875],"tintindex":0,"rotation":0,"texture":"#0"},"north":{"uv":[7.6875,14.0625,7.78125,14.46875],"tintindex":0,"rotation":0,"texture":"#0"},"west":{"uv":[12.625,10.1875,12.8125,10.59375],"tintindex":0,"rotation":0,"texture":"#0"},"up":{"uv":[10.71875,14.9375,10.625,14.75],"tintindex":0,"rotation":0,"texture":"#0"},"down":{"uv":[14.84375,10.6875,14.75,10.875],"tintindex":0,"rotation":0,"texture":"#0"}}}],"display":{"gui":{"rotation":[30,225,0]}}}