{"textures":{"0":"modelengine:entity/demoniodehielo"},"elements":[{"from":[4.9298,4.2416744,8.54825],"to":[11.39915,7.9697742,13.318026],"faces":{"east":{"uv":[4.0,13.625,4.3125,13.84375],"tintindex":0,"rotation":0,"texture":"#0"},"south":{"uv":[12.4375,6.625,12.84375,6.84375],"tintindex":0,"rotation":0,"texture":"#0"},"north":{"uv":[12.4375,6.375,12.84375,6.59375],"tintindex":0,"rotation":0,"texture":"#0"},"west":{"uv":[5.3125,13.625,5.625,13.84375],"tintindex":0,"rotation":0,"texture":"#0"},"up":{"uv":[11.09375,12.125,10.6875,11.8125],"tintindex":0,"rotation":0,"texture":"#0"},"down":{"uv":[11.53125,11.8125,11.125,12.125],"tintindex":0,"rotation":0,"texture":"#0"}}},{"from":[4.9298,-5.2978754,8.54825],"to":[11.39915,-1.5697756,13.318026],"faces":{"east":{"uv":[3.0,13.625,3.3125,13.84375],"tintindex":0,"rotation":0,"texture":"#0"},"south":{"uv":[12.4375,6.125,12.84375,6.34375],"tintindex":0,"rotation":0,"texture":"#0"},"north":{"uv":[12.4375,5.625,12.84375,5.84375],"tintindex":0,"rotation":0,"texture":"#0"},"west":{"uv":[3.3125,13.625,3.625,13.84375],"tintindex":0,"rotation":0,"texture":"#0"},"up":{"uv":[12.21875,5.625,11.8125,5.3125],"tintindex":0,"rotation":0,"texture":"#0"},"down":{"uv":[12.21875,8.4375,11.8125,8.75],"tintindex":0,"rotation":0,"texture":"#0"}}},{"from":[4.984625,-3.9820747,8.4386],"to":[11.344325,7.2022247,12.27635],"faces":{"east":{"uv":[9.1875,11.0,9.4375,11.6875],"tintindex":0,"rotation":0,"texture":"#0"},"south":{"uv":[8.875,8.0,9.28125,8.6875],"tintindex":0,"rotation":0,"texture":"#0"},"north":{"uv":[8.875,0.0,9.28125,0.6875],"tintindex":0,"rotation":0,"texture":"#0"},"west":{"uv":[0.25,11.125,0.5,11.8125],"tintindex":0,"rotation":0,"texture":"#0"},"up":{"uv":[12.40625,5.875,12.0,5.625],"tintindex":0,"rotation":0,"texture":"#0"},"down":{"uv":[12.59375,0.625,12.1875,0.875],"tintindex":0,"rotation":0,"texture":"#0"}}}],"display":{"gui":{"rotation":[30,225,0]}}}