{"textures":{"0":"modelengine:entity/demoniodehielo"},"elements":[{"from":[7.136375,1.9598122,7.1228],"to":[10.151751,5.3863754,8.8772],"faces":{"east":{"uv":[9.0625,5.75,9.28125,6.1875],"tintindex":0,"rotation":0,"texture":"#0"},"south":{"uv":[5.6875,11.1875,6.0625,11.625],"tintindex":0,"rotation":0,"texture":"#0"},"north":{"uv":[5.0,11.1875,5.375,11.625],"tintindex":0,"rotation":0,"texture":"#0"},"west":{"uv":[0.25,12.3125,0.46875,12.75],"tintindex":0,"rotation":0,"texture":"#0"},"up":{"uv":[12.875,4.65625,12.5,4.4375],"tintindex":0,"rotation":0,"texture":"#0"},"down":{"uv":[12.875,9.9375,12.5,10.15625],"tintindex":0,"rotation":0,"texture":"#0"}}},{"from":[6.9444876,0.34247494,6.9035],"to":[9.959863,5.8523865,9.0965],"faces":{"east":{"uv":[5.0625,10.5,5.34375,11.1875],"tintindex":0,"rotation":0,"texture":"#0"},"south":{"uv":[3.125,9.1875,3.5,9.875],"tintindex":0,"rotation":0,"texture":"#0"},"north":{"uv":[2.75,9.1875,3.125,9.875],"tintindex":0,"rotation":0,"texture":"#0"},"west":{"uv":[10.5625,2.1875,10.84375,2.875],"tintindex":0,"rotation":0,"texture":"#0"},"up":{"uv":[12.5,12.03125,12.125,11.75],"tintindex":0,"rotation":0,"texture":"#0"},"down":{"uv":[12.5,12.0625,12.125,12.34375],"tintindex":0,"rotation":0,"texture":"#0"}}},{"from":[6.9444876,-1.7957001,6.7116127],"to":[9.740562,7.0585365,9.288387],"faces":{"east":{"uv":[7.375,0.0,7.6875,1.09375],"tintindex":0,"rotation":0,"texture":"#0"},"south":{"uv":[6.875,6.4375,7.21875,7.53125],"tintindex":0,"rotation":0,"texture":"#0"},"north":{"uv":[5.4375,6.8125,5.78125,7.90625],"tintindex":0,"rotation":0,"texture":"#0"},"west":{"uv":[7.375,3.875,7.6875,4.96875],"tintindex":0,"rotation":0,"texture":"#0"},"up":{"uv":[2.78125,12.4375,2.4375,12.125],"tintindex":0,"rotation":0,"texture":"#0"},"down":{"uv":[4.15625,12.125,3.8125,12.4375],"tintindex":0,"rotation":0,"texture":"#0"}}},{"from":[6.505888,-1.6860504,6.7116127],"to":[9.301962,6.948887,9.288387],"faces":{"east":{"uv":[4.3125,7.375,4.625,8.46875],"tintindex":0,"rotation":0,"texture":"#0"},"south":{"uv":[7.0,4.0,7.34375,5.09375],"tintindex":0,"rotation":0,"texture":"#0"},"north":{"uv":[7.0,0.0,7.34375,1.09375],"tintindex":0,"rotation":0,"texture":"#0"},"west":{"uv":[7.375,5.0,7.6875,6.09375],"tintindex":0,"rotation":0,"texture":"#0"},"up":{"uv":[12.46875,4.375,12.125,4.0625],"tintindex":0,"rotation":0,"texture":"#0"},"down":{"uv":[12.46875,4.375,12.125,4.6875],"tintindex":0,"rotation":0,"texture":"#0"}}},{"from":[8.753713,-1.7957001,6.4923124],"to":[9.521263,7.0585365,9.452863],"faces":{"east":{"uv":[6.8125,2.875,7.1875,3.96875],"tintindex":0,"rotation":0,"texture":"#0"},"south":{"uv":[9.4375,12.125,9.53125,13.21875],"tintindex":0,"rotation":0,"texture":"#0"},"north":{"uv":[4.75,12.125,4.84375,13.21875],"tintindex":0,"rotation":0,"texture":"#0"},"west":{"uv":[2.9375,6.8125,3.3125,7.90625],"tintindex":0,"rotation":0,"texture":"#0"},"up":{"uv":[8.03125,14.4375,7.9375,14.0625],"tintindex":0,"rotation":0,"texture":"#0"},"down":{"uv":[8.15625,14.0625,8.0625,14.4375],"tintindex":0,"rotation":0,"texture":"#0"}}},{"from":[6.807425,-6.1542873,6.57455],"to":[9.219725,9.032238,9.4754505],"faces":{"east":{"uv":[3.5625,3.8125,3.90625,5.71875],"tintindex":0,"rotation":0,"texture":"#0"},"south":{"uv":[2.0,4.5,2.3125,6.40625],"tintindex":0,"rotation":0,"texture":"#0"},"north":{"uv":[1.6875,4.5,2.0,6.40625],"tintindex":0,"rotation":0,"texture":"#0"},"west":{"uv":[3.9375,3.0625,4.28125,4.96875],"tintindex":0,"rotation":0,"texture":"#0"},"up":{"uv":[0.8125,12.46875,0.5,12.125],"tintindex":0,"rotation":0,"texture":"#0"},"down":{"uv":[1.375,12.125,1.0625,12.46875],"tintindex":0,"rotation":0,"texture":"#0"}}},{"from":[6.3414125,1.2470875,6.9035],"to":[9.356788,6.757,9.0965],"faces":{"east":{"uv":[10.5625,2.875,10.84375,3.5625],"tintindex":0,"rotation":0,"texture":"#0"},"south":{"uv":[9.25,3.0,9.625,3.6875],"tintindex":0,"rotation":0,"texture":"#0"},"north":{"uv":[6.0625,9.1875,6.4375,9.875],"tintindex":0,"rotation":0,"texture":"#0"},"west":{"uv":[10.5625,4.9375,10.84375,5.625],"tintindex":0,"rotation":0,"texture":"#0"},"up":{"uv":[12.5625,9.03125,12.1875,8.75],"tintindex":0,"rotation":0,"texture":"#0"},"down":{"uv":[12.5625,10.1875,12.1875,10.46875],"tintindex":0,"rotation":0,"texture":"#0"}}}],"display":{"gui":{"rotation":[30,225,0]}}}