{"textures":{"0":"modelengine:entity/demoniodehielo"},"elements":[{"from":[6.276512,4.967537,6.373525],"to":[9.7579,8.6133995,10.860038],"faces":{"east":{"uv":[9.0625,1.9375,9.625,2.40625],"tintindex":0,"rotation":0,"texture":"#0"},"south":{"uv":[10.1875,0.5,10.625,0.96875],"tintindex":0,"rotation":0,"texture":"#0"},"north":{"uv":[10.1875,0.0,10.625,0.46875],"tintindex":0,"rotation":0,"texture":"#0"},"west":{"uv":[9.0625,4.25,9.625,4.71875],"tintindex":0,"rotation":0,"texture":"#0"},"up":{"uv":[9.75,8.375,9.3125,7.8125],"tintindex":0,"rotation":0,"texture":"#0"},"down":{"uv":[0.6875,9.375,0.25,9.9375],"tintindex":0,"rotation":0,"texture":"#0"}}},{"from":[7.0988874,-6.9569016,5.313575],"to":[10.936638,-4.106001,10.736425],"faces":{"east":{"uv":[9.6875,6.0,10.34375,6.34375],"tintindex":0,"rotation":0,"texture":"#0"},"south":{"uv":[11.375,7.625,11.84375,7.96875],"tintindex":0,"rotation":0,"texture":"#0"},"north":{"uv":[11.375,6.875,11.84375,7.21875],"tintindex":0,"rotation":0,"texture":"#0"},"west":{"uv":[6.4375,9.75,7.09375,10.09375],"tintindex":0,"rotation":0,"texture":"#0"},"up":{"uv":[8.46875,3.46875,8.0,2.8125],"tintindex":0,"rotation":0,"texture":"#0"},"down":{"uv":[8.53125,0.0,8.0625,0.65625],"tintindex":0,"rotation":0,"texture":"#0"}}},{"from":[7.2907753,-5.5314503,5.8892374],"to":[10.360975,6.913822,10.110763],"faces":{"east":{"uv":[2.875,0.75,3.40625,2.3125],"tintindex":0,"rotation":0,"texture":"#0"},"south":{"uv":[4.6875,1.8125,5.0625,3.375],"tintindex":0,"rotation":0,"texture":"#0"},"north":{"uv":[2.9375,4.5625,3.3125,6.125],"tintindex":0,"rotation":0,"texture":"#0"},"west":{"uv":[0.0,3.0,0.53125,4.5625],"tintindex":0,"rotation":0,"texture":"#0"},"up":{"uv":[2.3125,10.96875,1.9375,10.4375],"tintindex":0,"rotation":0,"texture":"#0"},"down":{"uv":[6.625,10.4375,6.25,10.96875],"tintindex":0,"rotation":0,"texture":"#0"}}},{"from":[7.4895153,-6.5662727,5.1216874],"to":[10.546009,-4.4966297,10.686425],"faces":{"east":{"uv":[10.875,7.375,11.5625,7.625],"tintindex":0,"rotation":0,"texture":"#0"},"south":{"uv":[11.875,2.375,12.25,2.625],"tintindex":0,"rotation":0,"texture":"#0"},"north":{"uv":[11.8125,8.75,12.1875,9.0],"tintindex":0,"rotation":0,"texture":"#0"},"west":{"uv":[2.5625,11.125,3.25,11.375],"tintindex":0,"rotation":0,"texture":"#0"},"up":{"uv":[1.125,9.8125,0.75,9.125],"tintindex":0,"rotation":0,"texture":"#0"},"down":{"uv":[1.5,9.125,1.125,9.8125],"tintindex":0,"rotation":0,"texture":"#0"}}},{"from":[6.7699375,-3.8044643,6.57455],"to":[9.620838,6.913822,8.32895],"faces":{"east":{"uv":[5.5625,7.9375,5.78125,9.28125],"tintindex":0,"rotation":0,"texture":"#0"},"south":{"uv":[5.8125,6.125,6.15625,7.46875],"tintindex":0,"rotation":0,"texture":"#0"},"north":{"uv":[4.3125,6.0,4.65625,7.34375],"tintindex":0,"rotation":0,"texture":"#0"},"west":{"uv":[4.625,8.125,4.84375,9.46875],"tintindex":0,"rotation":0,"texture":"#0"},"up":{"uv":[11.15625,13.21875,10.8125,13.0],"tintindex":0,"rotation":0,"texture":"#0"},"down":{"uv":[0.34375,13.0625,0.0,13.28125],"tintindex":0,"rotation":0,"texture":"#0"}}},{"from":[8.99035,-2.9272633,7.1502123],"to":[11.0737,6.036625,8.904613],"faces":{"east":{"uv":[5.5625,9.3125,5.78125,10.4375],"tintindex":0,"rotation":0,"texture":"#0"},"south":{"uv":[5.8125,8.625,6.0625,9.75],"tintindex":0,"rotation":0,"texture":"#0"},"north":{"uv":[2.5,8.5625,2.75,9.6875],"tintindex":0,"rotation":0,"texture":"#0"},"west":{"uv":[0.0,9.375,0.21875,10.5],"tintindex":0,"rotation":0,"texture":"#0"},"up":{"uv":[7.4375,14.21875,7.1875,14.0],"tintindex":0,"rotation":0,"texture":"#0"},"down":{"uv":[14.25,7.5625,14.0,7.78125],"tintindex":0,"rotation":0,"texture":"#0"}}},{"from":[8.99035,-3.8044643,7.067975],"to":[10.854401,6.913822,8.98685],"faces":{"east":{"uv":[2.25,7.6875,2.5,9.03125],"tintindex":0,"rotation":0,"texture":"#0"},"south":{"uv":[8.375,5.5,8.59375,6.84375],"tintindex":0,"rotation":0,"texture":"#0"},"north":{"uv":[1.5,8.25,1.71875,9.59375],"tintindex":0,"rotation":0,"texture":"#0"},"west":{"uv":[7.6875,3.875,7.9375,5.21875],"tintindex":0,"rotation":0,"texture":"#0"},"up":{"uv":[12.15625,0.625,11.9375,0.375],"tintindex":0,"rotation":0,"texture":"#0"},"down":{"uv":[14.21875,5.6875,14.0,5.9375],"tintindex":0,"rotation":0,"texture":"#0"}}},{"from":[6.879587,-5.915226,5.3958125],"to":[10.4432125,-4.2156506,10.659013],"faces":{"east":{"uv":[11.5625,2.875,12.21875,3.09375],"tintindex":0,"rotation":0,"texture":"#0"},"south":{"uv":[12.3125,1.1875,12.75,1.40625],"tintindex":0,"rotation":0,"texture":"#0"},"north":{"uv":[12.25,11.125,12.6875,11.34375],"tintindex":0,"rotation":0,"texture":"#0"},"west":{"uv":[11.5625,6.1875,12.21875,6.40625],"tintindex":0,"rotation":0,"texture":"#0"},"up":{"uv":[9.0,4.40625,8.5625,3.75],"tintindex":0,"rotation":0,"texture":"#0"},"down":{"uv":[2.1875,8.625,1.75,9.28125],"tintindex":0,"rotation":0,"texture":"#0"}}},{"from":[6.5780497,-3.8044643,7.725875],"to":[9.620838,8.065147,9.480275],"faces":{"east":{"uv":[0.0,7.875,0.21875,9.34375],"tintindex":0,"rotation":0,"texture":"#0"},"south":{"uv":[1.1875,5.0,1.5625,6.46875],"tintindex":0,"rotation":0,"texture":"#0"},"north":{"uv":[0.8125,5.0,1.1875,6.46875],"tintindex":0,"rotation":0,"texture":"#0"},"west":{"uv":[0.25,7.875,0.46875,9.34375],"tintindex":0,"rotation":0,"texture":"#0"},"up":{"uv":[12.875,11.59375,12.5,11.375],"tintindex":0,"rotation":0,"texture":"#0"},"down":{"uv":[12.875,11.625,12.5,11.84375],"tintindex":0,"rotation":0,"texture":"#0"}}}],"display":{"gui":{"rotation":[30,225,0]}}}