{"textures":{"0":"modelengine:entity/demoniodehielo"},"elements":[{"from":[6.7116127,-1.7740746,6.4923124],"to":[7.4791627,7.080162,9.452863],"faces":{"east":{"uv":[3.3125,6.8125,3.6875,7.90625],"tintindex":0,"rotation":0,"texture":"#0"},"south":{"uv":[11.4375,12.125,11.53125,13.21875],"tintindex":0,"rotation":0,"texture":"#0"},"north":{"uv":[9.5625,12.125,9.65625,13.21875],"tintindex":0,"rotation":0,"texture":"#0"},"west":{"uv":[5.0625,6.8125,5.4375,7.90625],"tintindex":0,"rotation":0,"texture":"#0"},"up":{"uv":[9.65625,14.4375,9.5625,14.0625],"tintindex":0,"rotation":0,"texture":"#0"},"down":{"uv":[9.78125,14.0625,9.6875,14.4375],"tintindex":0,"rotation":0,"texture":"#0"}}},{"from":[6.9309125,-1.6644249,6.7116127],"to":[9.726988,6.9705124,9.288387],"faces":{"east":{"uv":[6.75,7.5625,7.0625,8.65625],"tintindex":0,"rotation":0,"texture":"#0"},"south":{"uv":[1.5,7.125,1.84375,8.21875],"tintindex":0,"rotation":0,"texture":"#0"},"north":{"uv":[1.125,7.125,1.46875,8.21875],"tintindex":0,"rotation":0,"texture":"#0"},"west":{"uv":[7.5625,7.5,7.875,8.59375],"tintindex":0,"rotation":0,"texture":"#0"},"up":{"uv":[12.46875,9.5625,12.125,9.25],"tintindex":0,"rotation":0,"texture":"#0"},"down":{"uv":[12.46875,9.5625,12.125,9.875],"tintindex":0,"rotation":0,"texture":"#0"}}},{"from":[7.01315,-6.132662,6.57455],"to":[9.42545,9.053864,9.425449],"faces":{"east":{"uv":[4.3125,2.125,4.65625,4.03125],"tintindex":0,"rotation":0,"texture":"#0"},"south":{"uv":[2.625,4.5625,2.9375,6.46875],"tintindex":0,"rotation":0,"texture":"#0"},"north":{"uv":[2.3125,4.5,2.625,6.40625],"tintindex":0,"rotation":0,"texture":"#0"},"west":{"uv":[4.3125,4.0625,4.65625,5.96875],"tintindex":0,"rotation":0,"texture":"#0"},"up":{"uv":[1.6875,12.46875,1.375,12.125],"tintindex":0,"rotation":0,"texture":"#0"},"down":{"uv":[4.75,12.125,4.4375,12.46875],"tintindex":0,"rotation":0,"texture":"#0"}}},{"from":[6.2730126,0.36410046,6.9035],"to":[9.288387,5.874012,9.0965],"faces":{"east":{"uv":[10.625,0.0,10.90625,0.6875],"tintindex":0,"rotation":0,"texture":"#0"},"south":{"uv":[1.75,9.3125,2.125,10.0],"tintindex":0,"rotation":0,"texture":"#0"},"north":{"uv":[9.3125,0.0,9.6875,0.6875],"tintindex":0,"rotation":0,"texture":"#0"},"west":{"uv":[5.375,10.625,5.65625,11.3125],"tintindex":0,"rotation":0,"texture":"#0"},"up":{"uv":[12.625,2.65625,12.25,2.375],"tintindex":0,"rotation":0,"texture":"#0"},"down":{"uv":[12.625,2.6875,12.25,2.96875],"tintindex":0,"rotation":0,"texture":"#0"}}},{"from":[6.8760877,1.268713,6.9035],"to":[9.891462,6.7786255,9.0965],"faces":{"east":{"uv":[10.3125,10.625,10.59375,11.3125],"tintindex":0,"rotation":0,"texture":"#0"},"south":{"uv":[9.3125,5.75,9.6875,6.4375],"tintindex":0,"rotation":0,"texture":"#0"},"north":{"uv":[2.125,9.3125,2.5,10.0],"tintindex":0,"rotation":0,"texture":"#0"},"west":{"uv":[10.625,10.625,10.90625,11.3125],"tintindex":0,"rotation":0,"texture":"#0"},"up":{"uv":[12.625,3.28125,12.25,3.0],"tintindex":0,"rotation":0,"texture":"#0"},"down":{"uv":[12.625,3.3125,12.25,3.59375],"tintindex":0,"rotation":0,"texture":"#0"}}},{"from":[6.4923124,-1.7740746,6.7116127],"to":[9.288387,7.080162,9.288387],"faces":{"east":{"uv":[5.8125,7.5,6.125,8.59375],"tintindex":0,"rotation":0,"texture":"#0"},"south":{"uv":[0.75,7.125,1.09375,8.21875],"tintindex":0,"rotation":0,"texture":"#0"},"north":{"uv":[4.6875,7.0,5.03125,8.09375],"tintindex":0,"rotation":0,"texture":"#0"},"west":{"uv":[7.25,7.5,7.5625,8.59375],"tintindex":0,"rotation":0,"texture":"#0"},"up":{"uv":[9.03125,12.4375,8.6875,12.125],"tintindex":0,"rotation":0,"texture":"#0"},"down":{"uv":[9.40625,12.125,9.0625,12.4375],"tintindex":0,"rotation":0,"texture":"#0"}}},{"from":[6.0811253,1.9814377,7.1228],"to":[9.0965,5.408001,8.8772],"faces":{"east":{"uv":[6.0625,12.3125,6.28125,12.75],"tintindex":0,"rotation":0,"texture":"#0"},"south":{"uv":[7.625,11.1875,8.0,11.625],"tintindex":0,"rotation":0,"texture":"#0"},"north":{"uv":[11.1875,6.1875,11.5625,6.625],"tintindex":0,"rotation":0,"texture":"#0"},"west":{"uv":[6.3125,12.3125,6.53125,12.75],"tintindex":0,"rotation":0,"texture":"#0"},"up":{"uv":[12.875,12.09375,12.5,11.875],"tintindex":0,"rotation":0,"texture":"#0"},"down":{"uv":[12.875,12.125,12.5,12.34375],"tintindex":0,"rotation":0,"texture":"#0"}}}],"display":{"gui":{"rotation":[30,225,0]}}}