{"textures":{"0":"modelengine:entity/demoniodehielo"},"elements":[{"from":[5.4039907,-6.5162697,5.1216874],"to":[8.4604845,-4.4466267,10.686425],"faces":{"east":{"uv":[11.125,3.8125,11.8125,4.0625],"tintindex":0,"rotation":0,"texture":"#0"},"south":{"uv":[6.5625,12.3125,6.9375,12.5625],"tintindex":0,"rotation":0,"texture":"#0"},"north":{"uv":[12.3125,5.875,12.6875,6.125],"tintindex":0,"rotation":0,"texture":"#0"},"west":{"uv":[11.125,4.0625,11.8125,4.3125],"tintindex":0,"rotation":0,"texture":"#0"},"up":{"uv":[9.0,9.9375,8.625,9.25],"tintindex":0,"rotation":0,"texture":"#0"},"down":{"uv":[9.375,9.25,9.0,9.9375],"tintindex":0,"rotation":0,"texture":"#0"}}},{"from":[5.5067873,-5.865223,5.3958125],"to":[9.070413,-4.1656475,10.659013],"faces":{"east":{"uv":[11.5625,7.25,12.21875,7.46875],"tintindex":0,"rotation":0,"texture":"#0"},"south":{"uv":[12.3125,4.6875,12.75,4.90625],"tintindex":0,"rotation":0,"texture":"#0"},"north":{"uv":[12.3125,2.0625,12.75,2.28125],"tintindex":0,"rotation":0,"texture":"#0"},"west":{"uv":[11.5625,11.1875,12.21875,11.40625],"tintindex":0,"rotation":0,"texture":"#0"},"up":{"uv":[9.0625,2.59375,8.625,1.9375],"tintindex":0,"rotation":0,"texture":"#0"},"down":{"uv":[9.0625,5.5,8.625,6.15625],"tintindex":0,"rotation":0,"texture":"#0"}}},{"from":[5.0956,-3.7544613,7.067975],"to":[6.95965,6.963825,8.98685],"faces":{"east":{"uv":[6.125,7.8125,6.375,9.15625],"tintindex":0,"rotation":0,"texture":"#0"},"south":{"uv":[4.3125,8.5,4.53125,9.84375],"tintindex":0,"rotation":0,"texture":"#0"},"north":{"uv":[4.0625,8.5,4.28125,9.84375],"tintindex":0,"rotation":0,"texture":"#0"},"west":{"uv":[6.375,7.8125,6.625,9.15625],"tintindex":0,"rotation":0,"texture":"#0"},"up":{"uv":[8.46875,14.25,8.25,14.0],"tintindex":0,"rotation":0,"texture":"#0"},"down":{"uv":[8.71875,14.0,8.5,14.25],"tintindex":0,"rotation":0,"texture":"#0"}}},{"from":[4.8763,-2.8772602,7.1502123],"to":[6.95965,6.086628,8.904613],"faces":{"east":{"uv":[4.875,9.375,5.09375,10.5],"tintindex":0,"rotation":0,"texture":"#0"},"south":{"uv":[8.625,8.0,8.875,9.125],"tintindex":0,"rotation":0,"texture":"#0"},"north":{"uv":[7.4375,8.625,7.6875,9.75],"tintindex":0,"rotation":0,"texture":"#0"},"west":{"uv":[5.125,9.375,5.34375,10.5],"tintindex":0,"rotation":0,"texture":"#0"},"up":{"uv":[14.25,8.78125,14.0,8.5625],"tintindex":0,"rotation":0,"texture":"#0"},"down":{"uv":[14.25,9.375,14.0,9.59375],"tintindex":0,"rotation":0,"texture":"#0"}}},{"from":[6.1921,5.01754,6.373525],"to":[9.289713,8.663403,10.860038],"faces":{"east":{"uv":[9.0625,4.75,9.625,5.21875],"tintindex":0,"rotation":0,"texture":"#0"},"south":{"uv":[9.9375,11.0625,10.3125,11.53125],"tintindex":0,"rotation":0,"texture":"#0"},"north":{"uv":[6.625,11.0,7.0,11.46875],"tintindex":0,"rotation":0,"texture":"#0"},"west":{"uv":[9.0625,5.25,9.625,5.71875],"tintindex":0,"rotation":0,"texture":"#0"},"up":{"uv":[8.375,10.6875,8.0,10.125],"tintindex":0,"rotation":0,"texture":"#0"},"down":{"uv":[10.0625,10.125,9.6875,10.6875],"tintindex":0,"rotation":0,"texture":"#0"}}},{"from":[5.0133624,-6.9068985,5.313575],"to":[8.851112,-4.055998,10.736425],"faces":{"east":{"uv":[7.125,9.75,7.78125,10.09375],"tintindex":0,"rotation":0,"texture":"#0"},"south":{"uv":[11.375,10.8125,11.84375,11.15625],"tintindex":0,"rotation":0,"texture":"#0"},"north":{"uv":[11.375,10.4375,11.84375,10.78125],"tintindex":0,"rotation":0,"texture":"#0"},"west":{"uv":[9.75,7.75,10.40625,8.09375],"tintindex":0,"rotation":0,"texture":"#0"},"up":{"uv":[8.59375,8.15625,8.125,7.5],"tintindex":0,"rotation":0,"texture":"#0"},"down":{"uv":[8.59375,8.1875,8.125,8.84375],"tintindex":0,"rotation":0,"texture":"#0"}}},{"from":[6.3291626,-3.7544613,7.725875],"to":[8.988174,8.11515,9.480275],"faces":{"east":{"uv":[0.5,7.875,0.71875,9.34375],"tintindex":0,"rotation":0,"texture":"#0"},"south":{"uv":[0.375,5.6875,0.71875,7.15625],"tintindex":0,"rotation":0,"texture":"#0"},"north":{"uv":[0.0,5.6875,0.34375,7.15625],"tintindex":0,"rotation":0,"texture":"#0"},"west":{"uv":[7.875,7.5,8.09375,8.96875],"tintindex":0,"rotation":0,"texture":"#0"},"up":{"uv":[2.40625,13.28125,2.0625,13.0625],"tintindex":0,"rotation":0,"texture":"#0"},"down":{"uv":[5.59375,13.0625,5.25,13.28125],"tintindex":0,"rotation":0,"texture":"#0"}}},{"from":[5.589025,-5.481447,5.8892374],"to":[8.27545,6.963825,10.110763],"faces":{"east":{"uv":[0.5625,3.0,1.09375,4.5625],"tintindex":0,"rotation":0,"texture":"#0"},"south":{"uv":[4.6875,5.4375,5.03125,7.0],"tintindex":0,"rotation":0,"texture":"#0"},"north":{"uv":[3.9375,5.0,4.28125,6.5625],"tintindex":0,"rotation":0,"texture":"#0"},"west":{"uv":[1.125,3.0,1.65625,4.5625],"tintindex":0,"rotation":0,"texture":"#0"},"up":{"uv":[11.21875,5.40625,10.875,4.875],"tintindex":0,"rotation":0,"texture":"#0"},"down":{"uv":[11.28125,0.0,10.9375,0.53125],"tintindex":0,"rotation":0,"texture":"#0"}}},{"from":[6.3291626,-3.7544613,6.57455],"to":[8.796288,6.963825,8.32895],"faces":{"east":{"uv":[3.5625,8.5,3.78125,9.84375],"tintindex":0,"rotation":0,"texture":"#0"},"south":{"uv":[4.0,6.5625,4.3125,7.90625],"tintindex":0,"rotation":0,"texture":"#0"},"north":{"uv":[3.6875,6.5625,4.0,7.90625],"tintindex":0,"rotation":0,"texture":"#0"},"west":{"uv":[3.8125,8.5,4.03125,9.84375],"tintindex":0,"rotation":0,"texture":"#0"},"up":{"uv":[13.875,13.34375,13.5625,13.125],"tintindex":0,"rotation":0,"texture":"#0"},"down":{"uv":[3.0,13.625,2.6875,13.84375],"tintindex":0,"rotation":0,"texture":"#0"}}}],"display":{"gui":{"rotation":[30,225,0]}}}