{"textures":{"0":"modelengine:entity/demoniodehielo"},"elements":[{"from":[-1.2506485,6.216202,6.1368003],"to":[8.124428,8.518852,8.274975],"faces":{"east":{"uv":[14.625,5.4375,14.75,5.59375],"tintindex":0,"rotation":0,"texture":"#0"},"south":{"uv":[12.375,1.4375,12.96875,1.59375],"tintindex":0,"rotation":0,"texture":"#0"},"north":{"uv":[7.9375,12.3125,8.53125,12.46875],"tintindex":0,"rotation":0,"texture":"#0"},"west":{"uv":[5.5,14.625,5.625,14.78125],"tintindex":0,"rotation":0,"texture":"#0"},"up":{"uv":[13.59375,1.75,13.0,1.625],"tintindex":0,"rotation":0,"texture":"#0"},"down":{"uv":[13.59375,5.1875,13.0,5.3125],"tintindex":0,"rotation":0,"texture":"#0"}}},{"from":[-2.2923203,6.161377,6.081975],"to":[-0.64756775,8.573677,8.3298],"faces":{"east":{"uv":[5.625,14.625,5.75,14.78125],"tintindex":0,"rotation":0,"texture":"#0"},"south":{"uv":[14.75,13.4375,14.84375,13.59375],"tintindex":0,"rotation":0,"texture":"#0"},"north":{"uv":[14.75,13.25,14.84375,13.40625],"tintindex":0,"rotation":0,"texture":"#0"},"west":{"uv":[5.75,14.625,5.875,14.78125],"tintindex":0,"rotation":0,"texture":"#0"},"up":{"uv":[14.90625,8.75,14.8125,8.625],"tintindex":0,"rotation":0,"texture":"#0"},"down":{"uv":[14.90625,8.75,14.8125,8.875],"tintindex":0,"rotation":0,"texture":"#0"}}}],"display":{"gui":{"rotation":[30,225,0]}}}