{"textures":{"0":"modelengine:entity/demoniodehielo"},"elements":[{"from":[7.993099,6.824692,6.894704],"to":[15.305653,8.278648,8.562481],"faces":{"east":{"uv":[14.9375,8.125,15.03125,8.21875],"tintindex":0,"rotation":0,"texture":"#0"},"south":{"uv":[14.0,13.375,14.46875,13.46875],"tintindex":0,"rotation":0,"texture":"#0"},"north":{"uv":[14.0,12.875,14.46875,12.96875],"tintindex":0,"rotation":0,"texture":"#0"},"west":{"uv":[8.1875,14.9375,8.28125,15.03125],"tintindex":0,"rotation":0,"texture":"#0"},"up":{"uv":[14.53125,0.09375,14.0625,0.0],"tintindex":0,"rotation":0,"texture":"#0"},"down":{"uv":[14.53125,0.125,14.0625,0.21875],"tintindex":0,"rotation":0,"texture":"#0"}}},{"from":[14.835255,6.635727,6.8519406],"to":[16.11816,8.175217,8.605244],"faces":{"east":{"uv":[14.8125,14.25,14.9375,14.34375],"tintindex":0,"rotation":0,"texture":"#0"},"south":{"uv":[8.3125,14.9375,8.40625,15.03125],"tintindex":0,"rotation":0,"texture":"#0"},"north":{"uv":[14.9375,8.25,15.03125,8.34375],"tintindex":0,"rotation":0,"texture":"#0"},"west":{"uv":[14.8125,14.375,14.9375,14.46875],"tintindex":0,"rotation":0,"texture":"#0"},"up":{"uv":[14.53125,14.9375,14.4375,14.8125],"tintindex":0,"rotation":0,"texture":"#0"},"down":{"uv":[14.90625,14.5,14.8125,14.625],"tintindex":0,"rotation":0,"texture":"#0"}}}],"display":{"gui":{"rotation":[30,225,0]}}}