{"textures":{"0":"modelengine:entity/demoniodehielo"},"elements":[{"from":[7.6339493,7.423378,6.894704],"to":[14.433342,7.508911,7.450629],"faces":{"east":{"uv":[6.875,0.5,6.90625,0.53125],"tintindex":0,"rotation":0,"texture":"#0"},"south":{"uv":[14.75,14.0625,15.1875,14.09375],"tintindex":0,"rotation":0,"texture":"#0"},"north":{"uv":[14.75,14.0,15.1875,14.03125],"tintindex":0,"rotation":0,"texture":"#0"},"west":{"uv":[6.9375,0.5,6.96875,0.53125],"tintindex":0,"rotation":0,"texture":"#0"},"up":{"uv":[15.1875,14.15625,14.75,14.125],"tintindex":0,"rotation":0,"texture":"#0"},"down":{"uv":[15.1875,14.1875,14.75,14.21875],"tintindex":0,"rotation":0,"texture":"#0"}}},{"from":[7.719475,6.9102173,6.980231],"to":[12.380699,8.193123,8.4769535],"faces":{"east":{"uv":[14.9375,8.375,15.03125,8.46875],"tintindex":0,"rotation":0,"texture":"#0"},"south":{"uv":[14.4375,2.0,14.71875,2.09375],"tintindex":0,"rotation":0,"texture":"#0"},"north":{"uv":[14.4375,1.875,14.71875,1.96875],"tintindex":0,"rotation":0,"texture":"#0"},"west":{"uv":[8.4375,14.9375,8.53125,15.03125],"tintindex":0,"rotation":0,"texture":"#0"},"up":{"uv":[14.71875,3.40625,14.4375,3.3125],"tintindex":0,"rotation":0,"texture":"#0"},"down":{"uv":[14.71875,8.1875,14.4375,8.28125],"tintindex":0,"rotation":0,"texture":"#0"}}}],"display":{"gui":{"rotation":[30,225,0]}}}