{"textures":{"0":"modelengine:entity/demoniodehielo"},"elements":[{"from":[0.06770325,7.4837494,5.9368],"to":[8.784874,8.031998,6.6495247],"faces":{"east":{"uv":[6.75,0.5,6.78125,0.53125],"tintindex":0,"rotation":0,"texture":"#0"},"south":{"uv":[14.75,11.25,15.28125,11.28125],"tintindex":0,"rotation":0,"texture":"#0"},"north":{"uv":[14.75,11.1875,15.28125,11.21875],"tintindex":0,"rotation":0,"texture":"#0"},"west":{"uv":[6.8125,0.5,6.84375,0.53125],"tintindex":0,"rotation":0,"texture":"#0"},"up":{"uv":[15.28125,11.34375,14.75,11.3125],"tintindex":0,"rotation":0,"texture":"#0"},"down":{"uv":[15.28125,11.375,14.75,11.40625],"tintindex":0,"rotation":0,"texture":"#0"}}},{"from":[2.6993027,6.8258514,6.0464497],"to":[8.675224,8.909203,7.9653254],"faces":{"east":{"uv":[13.875,0.375,14.0,0.5],"tintindex":0,"rotation":0,"texture":"#0"},"south":{"uv":[13.875,13.25,14.25,13.375],"tintindex":0,"rotation":0,"texture":"#0"},"north":{"uv":[13.875,9.875,14.25,10.0],"tintindex":0,"rotation":0,"texture":"#0"},"west":{"uv":[4.875,13.875,5.0,14.0],"tintindex":0,"rotation":0,"texture":"#0"},"up":{"uv":[14.3125,3.8125,13.9375,3.6875],"tintindex":0,"rotation":0,"texture":"#0"},"down":{"uv":[14.375,1.5,14.0,1.625],"tintindex":0,"rotation":0,"texture":"#0"}}}],"display":{"gui":{"rotation":[30,225,0]}}}