{"textures":{"0":"modelengine:entity/demoniodehielo"},"elements":[{"from":[3.1016998,16.377312,5.057725],"to":[13.1164,19.557163,11.0702],"faces":{"east":{"uv":[0.75,8.25,1.5,8.65625],"tintindex":0,"rotation":0,"texture":"#0"},"south":{"uv":[5.5625,3.5625,6.8125,3.96875],"tintindex":0,"rotation":0,"texture":"#0"},"north":{"uv":[5.5625,3.125,6.8125,3.53125],"tintindex":0,"rotation":0,"texture":"#0"},"west":{"uv":[8.25,5.0625,9.0,5.46875],"tintindex":0,"rotation":0,"texture":"#0"},"up":{"uv":[2.875,1.5,1.625,0.75],"tintindex":0,"rotation":0,"texture":"#0"},"down":{"uv":[2.5625,1.625,1.3125,2.375],"tintindex":0,"rotation":0,"texture":"#0"}}},{"from":[5.5596876,9.606426,5.496325],"to":[11.042188,11.9639015,10.503675],"faces":{"east":{"uv":[11.0,0.875,11.625,1.15625],"tintindex":0,"rotation":0,"texture":"#0"},"south":{"uv":[3.1875,10.5,3.875,10.78125],"tintindex":0,"rotation":0,"texture":"#0"},"north":{"uv":[10.5,1.875,11.1875,2.15625],"tintindex":0,"rotation":0,"texture":"#0"},"west":{"uv":[1.9375,11.125,2.5625,11.40625],"tintindex":0,"rotation":0,"texture":"#0"},"up":{"uv":[1.4375,7.125,0.75,6.5],"tintindex":0,"rotation":0,"texture":"#0"},"down":{"uv":[2.9375,6.5,2.25,7.125],"tintindex":0,"rotation":0,"texture":"#0"}}},{"from":[4.81955,12.813686,5.3044376],"to":[11.672675,15.44529,10.695562],"faces":{"east":{"uv":[9.375,9.25,10.0625,9.59375],"tintindex":0,"rotation":0,"texture":"#0"},"south":{"uv":[8.4375,1.5625,9.28125,1.90625],"tintindex":0,"rotation":0,"texture":"#0"},"north":{"uv":[8.375,6.875,9.21875,7.21875],"tintindex":0,"rotation":0,"texture":"#0"},"west":{"uv":[9.5,0.6875,10.1875,1.03125],"tintindex":0,"rotation":0,"texture":"#0"},"up":{"uv":[5.53125,4.0625,4.6875,3.375],"tintindex":0,"rotation":0,"texture":"#0"},"down":{"uv":[5.53125,4.0625,4.6875,4.75],"tintindex":0,"rotation":0,"texture":"#0"}}},{"from":[4.170788,14.458439,5.249613],"to":[12.321438,17.090038,10.750387],"faces":{"east":{"uv":[6.4375,9.375,7.125,9.71875],"tintindex":0,"rotation":0,"texture":"#0"},"south":{"uv":[7.25,6.8125,8.28125,7.15625],"tintindex":0,"rotation":0,"texture":"#0"},"north":{"uv":[7.25,6.4375,8.28125,6.78125],"tintindex":0,"rotation":0,"texture":"#0"},"west":{"uv":[9.375,8.875,10.0625,9.21875],"tintindex":0,"rotation":0,"texture":"#0"},"up":{"uv":[4.46875,1.4375,3.4375,0.75],"tintindex":0,"rotation":0,"texture":"#0"},"down":{"uv":[4.46875,1.4375,3.4375,2.125],"tintindex":0,"rotation":0,"texture":"#0"}}},{"from":[2.8275747,19.611988,4.8292875],"to":[13.390525,21.530865,10.549362],"faces":{"east":{"uv":[10.75,8.125,11.46875,8.375],"tintindex":0,"rotation":0,"texture":"#0"},"south":{"uv":[7.3125,2.5625,8.625,2.8125],"tintindex":0,"rotation":0,"texture":"#0"},"north":{"uv":[7.3125,2.3125,8.625,2.5625],"tintindex":0,"rotation":0,"texture":"#0"},"west":{"uv":[10.875,3.125,11.59375,3.375],"tintindex":0,"rotation":0,"texture":"#0"},"up":{"uv":[1.3125,2.34375,0.0,1.625],"tintindex":0,"rotation":0,"texture":"#0"},"down":{"uv":[2.9375,0.0,1.625,0.71875],"tintindex":0,"rotation":0,"texture":"#0"}}},{"from":[6.592225,24.91174,6.6933374],"to":[9.625875,27.123013,9.599062],"faces":{"east":{"uv":[10.6875,12.125,11.0625,12.40625],"tintindex":0,"rotation":0,"texture":"#0"},"south":{"uv":[11.0625,12.125,11.4375,12.40625],"tintindex":0,"rotation":0,"texture":"#0"},"north":{"uv":[12.125,9.875,12.5,10.15625],"tintindex":0,"rotation":0,"texture":"#0"},"west":{"uv":[12.125,11.4375,12.5,11.71875],"tintindex":0,"rotation":0,"texture":"#0"},"up":{"uv":[10.3125,11.9375,9.9375,11.5625],"tintindex":0,"rotation":0,"texture":"#0"},"down":{"uv":[12.0,1.6875,11.625,2.0625],"tintindex":0,"rotation":0,"texture":"#0"}}},{"from":[2.2701874,16.925564,5.47805],"to":[13.947912,20.105412,10.52195],"faces":{"east":{"uv":[9.25,6.625,9.875,7.03125],"tintindex":0,"rotation":0,"texture":"#0"},"south":{"uv":[0.0,4.5625,1.46875,4.96875],"tintindex":0,"rotation":0,"texture":"#0"},"north":{"uv":[4.5,1.375,5.96875,1.78125],"tintindex":0,"rotation":0,"texture":"#0"},"west":{"uv":[9.3125,1.4375,9.9375,1.84375],"tintindex":0,"rotation":0,"texture":"#0"},"up":{"uv":[1.46875,3.0,0.0,2.375],"tintindex":0,"rotation":0,"texture":"#0"},"down":{"uv":[2.96875,2.375,1.5,3.0],"tintindex":0,"rotation":0,"texture":"#0"}}},{"from":[5.25815,11.772015,5.33185],"to":[11.234076,16.212837,10.66815],"faces":{"east":{"uv":[6.75,1.125,7.40625,1.6875],"tintindex":0,"rotation":0,"texture":"#0"},"south":{"uv":[6.5625,5.375,7.3125,5.9375],"tintindex":0,"rotation":0,"texture":"#0"},"north":{"uv":[6.5625,2.3125,7.3125,2.875],"tintindex":0,"rotation":0,"texture":"#0"},"west":{"uv":[1.875,7.125,2.53125,7.6875],"tintindex":0,"rotation":0,"texture":"#0"},"up":{"uv":[6.3125,4.65625,5.5625,4.0],"tintindex":0,"rotation":0,"texture":"#0"},"down":{"uv":[6.5625,2.4375,5.8125,3.09375],"tintindex":0,"rotation":0,"texture":"#0"}}},{"from":[5.4500375,11.031876,5.386675],"to":[11.151837,13.389351,10.613325],"faces":{"east":{"uv":[10.625,5.625,11.28125,5.90625],"tintindex":0,"rotation":0,"texture":"#0"},"south":{"uv":[10.375,9.5,11.09375,9.78125],"tintindex":0,"rotation":0,"texture":"#0"},"north":{"uv":[10.375,6.0,11.09375,6.28125],"tintindex":0,"rotation":0,"texture":"#0"},"west":{"uv":[10.6875,7.0625,11.34375,7.34375],"tintindex":0,"rotation":0,"texture":"#0"},"up":{"uv":[6.53125,6.09375,5.8125,5.4375],"tintindex":0,"rotation":0,"texture":"#0"},"down":{"uv":[6.71875,1.3125,6.0,1.96875],"tintindex":0,"rotation":0,"texture":"#0"}}},{"from":[6.7384253,25.89859,7.1319375],"to":[9.479675,27.744362,9.343212],"faces":{"east":{"uv":[13.6875,0.5,13.96875,0.71875],"tintindex":0,"rotation":0,"texture":"#0"},"south":{"uv":[12.625,5.125,12.96875,5.34375],"tintindex":0,"rotation":0,"texture":"#0"},"north":{"uv":[12.625,3.625,12.96875,3.84375],"tintindex":0,"rotation":0,"texture":"#0"},"west":{"uv":[0.6875,13.6875,0.96875,13.90625],"tintindex":0,"rotation":0,"texture":"#0"},"up":{"uv":[12.59375,7.59375,12.25,7.3125],"tintindex":0,"rotation":0,"texture":"#0"},"down":{"uv":[12.59375,7.625,12.25,7.90625],"tintindex":0,"rotation":0,"texture":"#0"}}},{"from":[4.3626747,22.060837,5.4140873],"to":[11.855425,24.125912,10.585913],"faces":{"east":{"uv":[11.1875,1.1875,11.84375,1.4375],"tintindex":0,"rotation":0,"texture":"#0"},"south":{"uv":[9.625,5.25,10.5625,5.5],"tintindex":0,"rotation":0,"texture":"#0"},"north":{"uv":[9.625,5.0,10.5625,5.25],"tintindex":0,"rotation":0,"texture":"#0"},"west":{"uv":[11.1875,1.4375,11.84375,1.6875],"tintindex":0,"rotation":0,"texture":"#0"},"up":{"uv":[5.0,0.65625,4.0625,0.0],"tintindex":0,"rotation":0,"texture":"#0"},"down":{"uv":[5.4375,0.6875,4.5,1.34375],"tintindex":0,"rotation":0,"texture":"#0"}}},{"from":[6.774975,26.62959,7.8629375],"to":[9.443125,28.475365,9.233562],"faces":{"east":{"uv":[11.625,3.125,11.78125,3.34375],"tintindex":0,"rotation":0,"texture":"#0"},"south":{"uv":[12.625,0.5,12.96875,0.71875],"tintindex":0,"rotation":0,"texture":"#0"},"north":{"uv":[12.5625,8.8125,12.90625,9.03125],"tintindex":0,"rotation":0,"texture":"#0"},"west":{"uv":[6.375,12.75,6.53125,12.96875],"tintindex":0,"rotation":0,"texture":"#0"},"up":{"uv":[14.34375,8.96875,14.0,8.8125],"tintindex":0,"rotation":0,"texture":"#0"},"down":{"uv":[14.34375,10.75,14.0,10.90625],"tintindex":0,"rotation":0,"texture":"#0"}}},{"from":[3.6225371,17.254513,4.7836],"to":[12.595562,19.849564,10.52195],"faces":{"east":{"uv":[0.6875,9.8125,1.40625,10.125],"tintindex":0,"rotation":0,"texture":"#0"},"south":{"uv":[7.25,7.1875,8.375,7.5],"tintindex":0,"rotation":0,"texture":"#0"},"north":{"uv":[6.75,1.6875,7.875,2.0],"tintindex":0,"rotation":0,"texture":"#0"},"west":{"uv":[2.5,9.875,3.21875,10.1875],"tintindex":0,"rotation":0,"texture":"#0"},"up":{"uv":[4.125,3.03125,3.0,2.3125],"tintindex":0,"rotation":0,"texture":"#0"},"down":{"uv":[3.9375,3.0625,2.8125,3.78125],"tintindex":0,"rotation":0,"texture":"#0"}}},{"from":[5.504863,7.3586006,5.4140873],"to":[11.0970125,9.716076,10.585913],"faces":{"east":{"uv":[10.875,2.5,11.53125,2.78125],"tintindex":0,"rotation":0,"texture":"#0"},"south":{"uv":[10.5,8.375,11.1875,8.65625],"tintindex":0,"rotation":0,"texture":"#0"},"north":{"uv":[10.5,6.3125,11.1875,6.59375],"tintindex":0,"rotation":0,"texture":"#0"},"west":{"uv":[10.875,2.8125,11.53125,3.09375],"tintindex":0,"rotation":0,"texture":"#0"},"up":{"uv":[2.25,7.09375,1.5625,6.4375],"tintindex":0,"rotation":0,"texture":"#0"},"down":{"uv":[6.875,6.4375,6.1875,7.09375],"tintindex":0,"rotation":0,"texture":"#0"}}},{"from":[3.777875,20.67194,5.0120373],"to":[12.440225,23.029415,10.987963],"faces":{"east":{"uv":[6.4375,10.125,7.1875,10.40625],"tintindex":0,"rotation":0,"texture":"#0"},"south":{"uv":[7.9375,4.75,9.03125,5.03125],"tintindex":0,"rotation":0,"texture":"#0"},"north":{"uv":[7.9375,4.4375,9.03125,4.71875],"tintindex":0,"rotation":0,"texture":"#0"},"west":{"uv":[8.9375,10.125,9.6875,10.40625],"tintindex":0,"rotation":0,"texture":"#0"},"up":{"uv":[4.03125,0.75,2.9375,0.0],"tintindex":0,"rotation":0,"texture":"#0"},"down":{"uv":[2.78125,3.0,1.6875,3.75],"tintindex":0,"rotation":0,"texture":"#0"}}},{"from":[5.4500375,6.78294,5.386675],"to":[11.151837,9.140411,10.613325],"faces":{"east":{"uv":[3.0,10.8125,3.65625,11.09375],"tintindex":0,"rotation":0,"texture":"#0"},"south":{"uv":[0.625,10.4375,1.34375,10.71875],"tintindex":0,"rotation":0,"texture":"#0"},"north":{"uv":[10.375,9.8125,11.09375,10.09375],"tintindex":0,"rotation":0,"texture":"#0"},"west":{"uv":[10.875,2.1875,11.53125,2.46875],"tintindex":0,"rotation":0,"texture":"#0"},"up":{"uv":[3.65625,6.78125,2.9375,6.125],"tintindex":0,"rotation":0,"texture":"#0"},"down":{"uv":[5.78125,6.125,5.0625,6.78125],"tintindex":0,"rotation":0,"texture":"#0"}}},{"from":[1.6214247,19.392689,4.9754877],"to":[14.596675,21.750164,11.134163],"faces":{"east":{"uv":[9.875,6.75,10.65625,7.03125],"tintindex":0,"rotation":0,"texture":"#0"},"south":{"uv":[6.1875,6.125,7.8125,6.40625],"tintindex":0,"rotation":0,"texture":"#0"},"north":{"uv":[6.0,2.0,7.625,2.28125],"tintindex":0,"rotation":0,"texture":"#0"},"west":{"uv":[9.875,7.0625,10.65625,7.34375],"tintindex":0,"rotation":0,"texture":"#0"},"up":{"uv":[1.625,0.78125,0.0,0.0],"tintindex":0,"rotation":0,"texture":"#0"},"down":{"uv":[1.625,0.8125,0.0,1.59375],"tintindex":0,"rotation":0,"texture":"#0"}}},{"from":[5.504863,10.346561,5.4140873],"to":[11.0970125,12.704037,10.585913],"faces":{"east":{"uv":[10.75,10.125,11.40625,10.40625],"tintindex":0,"rotation":0,"texture":"#0"},"south":{"uv":[10.5,1.5625,11.1875,1.84375],"tintindex":0,"rotation":0,"texture":"#0"},"north":{"uv":[10.5,1.25,11.1875,1.53125],"tintindex":0,"rotation":0,"texture":"#0"},"west":{"uv":[2.3125,10.8125,2.96875,11.09375],"tintindex":0,"rotation":0,"texture":"#0"},"up":{"uv":[6.9375,5.34375,6.25,4.6875],"tintindex":0,"rotation":0,"texture":"#0"},"down":{"uv":[7.0,4.0,6.3125,4.65625],"tintindex":0,"rotation":0,"texture":"#0"}}},{"from":[4.8012753,23.047688,5.743037],"to":[11.416825,25.112762,10.256963],"faces":{"east":{"uv":[11.5625,11.4375,12.125,11.6875],"tintindex":0,"rotation":0,"texture":"#0"},"south":{"uv":[3.1875,10.25,4.0,10.5],"tintindex":0,"rotation":0,"texture":"#0"},"north":{"uv":[10.1875,1.0,11.0,1.25],"tintindex":0,"rotation":0,"texture":"#0"},"west":{"uv":[11.625,0.625,12.1875,0.875],"tintindex":0,"rotation":0,"texture":"#0"},"up":{"uv":[6.75,0.5625,5.9375,0.0],"tintindex":0,"rotation":0,"texture":"#0"},"down":{"uv":[7.0,0.5625,6.1875,1.125],"tintindex":0,"rotation":0,"texture":"#0"}}}],"display":{"gui":{"rotation":[30,225,0]}}}