{"textures":{"0":"modelengine:entity/nocsy_drakonin_baby2"},"elements":[{"from":[5.8255,10.046701,5.0070057],"to":[6.1254997,10.346701,5.0070057],"faces":{"south":{"uv":[8.5,4.25,8.625,4.375],"tintindex":0,"rotation":0,"texture":"#0"},"north":{"uv":[8.625,4.25,8.5,4.375],"tintindex":0,"rotation":0,"texture":"#0"}}},{"from":[5.4265003,8.071701,5.057006],"to":[5.4265003,12.071701,6.057006],"faces":{"east":{"uv":[10.25,3.0,10.375,3.5],"tintindex":0,"rotation":0,"texture":"#0"},"west":{"uv":[10.375,3.0,10.25,3.5],"tintindex":0,"rotation":0,"texture":"#0"}}},{"from":[5.7255,8.471701,5.0320053],"to":[7.7255,10.471701,5.0320053],"faces":{"south":{"uv":[10.25,5.5,10.5,5.75],"tintindex":0,"rotation":0,"texture":"#0"},"north":{"uv":[10.5,5.5,10.25,5.75],"tintindex":0,"rotation":0,"texture":"#0"}}},{"from":[10.5735,8.071701,5.057006],"to":[10.5735,12.071701,6.057006],"faces":{"east":{"uv":[10.25,3.0,10.375,3.5],"tintindex":0,"rotation":0,"texture":"#0"},"west":{"uv":[10.375,3.0,10.25,3.5],"tintindex":0,"rotation":0,"texture":"#0"}}},{"from":[5.4255,8.071701,5.057006],"to":[8.4255,12.071701,5.057006],"faces":{"south":{"uv":[6.875,7.75,7.25,8.25],"tintindex":0,"rotation":0,"texture":"#0"},"north":{"uv":[7.25,7.75,6.875,8.25],"tintindex":0,"rotation":0,"texture":"#0"}}},{"from":[7.5745,8.071701,5.057006],"to":[10.5745,12.071701,5.057006],"faces":{"south":{"uv":[7.25,7.75,6.875,8.25],"tintindex":0,"rotation":0,"texture":"#0"},"north":{"uv":[6.875,7.75,7.25,8.25],"tintindex":0,"rotation":0,"texture":"#0"}}},{"from":[5.5,7.3717012,5.1860056],"to":[10.5,12.3717,10.186006],"faces":{"east":{"uv":[6.25,0.75,6.875,1.375],"tintindex":0,"rotation":0,"texture":"#0"},"south":{"uv":[6.25,1.5,6.875,2.125],"tintindex":0,"rotation":0,"texture":"#0"},"north":{"uv":[6.25,0.0,6.875,0.625],"tintindex":0,"rotation":0,"texture":"#0"},"west":{"uv":[6.25,2.25,6.875,2.875],"tintindex":0,"rotation":0,"texture":"#0"},"up":{"uv":[6.875,3.625,6.25,3.0],"tintindex":0,"rotation":0,"texture":"#0"},"down":{"uv":[6.875,3.75,6.25,4.375],"tintindex":0,"rotation":0,"texture":"#0"}}},{"from":[6.6,8.277185,2.7512708],"to":[9.4,10.077185,5.551271],"faces":{"east":{"uv":[9.75,7.125,10.125,7.375],"tintindex":0,"rotation":0,"texture":"#0"},"south":{"uv":[9.75,7.5,10.125,7.75],"tintindex":0,"rotation":0,"texture":"#0"},"north":{"uv":[9.75,6.75,10.125,7.0],"tintindex":0,"rotation":0,"texture":"#0"},"west":{"uv":[9.75,7.875,10.125,8.125],"tintindex":0,"rotation":0,"texture":"#0"},"up":{"uv":[9.0,2.125,8.625,1.75],"tintindex":0,"rotation":0,"texture":"#0"},"down":{"uv":[9.0,2.25,8.625,2.625],"tintindex":0,"rotation":0,"texture":"#0"}}},{"from":[8.2745,8.471701,5.0320053],"to":[10.2745,10.471701,5.0320053],"faces":{"south":{"uv":[10.5,5.5,10.25,5.75],"tintindex":0,"rotation":0,"texture":"#0"},"north":{"uv":[10.25,5.5,10.5,5.75],"tintindex":0,"rotation":0,"texture":"#0"}}},{"from":[8.0,12.071701,4.1860056],"to":[8.0,17.071701,11.186006],"faces":{"east":{"uv":[11.875,0.0,11.0,0.625],"tintindex":0,"rotation":0,"texture":"#0"},"south":{"uv":[6.25,1.5,6.875,2.125],"tintindex":0,"rotation":0,"texture":"#0"},"north":{"uv":[6.25,0.0,6.875,0.625],"tintindex":0,"rotation":0,"texture":"#0"},"west":{"uv":[11.0,0.0,11.875,0.625],"tintindex":0,"rotation":0,"texture":"#0"},"up":{"uv":[6.875,3.625,6.25,3.0],"tintindex":0,"rotation":0,"texture":"#0"},"down":{"uv":[6.875,3.75,6.25,4.375],"tintindex":0,"rotation":0,"texture":"#0"}}},{"from":[9.8,12.071701,3.9860058],"to":[9.8,17.071701,10.986006],"faces":{"east":{"uv":[11.875,0.875,11.0,1.5],"tintindex":0,"rotation":0,"texture":"#0"},"south":{"uv":[6.25,1.5,6.875,2.125],"tintindex":0,"rotation":0,"texture":"#0"},"north":{"uv":[6.25,0.0,6.875,0.625],"tintindex":0,"rotation":0,"texture":"#0"},"west":{"uv":[11.0,0.875,11.875,1.5],"tintindex":0,"rotation":0,"texture":"#0"},"up":{"uv":[6.875,3.625,6.25,3.0],"tintindex":0,"rotation":0,"texture":"#0"},"down":{"uv":[6.875,3.75,6.25,4.375],"tintindex":0,"rotation":0,"texture":"#0"}},"rotation":{"origin":[10.0,14.571701,7.6860056],"angle":22.5,"axis":"y"}},{"from":[6.2,12.071701,3.9860058],"to":[6.2,17.071701,10.986006],"faces":{"east":{"uv":[11.875,0.875,11.0,1.5],"tintindex":0,"rotation":0,"texture":"#0"},"south":{"uv":[6.875,1.5,6.25,2.125],"tintindex":0,"rotation":0,"texture":"#0"},"north":{"uv":[6.875,0.0,6.25,0.625],"tintindex":0,"rotation":0,"texture":"#0"},"west":{"uv":[11.0,0.875,11.875,1.5],"tintindex":0,"rotation":0,"texture":"#0"},"up":{"uv":[6.25,3.625,6.875,3.0],"tintindex":0,"rotation":0,"texture":"#0"},"down":{"uv":[6.25,3.75,6.875,4.375],"tintindex":0,"rotation":0,"texture":"#0"}},"rotation":{"origin":[6.0,14.571701,7.6860056],"angle":-22.5,"axis":"y"}},{"from":[9.4745,10.046701,5.0070057],"to":[9.7745,10.346701,5.0070057],"faces":{"south":{"uv":[8.625,4.25,8.5,4.375],"tintindex":0,"rotation":0,"texture":"#0"},"north":{"uv":[8.5,4.25,8.625,4.375],"tintindex":0,"rotation":0,"texture":"#0"}}},{"from":[7.0,7.451335,3.3572273],"to":[9.0,9.451335,6.3572273],"faces":{"east":{"uv":[9.75,8.25,10.125,8.5],"tintindex":0,"rotation":0,"texture":"#0"},"south":{"uv":[10.25,9.25,10.5,9.5],"tintindex":0,"rotation":0,"texture":"#0"},"north":{"uv":[10.25,8.625,10.5,8.875],"tintindex":0,"rotation":0,"texture":"#0"},"west":{"uv":[9.75,8.625,10.125,8.875],"tintindex":0,"rotation":0,"texture":"#0"},"up":{"uv":[5.25,10.125,5.0,9.75],"tintindex":0,"rotation":0,"texture":"#0"},"down":{"uv":[10.0,9.0,9.75,9.375],"tintindex":0,"rotation":0,"texture":"#0"}}}],"display":{"gui":{"rotation":[30,225,0]}}}