{"textures":{"0":"modelengine:entity/nocsy_drakonin_baby2"},"elements":[{"from":[7.42,5.0249443,6.46084],"to":[9.42,9.024944,8.46084],"faces":{"east":{"uv":[9.5,3.375,9.75,3.875],"tintindex":0,"rotation":0,"texture":"#0"},"south":{"uv":[3.5,9.5,3.75,10.0],"tintindex":0,"rotation":0,"texture":"#0"},"north":{"uv":[3.125,9.5,3.375,10.0],"tintindex":0,"rotation":0,"texture":"#0"},"west":{"uv":[3.875,9.5,4.125,10.0],"tintindex":0,"rotation":0,"texture":"#0"},"up":{"uv":[10.625,1.375,10.375,1.125],"tintindex":0,"rotation":0,"texture":"#0"},"down":{"uv":[1.75,10.375,1.5,10.625],"tintindex":0,"rotation":0,"texture":"#0"}},"rotation":{"origin":[7.71,8.388945,7.2728405],"angle":22.5,"axis":"x"}}],"display":{"gui":{"rotation":[30,225,0]}}}