{"textures":{"0":"modelengine:entity/nocsy_drakonin_baby2"},"elements":[{"from":[7.3849506,8.478529,5.9676857],"to":[7.3849506,11.478528,8.967686],"faces":{"east":{"uv":[4.25,11.0,3.875,11.375],"tintindex":0,"rotation":0,"texture":"#0"},"south":{"uv":[1.5,9.875,1.75,10.25],"tintindex":0,"rotation":0,"texture":"#0"},"north":{"uv":[9.875,0.0,10.125,0.375],"tintindex":0,"rotation":0,"texture":"#0"},"west":{"uv":[3.875,11.0,4.25,11.375],"tintindex":0,"rotation":0,"texture":"#0"},"up":{"uv":[10.125,3.125,9.875,2.75],"tintindex":0,"rotation":0,"texture":"#0"},"down":{"uv":[10.125,3.25,9.875,3.625],"tintindex":0,"rotation":0,"texture":"#0"}}},{"from":[6.484951,5.178529,5.4676857],"to":[8.484951,9.178528,9.467686],"faces":{"east":{"uv":[7.0,0.0,7.5,0.5],"tintindex":0,"rotation":0,"texture":"#0"},"south":{"uv":[9.375,8.875,9.625,9.375],"tintindex":0,"rotation":0,"texture":"#0"},"north":{"uv":[8.75,9.375,9.0,9.875],"tintindex":0,"rotation":0,"texture":"#0"},"west":{"uv":[0.625,7.0,1.125,7.5],"tintindex":0,"rotation":0,"texture":"#0"},"up":{"uv":[0.25,10.0,0.0,9.5],"tintindex":0,"rotation":0,"texture":"#0"},"down":{"uv":[9.75,2.75,9.5,3.25],"tintindex":0,"rotation":0,"texture":"#0"}},"rotation":{"origin":[10.2549515,7.5785284,7.787686],"angle":-22.5,"axis":"x"}}],"display":{"gui":{"rotation":[30,225,0]}}}