{"textures":{"0":"modelengine:entity/nocsy_drakonin_baby2"},"elements":[{"from":[7.752552,6.4848995,4.635283],"to":[10.352551,9.0849,7.235283],"faces":{"east":{"uv":[8.375,8.25,8.75,8.625],"tintindex":0,"rotation":0,"texture":"#0"},"south":{"uv":[0.0,8.5,0.375,8.875],"tintindex":0,"rotation":0,"texture":"#0"},"north":{"uv":[7.875,8.375,8.25,8.75],"tintindex":0,"rotation":0,"texture":"#0"},"west":{"uv":[8.5,3.25,8.875,3.625],"tintindex":0,"rotation":0,"texture":"#0"},"up":{"uv":[8.875,4.125,8.5,3.75],"tintindex":0,"rotation":0,"texture":"#0"},"down":{"uv":[8.875,5.875,8.5,6.25],"tintindex":0,"rotation":0,"texture":"#0"}},"rotation":{"origin":[6.8525515,7.9848995,8.035283],"angle":22.5,"axis":"y"}},{"from":[5.752552,7.4849,-0.56471634],"to":[10.752552,7.4849,5.4352827],"faces":{"up":{"uv":[6.125,2.5,5.5,1.75],"tintindex":0,"rotation":0,"texture":"#0"},"down":{"uv":[6.125,2.625,5.5,3.375],"tintindex":0,"rotation":0,"texture":"#0"}}},{"from":[-0.83348334,7.3849,10.996571],"to":[0.36651668,8.5849,15.196571],"faces":{"east":{"uv":[9.0,10.125,9.5,10.25],"tintindex":0,"rotation":0,"texture":"#0"},"south":{"uv":[0.625,8.0,0.75,8.125],"tintindex":0,"rotation":0,"texture":"#0"},"north":{"uv":[7.5,7.125,7.625,7.25],"tintindex":0,"rotation":0,"texture":"#0"},"west":{"uv":[10.125,9.0,10.625,9.125],"tintindex":0,"rotation":0,"texture":"#0"},"up":{"uv":[2.75,10.625,2.625,10.125],"tintindex":0,"rotation":0,"texture":"#0"},"down":{"uv":[4.75,10.125,4.625,10.625],"tintindex":0,"rotation":0,"texture":"#0"}},"rotation":{"origin":[0.2665167,7.9848995,9.996571],"angle":-22.5,"axis":"y"}},{"from":[3.0525515,7.1849,5.235283],"to":[9.652553,8.7849,6.8352833],"faces":{"east":{"uv":[3.125,10.125,3.375,10.375],"tintindex":0,"rotation":0,"texture":"#0"},"south":{"uv":[3.375,7.0,4.25,7.25],"tintindex":0,"rotation":0,"texture":"#0"},"north":{"uv":[7.0,3.25,7.875,3.5],"tintindex":0,"rotation":0,"texture":"#0"},"west":{"uv":[3.5,10.125,3.75,10.375],"tintindex":0,"rotation":0,"texture":"#0"},"up":{"uv":[7.875,3.875,7.0,3.625],"tintindex":0,"rotation":0,"texture":"#0"},"down":{"uv":[7.875,4.0,7.0,4.25],"tintindex":0,"rotation":0,"texture":"#0"}},"rotation":{"origin":[6.8525515,7.9848995,8.035283],"angle":22.5,"axis":"y"}},{"from":[-1.4334834,7.2849,9.296571],"to":[3.9665177,8.684899,10.69657],"faces":{"east":{"uv":[3.875,10.125,4.125,10.375],"tintindex":0,"rotation":0,"texture":"#0"},"south":{"uv":[7.5,5.5,8.25,5.75],"tintindex":0,"rotation":0,"texture":"#0"},"north":{"uv":[7.5,1.625,8.25,1.875],"tintindex":0,"rotation":0,"texture":"#0"},"west":{"uv":[4.25,10.125,4.5,10.375],"tintindex":0,"rotation":0,"texture":"#0"},"up":{"uv":[8.25,7.0,7.5,6.75],"tintindex":0,"rotation":0,"texture":"#0"},"down":{"uv":[0.75,7.625,0.0,7.875],"tintindex":0,"rotation":0,"texture":"#0"}},"rotation":{"origin":[0.2665167,7.9848995,9.996571],"angle":45.0,"axis":"y"}},{"from":[-5.997449,7.8849,6.035283],"to":[8.002552,7.9848995,25.035282],"faces":{"east":{"uv":[6.75,5.0,9.125,5.125],"tintindex":0,"rotation":0,"texture":"#0"},"south":{"uv":[4.25,7.375,6.0,7.5],"tintindex":0,"rotation":0,"texture":"#0"},"north":{"uv":[2.375,7.375,4.125,7.5],"tintindex":0,"rotation":0,"texture":"#0"},"west":{"uv":[6.75,5.25,9.125,5.375],"tintindex":0,"rotation":0,"texture":"#0"},"up":{"uv":[1.75,4.875,0.0,2.5],"tintindex":0,"rotation":0,"texture":"#0"},"down":{"uv":[1.75,2.5,0.0,4.875],"tintindex":0,"rotation":0,"texture":"#0"}}}],"display":{"gui":{"rotation":[30,225,0]}}}