{"textures":{"0":"modelengine:entity/nocsy_drakonin_baby2"},"elements":[{"from":[7.515049,5.178529,5.4676857],"to":[9.515049,9.178528,9.467686],"faces":{"east":{"uv":[1.125,7.0,0.625,7.5],"tintindex":0,"rotation":0,"texture":"#0"},"south":{"uv":[9.625,8.875,9.375,9.375],"tintindex":0,"rotation":0,"texture":"#0"},"north":{"uv":[9.0,9.375,8.75,9.875],"tintindex":0,"rotation":0,"texture":"#0"},"west":{"uv":[7.5,0.0,7.0,0.5],"tintindex":0,"rotation":0,"texture":"#0"},"up":{"uv":[0.0,10.0,0.25,9.5],"tintindex":0,"rotation":0,"texture":"#0"},"down":{"uv":[9.5,2.75,9.75,3.25],"tintindex":0,"rotation":0,"texture":"#0"}},"rotation":{"origin":[5.745049,7.5785284,7.787686],"angle":-22.5,"axis":"x"}},{"from":[8.615049,8.478529,5.9676857],"to":[8.615049,11.478528,8.967686],"faces":{"east":{"uv":[4.25,11.0,3.875,11.375],"tintindex":0,"rotation":0,"texture":"#0"},"south":{"uv":[1.75,9.875,1.5,10.25],"tintindex":0,"rotation":0,"texture":"#0"},"north":{"uv":[10.125,0.0,9.875,0.375],"tintindex":0,"rotation":0,"texture":"#0"},"west":{"uv":[3.875,11.0,4.25,11.375],"tintindex":0,"rotation":0,"texture":"#0"},"up":{"uv":[9.875,3.125,10.125,2.75],"tintindex":0,"rotation":0,"texture":"#0"},"down":{"uv":[9.875,3.25,10.125,3.625],"tintindex":0,"rotation":0,"texture":"#0"}}}],"display":{"gui":{"rotation":[30,225,0]}}}