{"textures":{"0":"modelengine:entity/nocsy_drakonin7"},"elements":[{"from":[11.55,8.560514,3.3550057],"to":[11.55,15.560514,6.3550057],"faces":{"east":{"uv":[11.0625,11.0625,11.25,11.5],"tintindex":0,"rotation":0,"texture":"#0"},"west":{"uv":[1.4375,11.125,1.625,11.5625],"tintindex":0,"rotation":0,"texture":"#0"}}},{"from":[5.8393917,0.79409313,3.4300056],"to":[5.8393917,7.794094,11.430006],"faces":{"east":{"uv":[9.0,6.0625,9.5,6.5],"tintindex":0,"rotation":0,"texture":"#0"},"west":{"uv":[9.0,6.5625,9.5,7.0],"tintindex":0,"rotation":0,"texture":"#0"}},"rotation":{"origin":[5.8393917,11.294094,7.4300056],"angle":-22.5,"axis":"z"}},{"from":[8.55,8.560514,3.3550057],"to":[11.55,15.560514,3.3550057],"faces":{"south":{"uv":[2.8125,11.125,3.0,11.5625],"tintindex":0,"rotation":0,"texture":"#0"},"north":{"uv":[2.5625,11.125,2.75,11.5625],"tintindex":0,"rotation":0,"texture":"#0"}}},{"from":[6.0,8.794107,-1.4229851],"to":[10.0,9.794107,-1.4229851],"faces":{"south":{"uv":[8.5625,7.75,8.8125,7.8125],"tintindex":0,"rotation":0,"texture":"#0"},"north":{"uv":[8.25,7.75,8.5,7.8125],"tintindex":0,"rotation":0,"texture":"#0"}}},{"from":[12.987766,7.0605145,3.9482884],"to":[12.987766,16.060514,14.948288],"faces":{"east":{"uv":[7.375,8.5,8.0625,9.0625],"tintindex":0,"rotation":0,"texture":"#0"},"west":{"uv":[8.125,8.5,8.8125,9.0625],"tintindex":0,"rotation":0,"texture":"#0"}},"rotation":{"origin":[13.062767,4.3605156,9.748288],"angle":22.5,"axis":"y"}},{"from":[6.3,7.670229,0.65969896],"to":[6.3,10.670229,6.659699],"faces":{"east":{"uv":[5.625,11.5625,6.0,11.75],"tintindex":0,"rotation":0,"texture":"#0"},"west":{"uv":[8.1875,11.5625,8.5625,11.75],"tintindex":0,"rotation":0,"texture":"#0"}},"rotation":{"origin":[6.3,8.370228,2.7596984],"angle":-22.5,"axis":"x"}},{"from":[9.7,7.670229,0.65969896],"to":[9.7,10.670229,6.659699],"faces":{"east":{"uv":[11.5625,9.8125,11.9375,10.0],"tintindex":0,"rotation":0,"texture":"#0"},"west":{"uv":[11.5625,10.3125,11.9375,10.5],"tintindex":0,"rotation":0,"texture":"#0"}},"rotation":{"origin":[9.7,8.370228,2.7596984],"angle":-22.5,"axis":"x"}},{"from":[4.45,8.560514,3.3550057],"to":[7.45,15.560514,3.3550057],"faces":{"south":{"uv":[8.125,11.0,8.3125,11.4375],"tintindex":0,"rotation":0,"texture":"#0"},"north":{"uv":[6.9375,11.0,7.125,11.4375],"tintindex":0,"rotation":0,"texture":"#0"}}},{"from":[4.5,1.2123737,12.194448],"to":[11.5,8.212374,12.194448],"faces":{"south":{"uv":[1.375,9.5,1.8125,9.9375],"tintindex":0,"rotation":0,"texture":"#0"},"north":{"uv":[9.5,1.0,9.9375,1.4375],"tintindex":0,"rotation":0,"texture":"#0"}},"rotation":{"origin":[8.0,6.2123737,12.194448],"angle":-22.5,"axis":"x"}},{"from":[4.5,16.688255,6.144651],"to":[11.5,16.688255,14.14465],"faces":{"up":{"uv":[7.6875,9.625,7.25,9.125],"tintindex":0,"rotation":0,"texture":"#0"},"down":{"uv":[8.1875,9.125,7.75,9.625],"tintindex":0,"rotation":0,"texture":"#0"}},"rotation":{"origin":[8.0,16.538256,10.39465],"angle":-22.5,"axis":"x"}},{"from":[4.45,8.560514,3.3550057],"to":[4.45,15.560514,6.3550057],"faces":{"east":{"uv":[9.75,11.0625,9.9375,11.5],"tintindex":0,"rotation":0,"texture":"#0"},"west":{"uv":[10.8125,11.0625,11.0,11.5],"tintindex":0,"rotation":0,"texture":"#0"}}},{"from":[4.5,15.059515,8.430006],"to":[11.5,15.059515,16.430006],"faces":{"up":{"uv":[8.6875,9.625,8.25,9.125],"tintindex":0,"rotation":0,"texture":"#0"},"down":{"uv":[3.5,9.3125,3.0625,9.8125],"tintindex":0,"rotation":0,"texture":"#0"}}},{"from":[10.160608,0.79409313,3.4300056],"to":[10.160608,7.794094,11.430006],"faces":{"east":{"uv":[9.0,7.0625,9.5,7.5],"tintindex":0,"rotation":0,"texture":"#0"},"west":{"uv":[8.875,9.0,9.375,9.4375],"tintindex":0,"rotation":0,"texture":"#0"}},"rotation":{"origin":[10.160608,11.294094,7.4300056],"angle":22.5,"axis":"z"}},{"from":[9.75,9.360516,3.2550054],"to":[10.75,13.060514,3.2550054],"faces":{"south":{"uv":[8.8125,9.125,8.75,9.375],"tintindex":0,"rotation":0,"texture":"#0"},"north":{"uv":[7.3125,8.75,7.25,9.0],"tintindex":0,"rotation":0,"texture":"#0"}}},{"from":[4.5,8.060514,3.4300056],"to":[11.5,15.060514,11.430006],"faces":{"east":{"uv":[8.9375,3.9375,9.4375,4.375],"tintindex":0,"rotation":0,"texture":"#0"},"south":{"uv":[9.5,0.5,9.9375,0.9375],"tintindex":0,"rotation":0,"texture":"#0"},"north":{"uv":[9.5,0.0,9.9375,0.4375],"tintindex":0,"rotation":0,"texture":"#0"},"west":{"uv":[8.9375,4.4375,9.4375,4.875],"tintindex":0,"rotation":0,"texture":"#0"},"up":{"uv":[9.4375,5.4375,9.0,4.9375],"tintindex":0,"rotation":0,"texture":"#0"},"down":{"uv":[9.4375,5.5,9.0,6.0],"tintindex":0,"rotation":0,"texture":"#0"}}},{"from":[3.0122333,7.0605145,3.9482884],"to":[3.0122333,16.060514,14.948288],"faces":{"east":{"uv":[8.25,6.5,8.9375,7.0625],"tintindex":0,"rotation":0,"texture":"#0"},"west":{"uv":[8.25,7.125,8.9375,7.6875],"tintindex":0,"rotation":0,"texture":"#0"}},"rotation":{"origin":[2.9372334,4.3605156,9.748288],"angle":-22.5,"axis":"y"}},{"from":[6.0,9.794107,-1.4229851],"to":[10.0,12.794107,4.5770154],"faces":{"east":{"uv":[11.5625,0.0,11.9375,0.1875],"tintindex":0,"rotation":0,"texture":"#0"},"south":{"uv":[11.625,4.1875,11.875,4.375],"tintindex":0,"rotation":0,"texture":"#0"},"north":{"uv":[11.625,3.9375,11.875,4.125],"tintindex":0,"rotation":0,"texture":"#0"},"west":{"uv":[11.5625,0.25,11.9375,0.4375],"tintindex":0,"rotation":0,"texture":"#0"},"up":{"uv":[10.0625,11.0,9.8125,10.625],"tintindex":0,"rotation":0,"texture":"#0"},"down":{"uv":[10.9375,1.9375,10.6875,2.3125],"tintindex":0,"rotation":0,"texture":"#0"}}},{"from":[5.25,9.360516,3.2550054],"to":[6.25,13.060514,3.2550054],"faces":{"south":{"uv":[8.75,9.125,8.8125,9.375],"tintindex":0,"rotation":0,"texture":"#0"},"north":{"uv":[7.25,8.75,7.3125,9.0],"tintindex":0,"rotation":0,"texture":"#0"}}},{"from":[6.5,8.370228,-0.24030113],"to":[9.5,10.370228,5.759699],"faces":{"east":{"uv":[9.0,7.5625,9.375,7.6875],"tintindex":0,"rotation":0,"texture":"#0"},"south":{"uv":[6.375,11.25,6.5625,11.375],"tintindex":0,"rotation":0,"texture":"#0"},"north":{"uv":[11.25,3.25,11.4375,3.375],"tintindex":0,"rotation":0,"texture":"#0"},"west":{"uv":[11.5,2.5,11.875,2.625],"tintindex":0,"rotation":0,"texture":"#0"},"up":{"uv":[10.1875,11.875,10.0,11.5],"tintindex":0,"rotation":0,"texture":"#0"},"down":{"uv":[1.3125,11.5625,1.125,11.9375],"tintindex":0,"rotation":0,"texture":"#0"}}}],"display":{"gui":{"rotation":[30,225,0]}}}