{"textures":{"0":"modelengine:entity/nocsy_drakonin7"},"elements":[{"from":[7.012988,5.397955,4.2400002],"to":[10.052989,8.437956,8.280001],"faces":{"east":{"uv":[11.9375,2.9375,12.1875,3.125],"tintindex":0,"rotation":0,"texture":"#0"},"south":{"uv":[12.1875,5.8125,12.375,6.0],"tintindex":0,"rotation":0,"texture":"#0"},"north":{"uv":[12.1875,5.25,12.375,5.4375],"tintindex":0,"rotation":0,"texture":"#0"},"west":{"uv":[3.0625,11.9375,3.3125,12.125],"tintindex":0,"rotation":0,"texture":"#0"},"up":{"uv":[3.5625,12.1875,3.375,11.9375],"tintindex":0,"rotation":0,"texture":"#0"},"down":{"uv":[12.125,3.5,11.9375,3.75],"tintindex":0,"rotation":0,"texture":"#0"}}},{"from":[9.722988,5.4079547,4.25],"to":[12.742989,8.427956,8.27],"faces":{"east":{"uv":[11.875,10.5625,12.125,10.75],"tintindex":0,"rotation":0,"texture":"#0"},"south":{"uv":[4.8125,12.1875,5.0,12.375],"tintindex":0,"rotation":0,"texture":"#0"},"north":{"uv":[4.5625,12.1875,4.75,12.375],"tintindex":0,"rotation":0,"texture":"#0"},"west":{"uv":[1.9375,11.9375,2.1875,12.125],"tintindex":0,"rotation":0,"texture":"#0"},"up":{"uv":[2.4375,12.1875,2.25,11.9375],"tintindex":0,"rotation":0,"texture":"#0"},"down":{"uv":[3.0,11.9375,2.8125,12.1875],"tintindex":0,"rotation":0,"texture":"#0"}},"rotation":{"origin":[8.232988,6.9179554,3.7600002],"angle":-22.5,"axis":"y"}},{"from":[5.102757,5.2446938,-0.5197067],"to":[5.102757,9.244694,5.4802933],"faces":{"east":{"uv":[10.125,10.8125,10.5,11.0625],"tintindex":0,"rotation":0,"texture":"#0"},"west":{"uv":[0.0,10.875,0.375,11.125],"tintindex":0,"rotation":0,"texture":"#0"}},"rotation":{"origin":[8.802757,7.2446933,2.4802933],"angle":22.5,"axis":"y"}},{"from":[6.9550014,5.4279556,10.429554],"to":[9.935001,8.407955,12.409554],"faces":{"east":{"uv":[7.0,11.5,7.125,11.6875],"tintindex":0,"rotation":0,"texture":"#0"},"south":{"uv":[12.1875,3.6875,12.375,3.875],"tintindex":0,"rotation":0,"texture":"#0"},"north":{"uv":[12.1875,3.4375,12.375,3.625],"tintindex":0,"rotation":0,"texture":"#0"},"west":{"uv":[8.9375,11.6875,9.0625,11.875],"tintindex":0,"rotation":0,"texture":"#0"},"up":{"uv":[12.3125,12.3125,12.125,12.1875],"tintindex":0,"rotation":0,"texture":"#0"},"down":{"uv":[12.4375,0.0,12.25,0.125],"tintindex":0,"rotation":0,"texture":"#0"}}},{"from":[12.1027565,5.2446938,-0.5197067],"to":[12.1027565,9.244694,5.4802933],"faces":{"east":{"uv":[0.4375,10.875,0.8125,11.125],"tintindex":0,"rotation":0,"texture":"#0"},"west":{"uv":[4.4375,10.875,4.8125,11.125],"tintindex":0,"rotation":0,"texture":"#0"}},"rotation":{"origin":[8.802757,7.2446933,2.4802933],"angle":-22.5,"axis":"y"}},{"from":[4.1470137,5.4079547,4.25],"to":[7.1670146,8.427956,8.27],"faces":{"east":{"uv":[8.1875,11.8125,8.4375,12.0],"tintindex":0,"rotation":0,"texture":"#0"},"south":{"uv":[3.0625,12.1875,3.25,12.375],"tintindex":0,"rotation":0,"texture":"#0"},"north":{"uv":[1.875,12.1875,2.0625,12.375],"tintindex":0,"rotation":0,"texture":"#0"},"west":{"uv":[11.8125,9.0,12.0625,9.1875],"tintindex":0,"rotation":0,"texture":"#0"},"up":{"uv":[10.4375,12.0625,10.25,11.8125],"tintindex":0,"rotation":0,"texture":"#0"},"down":{"uv":[0.1875,11.875,0.0,12.125],"tintindex":0,"rotation":0,"texture":"#0"}},"rotation":{"origin":[8.657015,6.9179554,3.7600002],"angle":22.5,"axis":"y"}},{"from":[8.6027565,5.2446938,-0.5197067],"to":[8.6027565,9.244694,5.4802933],"faces":{"east":{"uv":[5.125,10.8125,5.5,11.0625],"tintindex":0,"rotation":0,"texture":"#0"},"west":{"uv":[7.375,10.8125,7.75,11.0625],"tintindex":0,"rotation":0,"texture":"#0"}}},{"from":[5.945001,5.4179554,6.019553],"to":[10.945002,9.417955,11.019553],"faces":{"east":{"uv":[11.375,7.8125,11.6875,8.0625],"tintindex":0,"rotation":0,"texture":"#0"},"south":{"uv":[11.375,8.125,11.6875,8.375],"tintindex":0,"rotation":0,"texture":"#0"},"north":{"uv":[11.375,7.5,11.6875,7.75],"tintindex":0,"rotation":0,"texture":"#0"},"west":{"uv":[11.375,8.4375,11.6875,8.6875],"tintindex":0,"rotation":0,"texture":"#0"},"up":{"uv":[10.875,9.3125,10.5625,9.0],"tintindex":0,"rotation":0,"texture":"#0"},"down":{"uv":[10.9375,3.0,10.625,3.3125],"tintindex":0,"rotation":0,"texture":"#0"}}},{"from":[8.445002,5.649452,11.669408],"to":[8.445002,9.649452,16.669407],"faces":{"east":{"uv":[0.75,11.375,1.0625,11.625],"tintindex":0,"rotation":0,"texture":"#0"},"west":{"uv":[4.6875,11.375,5.0,11.625],"tintindex":0,"rotation":0,"texture":"#0"}}}],"display":{"gui":{"rotation":[30,225,0]}}}