{"textures":{"0":"modelengine:entity/nocsy_drakonin7"},"elements":[{"from":[-4.662655,7.2025,11.426421],"to":[-3.1626549,8.702499,16.926422],"faces":{"east":{"uv":[7.8125,10.0625,7.125,10.25],"tintindex":0,"rotation":0,"texture":"#0"},"south":{"uv":[12.1875,11.375,12.0,11.5625],"tintindex":0,"rotation":0,"texture":"#0"},"north":{"uv":[11.1875,12.0,11.0,12.1875],"tintindex":0,"rotation":0,"texture":"#0"},"west":{"uv":[5.25,10.0625,4.5625,10.25],"tintindex":0,"rotation":0,"texture":"#0"},"up":{"uv":[2.375,10.6875,2.5625,10.0],"tintindex":0,"rotation":0,"texture":"#0"},"down":{"uv":[7.875,10.0625,8.0625,10.75],"tintindex":0,"rotation":0,"texture":"#0"}},"rotation":{"origin":[-5.912655,7.9525,12.176421],"angle":-22.5,"axis":"y"}},{"from":[-8.001944,7.9025,3.473771],"to":[7.9980564,8.1025,23.97377],"faces":{"east":{"uv":[12.3125,9.6875,9.75,9.75],"tintindex":0,"rotation":0,"texture":"#0"},"south":{"uv":[12.25,1.5,10.25,1.5625],"tintindex":0,"rotation":0,"texture":"#0"},"north":{"uv":[12.25,1.375,10.25,1.4375],"tintindex":0,"rotation":0,"texture":"#0"},"west":{"uv":[9.6875,9.6875,7.125,9.75],"tintindex":0,"rotation":0,"texture":"#0"},"up":{"uv":[0.0,7.8125,2.0,5.25],"tintindex":0,"rotation":0,"texture":"#0"},"down":{"uv":[2.0625,5.25,4.0625,7.8125],"tintindex":0,"rotation":0,"texture":"#0"}}},{"from":[6.733876,6.7025,3.799746],"to":[9.233876,9.202499,5.7997456],"faces":{"east":{"uv":[11.4375,5.0,11.1875,5.3125],"tintindex":0,"rotation":0,"texture":"#0"},"south":{"uv":[1.0625,10.5,0.75,10.8125],"tintindex":0,"rotation":0,"texture":"#0"},"north":{"uv":[0.6875,10.5,0.375,10.8125],"tintindex":0,"rotation":0,"texture":"#0"},"west":{"uv":[1.375,11.1875,1.125,11.5],"tintindex":0,"rotation":0,"texture":"#0"},"up":{"uv":[9.25,11.4375,9.5625,11.1875],"tintindex":0,"rotation":0,"texture":"#0"},"down":{"uv":[11.1875,10.3125,11.5,10.5625],"tintindex":0,"rotation":0,"texture":"#0"}}},{"from":[-8.001944,7.6525,3.473771],"to":[7.9980564,8.1525,23.97377],"faces":{"east":{"uv":[11.3125,9.5625,8.75,9.625],"tintindex":0,"rotation":0,"texture":"#0"},"south":{"uv":[12.25,1.25,10.25,1.3125],"tintindex":0,"rotation":0,"texture":"#0"},"north":{"uv":[12.1875,10.1875,10.1875,10.25],"tintindex":0,"rotation":0,"texture":"#0"},"west":{"uv":[12.125,7.375,9.5625,7.4375],"tintindex":0,"rotation":0,"texture":"#0"},"up":{"uv":[4.125,2.5625,6.125,0.0],"tintindex":0,"rotation":0,"texture":"#0"},"down":{"uv":[4.125,2.625,6.125,5.1875],"tintindex":0,"rotation":0,"texture":"#0"}}},{"from":[3.7338753,7.9525,-1.2002544],"to":[11.233876,7.9525,5.2997456],"faces":{"up":{"uv":[5.375,8.6875,6.3125,7.875],"tintindex":0,"rotation":0,"texture":"#0"},"down":{"uv":[6.375,7.875,7.3125,8.6875],"tintindex":0,"rotation":0,"texture":"#0"}},"rotation":{"origin":[6.983876,7.9525,2.549746],"angle":-22.5,"axis":"y"}},{"from":[-4.3015795,7.2075,10.863313],"to":[1.1884203,8.6975,12.3533125],"faces":{"east":{"uv":[10.9375,12.0,10.75,12.1875],"tintindex":0,"rotation":0,"texture":"#0"},"south":{"uv":[10.6875,4.9375,10.0,5.125],"tintindex":0,"rotation":0,"texture":"#0"},"north":{"uv":[2.3125,10.0,1.625,10.1875],"tintindex":0,"rotation":0,"texture":"#0"},"west":{"uv":[10.6875,12.0,10.5,12.1875],"tintindex":0,"rotation":0,"texture":"#0"},"up":{"uv":[10.0,5.375,10.6875,5.1875],"tintindex":0,"rotation":0,"texture":"#0"},"down":{"uv":[10.0,5.4375,10.6875,5.625],"tintindex":0,"rotation":0,"texture":"#0"}},"rotation":{"origin":[-3.0565796,7.9525,11.608313],"angle":45.0,"axis":"y"}},{"from":[-0.5019436,7.2025,4.973771],"to":[7.9980564,8.702499,6.473771],"faces":{"east":{"uv":[12.1875,10.3125,12.0,10.5],"tintindex":0,"rotation":0,"texture":"#0"},"south":{"uv":[10.5,8.8125,9.4375,9.0],"tintindex":0,"rotation":0,"texture":"#0"},"north":{"uv":[10.5,8.5625,9.4375,8.75],"tintindex":0,"rotation":0,"texture":"#0"},"west":{"uv":[12.1875,9.8125,12.0,10.0],"tintindex":0,"rotation":0,"texture":"#0"},"up":{"uv":[9.4375,9.25,10.5,9.0625],"tintindex":0,"rotation":0,"texture":"#0"},"down":{"uv":[9.4375,9.3125,10.5,9.5],"tintindex":0,"rotation":0,"texture":"#0"}},"rotation":{"origin":[7.2480564,7.9525,6.723771],"angle":22.5,"axis":"y"}}],"display":{"gui":{"rotation":[30,225,0]}}}