{"textures":{"0":"modelengine:entity/nocsy_drakonin7"},"elements":[{"from":[0.3036356,7.072788,7.2],"to":[6.8036356,8.572788,8.7],"faces":{"east":{"uv":[7.125,12.0,6.9375,12.1875],"tintindex":0,"rotation":0,"texture":"#0"},"south":{"uv":[10.5625,9.8125,9.75,10.0],"tintindex":0,"rotation":0,"texture":"#0"},"north":{"uv":[9.6875,9.8125,8.875,10.0],"tintindex":0,"rotation":0,"texture":"#0"},"west":{"uv":[6.5,12.0,6.3125,12.1875],"tintindex":0,"rotation":0,"texture":"#0"},"up":{"uv":[2.8125,10.0625,3.625,9.875],"tintindex":0,"rotation":0,"texture":"#0"},"down":{"uv":[3.6875,9.875,4.5,10.0625],"tintindex":0,"rotation":0,"texture":"#0"}}},{"from":[-2.783844,7.872788,1.6453495],"to":[7.7161565,7.972788,22.14535],"faces":{"east":{"uv":[12.125,7.0,9.5625,7.0625],"tintindex":0,"rotation":0,"texture":"#0"},"south":{"uv":[12.375,0.625,11.0625,0.6875],"tintindex":0,"rotation":0,"texture":"#0"},"north":{"uv":[12.3125,2.6875,11.0,2.75],"tintindex":0,"rotation":0,"texture":"#0"},"west":{"uv":[12.125,6.875,9.5625,6.9375],"tintindex":0,"rotation":0,"texture":"#0"},"up":{"uv":[6.875,7.8125,8.1875,5.25],"tintindex":0,"rotation":0,"texture":"#0"},"down":{"uv":[7.5625,0.0,8.875,2.5625],"tintindex":0,"rotation":0,"texture":"#0"}}},{"from":[-1.0271502,7.077788,3.4801264],"to":[0.46284962,8.567787,6.970126],"faces":{"east":{"uv":[11.4375,2.1875,11.0,2.375],"tintindex":0,"rotation":0,"texture":"#0"},"south":{"uv":[7.75,12.0,7.5625,12.1875],"tintindex":0,"rotation":0,"texture":"#0"},"north":{"uv":[12.1875,7.5,12.0,7.6875],"tintindex":0,"rotation":0,"texture":"#0"},"west":{"uv":[11.4375,1.9375,11.0,2.125],"tintindex":0,"rotation":0,"texture":"#0"},"up":{"uv":[11.0,3.375,11.1875,2.9375],"tintindex":0,"rotation":0,"texture":"#0"},"down":{"uv":[3.5625,11.0,3.75,11.4375],"tintindex":0,"rotation":0,"texture":"#0"}},"rotation":{"origin":[1.7178493,7.822788,6.2251263],"angle":45.0,"axis":"y"}},{"from":[-2.783844,7.722788,1.6453495],"to":[7.7161565,8.222788,22.14535],"faces":{"east":{"uv":[12.125,7.25,9.5625,7.3125],"tintindex":0,"rotation":0,"texture":"#0"},"south":{"uv":[12.375,0.875,11.0625,0.9375],"tintindex":0,"rotation":0,"texture":"#0"},"north":{"uv":[12.375,0.75,11.0625,0.8125],"tintindex":0,"rotation":0,"texture":"#0"},"west":{"uv":[12.125,7.125,9.5625,7.1875],"tintindex":0,"rotation":0,"texture":"#0"},"up":{"uv":[7.5625,5.1875,8.875,2.625],"tintindex":0,"rotation":0,"texture":"#0"},"down":{"uv":[7.5625,2.625,8.875,5.1875],"tintindex":0,"rotation":0,"texture":"#0"}}},{"from":[6.3036356,6.822788,7.0],"to":[8.803636,8.822788,9.0],"faces":{"east":{"uv":[3.375,11.625,3.125,11.875],"tintindex":0,"rotation":0,"texture":"#0"},"south":{"uv":[0.6875,11.1875,0.375,11.4375],"tintindex":0,"rotation":0,"texture":"#0"},"north":{"uv":[11.5,0.3125,11.1875,0.5625],"tintindex":0,"rotation":0,"texture":"#0"},"west":{"uv":[11.875,2.9375,11.625,3.1875],"tintindex":0,"rotation":0,"texture":"#0"},"up":{"uv":[2.1875,11.4375,2.5,11.1875],"tintindex":0,"rotation":0,"texture":"#0"},"down":{"uv":[4.3125,11.1875,4.625,11.4375],"tintindex":0,"rotation":0,"texture":"#0"}}},{"from":[-2.8980246,7.072788,2.5713243],"to":[-1.3980246,8.572788,6.0713243],"faces":{"east":{"uv":[11.4375,3.4375,11.0,3.625],"tintindex":0,"rotation":0,"texture":"#0"},"south":{"uv":[9.75,12.0,9.5625,12.1875],"tintindex":0,"rotation":0,"texture":"#0"},"north":{"uv":[12.1875,8.3125,12.0,8.5],"tintindex":0,"rotation":0,"texture":"#0"},"west":{"uv":[11.4375,2.4375,11.0,2.625],"tintindex":0,"rotation":0,"texture":"#0"},"up":{"uv":[3.8125,11.4375,4.0,11.0],"tintindex":0,"rotation":0,"texture":"#0"},"down":{"uv":[4.0625,11.0,4.25,11.4375],"tintindex":0,"rotation":0,"texture":"#0"}},"rotation":{"origin":[-2.1480246,7.822788,4.3213243],"angle":22.5,"axis":"y"}}],"display":{"gui":{"rotation":[30,225,0]}}}