{"textures":{"0":"modelengine:entity/nocsy_drakonin7"},"elements":[{"from":[5.0,2.9629807,5.3138895],"to":[9.0,9.96298,11.3138895],"faces":{"east":{"uv":[9.5,3.0,9.875,3.4375],"tintindex":0,"rotation":0,"texture":"#0"},"south":{"uv":[7.5625,10.3125,7.8125,10.75],"tintindex":0,"rotation":0,"texture":"#0"},"north":{"uv":[6.0,10.3125,6.25,10.75],"tintindex":0,"rotation":0,"texture":"#0"},"west":{"uv":[9.5,3.5,9.875,3.9375],"tintindex":0,"rotation":0,"texture":"#0"},"up":{"uv":[10.9375,2.75,10.6875,2.375],"tintindex":0,"rotation":0,"texture":"#0"},"down":{"uv":[2.875,10.6875,2.625,11.0625],"tintindex":0,"rotation":0,"texture":"#0"}},"rotation":{"origin":[11.5,7.9629803,9.3138895],"angle":-22.5,"axis":"x"}}],"display":{"gui":{"rotation":[30,225,0]}}}