{"textures":{"0":"modelengine:entity/nocsy_drakonin7"},"elements":[{"from":[9.162161,5.1168184,3.7287323],"to":[12.182161,8.136819,7.7487326],"faces":{"east":{"uv":[4.75,11.6875,5.0,11.875],"tintindex":0,"rotation":0,"texture":"#0"},"south":{"uv":[7.1875,12.0625,7.375,12.25],"tintindex":0,"rotation":0,"texture":"#0"},"north":{"uv":[12.0625,5.5625,12.25,5.75],"tintindex":0,"rotation":0,"texture":"#0"},"west":{"uv":[8.625,11.6875,8.875,11.875],"tintindex":0,"rotation":0,"texture":"#0"},"up":{"uv":[11.875,11.3125,11.6875,11.0625],"tintindex":0,"rotation":0,"texture":"#0"},"down":{"uv":[11.3125,11.6875,11.125,11.9375],"tintindex":0,"rotation":0,"texture":"#0"}},"rotation":{"origin":[7.672161,6.626818,3.2387323],"angle":-22.5,"axis":"y"}},{"from":[8.041929,4.953557,-1.0409746],"to":[8.041929,8.953556,4.9590263],"faces":{"east":{"uv":[3.5625,10.6875,3.9375,10.9375],"tintindex":0,"rotation":0,"texture":"#0"},"west":{"uv":[10.6875,3.75,11.0625,4.0],"tintindex":0,"rotation":0,"texture":"#0"}}},{"from":[6.394174,5.136819,9.908286],"to":[9.374174,8.116818,11.888286],"faces":{"east":{"uv":[5.125,10.3125,5.25,10.5],"tintindex":0,"rotation":0,"texture":"#0"},"south":{"uv":[12.0625,4.375,12.25,4.5625],"tintindex":0,"rotation":0,"texture":"#0"},"north":{"uv":[3.625,12.0625,3.8125,12.25],"tintindex":0,"rotation":0,"texture":"#0"},"west":{"uv":[6.9375,10.4375,7.0625,10.625],"tintindex":0,"rotation":0,"texture":"#0"},"up":{"uv":[12.375,4.0625,12.1875,3.9375],"tintindex":0,"rotation":0,"texture":"#0"},"down":{"uv":[12.375,7.3125,12.1875,7.4375],"tintindex":0,"rotation":0,"texture":"#0"}}},{"from":[11.541929,4.953557,-1.0409746],"to":[11.541929,8.953556,4.9590263],"faces":{"east":{"uv":[10.75,0.0,11.125,0.25],"tintindex":0,"rotation":0,"texture":"#0"},"west":{"uv":[10.75,0.3125,11.125,0.5625],"tintindex":0,"rotation":0,"texture":"#0"}},"rotation":{"origin":[8.24193,6.953557,1.9590263],"angle":-22.5,"axis":"y"}},{"from":[5.384174,5.1268187,5.4982862],"to":[10.384174,9.126819,10.498286],"faces":{"east":{"uv":[11.25,4.0,11.5625,4.25],"tintindex":0,"rotation":0,"texture":"#0"},"south":{"uv":[11.25,4.3125,11.5625,4.5625],"tintindex":0,"rotation":0,"texture":"#0"},"north":{"uv":[11.25,2.9375,11.5625,3.1875],"tintindex":0,"rotation":0,"texture":"#0"},"west":{"uv":[11.25,5.375,11.5625,5.625],"tintindex":0,"rotation":0,"texture":"#0"},"up":{"uv":[10.875,7.8125,10.5625,7.5],"tintindex":0,"rotation":0,"texture":"#0"},"down":{"uv":[10.875,7.875,10.5625,8.1875],"tintindex":0,"rotation":0,"texture":"#0"}}},{"from":[7.884174,5.358316,11.14814],"to":[7.884174,9.358316,16.14814],"faces":{"east":{"uv":[11.1875,10.625,11.5,10.875],"tintindex":0,"rotation":0,"texture":"#0"},"west":{"uv":[1.6875,11.25,2.0,11.5],"tintindex":0,"rotation":0,"texture":"#0"}}},{"from":[6.452161,5.1068187,3.7187324],"to":[9.492162,8.146819,7.7587323],"faces":{"east":{"uv":[11.375,11.6875,11.625,11.875],"tintindex":0,"rotation":0,"texture":"#0"},"south":{"uv":[12.0625,8.0,12.25,8.1875],"tintindex":0,"rotation":0,"texture":"#0"},"north":{"uv":[12.0625,7.75,12.25,7.9375],"tintindex":0,"rotation":0,"texture":"#0"},"west":{"uv":[11.6875,11.375,11.9375,11.5625],"tintindex":0,"rotation":0,"texture":"#0"},"up":{"uv":[11.875,11.875,11.6875,11.625],"tintindex":0,"rotation":0,"texture":"#0"},"down":{"uv":[0.5,11.75,0.3125,12.0],"tintindex":0,"rotation":0,"texture":"#0"}}},{"from":[3.5861876,5.1168184,3.7287323],"to":[6.6061873,8.136819,7.7487326],"faces":{"east":{"uv":[11.625,5.375,11.875,5.5625],"tintindex":0,"rotation":0,"texture":"#0"},"south":{"uv":[12.0625,3.1875,12.25,3.375],"tintindex":0,"rotation":0,"texture":"#0"},"north":{"uv":[2.5,12.0625,2.6875,12.25],"tintindex":0,"rotation":0,"texture":"#0"},"west":{"uv":[11.625,8.75,11.875,8.9375],"tintindex":0,"rotation":0,"texture":"#0"},"up":{"uv":[0.9375,11.9375,0.75,11.6875],"tintindex":0,"rotation":0,"texture":"#0"},"down":{"uv":[4.6875,11.6875,4.5,11.9375],"tintindex":0,"rotation":0,"texture":"#0"}},"rotation":{"origin":[8.096188,6.626818,3.2387323],"angle":22.5,"axis":"y"}},{"from":[4.54193,4.953557,-1.0409746],"to":[4.54193,8.953556,4.9590263],"faces":{"east":{"uv":[4.0,10.6875,4.375,10.9375],"tintindex":0,"rotation":0,"texture":"#0"},"west":{"uv":[6.9375,10.6875,7.3125,10.9375],"tintindex":0,"rotation":0,"texture":"#0"}},"rotation":{"origin":[8.24193,6.953557,1.9590263],"angle":22.5,"axis":"y"}}],"display":{"gui":{"rotation":[30,225,0]}}}