{"textures":{"0":"modelengine:entity/nocsy_drakonin7"},"elements":[{"from":[6.0,3.360055,5.889879],"to":[9.0,9.360056,9.889879],"faces":{"east":{"uv":[2.25,10.75,2.5,11.125],"tintindex":0,"rotation":0,"texture":"#0"},"south":{"uv":[9.625,11.5625,9.8125,11.9375],"tintindex":0,"rotation":0,"texture":"#0"},"north":{"uv":[7.5625,11.5625,7.75,11.9375],"tintindex":0,"rotation":0,"texture":"#0"},"west":{"uv":[10.75,4.6875,11.0,5.0625],"tintindex":0,"rotation":0,"texture":"#0"},"up":{"uv":[11.9375,1.875,11.75,1.625],"tintindex":0,"rotation":0,"texture":"#0"},"down":{"uv":[11.9375,1.9375,11.75,2.1875],"tintindex":0,"rotation":0,"texture":"#0"}},"rotation":{"origin":[8.5,9.160055,7.2898793],"angle":22.5,"axis":"x"}}],"display":{"gui":{"rotation":[30,225,0]}}}