{"textures":{"0":"modelengine:entity/nocsy_drakonin7"},"elements":[{"from":[7.0,2.9629807,5.3138895],"to":[11.0,9.96298,11.3138895],"faces":{"east":{"uv":[9.5,4.0,9.875,4.4375],"tintindex":0,"rotation":0,"texture":"#0"},"south":{"uv":[10.375,2.0,10.625,2.4375],"tintindex":0,"rotation":0,"texture":"#0"},"north":{"uv":[10.125,10.3125,10.375,10.75],"tintindex":0,"rotation":0,"texture":"#0"},"west":{"uv":[9.5,4.5,9.875,4.9375],"tintindex":0,"rotation":0,"texture":"#0"},"up":{"uv":[11.0,1.0,10.75,0.625],"tintindex":0,"rotation":0,"texture":"#0"},"down":{"uv":[1.375,10.75,1.125,11.125],"tintindex":0,"rotation":0,"texture":"#0"}},"rotation":{"origin":[4.5,7.9629803,9.3138895],"angle":-22.5,"axis":"x"}}],"display":{"gui":{"rotation":[30,225,0]}}}