{"textures":{"0":"modelengine:entity/nocsy_drakonin7"},"elements":[{"from":[6.625826,5.136819,9.908286],"to":[9.605825,8.116818,11.888286],"faces":{"east":{"uv":[5.125,10.5625,5.25,10.75],"tintindex":0,"rotation":0,"texture":"#0"},"south":{"uv":[5.8125,12.125,6.0,12.3125],"tintindex":0,"rotation":0,"texture":"#0"},"north":{"uv":[5.5625,12.125,5.75,12.3125],"tintindex":0,"rotation":0,"texture":"#0"},"west":{"uv":[7.9375,11.25,8.0625,11.4375],"tintindex":0,"rotation":0,"texture":"#0"},"up":{"uv":[12.375,11.1875,12.1875,11.0625],"tintindex":0,"rotation":0,"texture":"#0"},"down":{"uv":[12.375,11.625,12.1875,11.75],"tintindex":0,"rotation":0,"texture":"#0"}}},{"from":[3.817839,5.1168184,3.7287323],"to":[6.837839,8.136819,7.7487326],"faces":{"east":{"uv":[6.3125,11.75,6.5625,11.9375],"tintindex":0,"rotation":0,"texture":"#0"},"south":{"uv":[10.125,12.125,10.3125,12.3125],"tintindex":0,"rotation":0,"texture":"#0"},"north":{"uv":[12.125,8.875,12.3125,9.0625],"tintindex":0,"rotation":0,"texture":"#0"},"west":{"uv":[7.0,11.75,7.25,11.9375],"tintindex":0,"rotation":0,"texture":"#0"},"up":{"uv":[7.5,12.0,7.3125,11.75],"tintindex":0,"rotation":0,"texture":"#0"},"down":{"uv":[11.9375,7.5,11.75,7.75],"tintindex":0,"rotation":0,"texture":"#0"}},"rotation":{"origin":[8.327839,6.626818,3.2387323],"angle":22.5,"axis":"y"}},{"from":[11.45807,4.953557,-1.0409746],"to":[11.45807,8.953556,4.9590263],"faces":{"east":{"uv":[10.75,10.625,11.125,10.875],"tintindex":0,"rotation":0,"texture":"#0"},"west":{"uv":[1.4375,10.8125,1.8125,11.0625],"tintindex":0,"rotation":0,"texture":"#0"}},"rotation":{"origin":[7.75807,6.953557,1.9590263],"angle":-22.5,"axis":"y"}},{"from":[7.9580703,4.953557,-1.0409746],"to":[7.9580703,8.953556,4.9590263],"faces":{"east":{"uv":[10.75,5.125,11.125,5.375],"tintindex":0,"rotation":0,"texture":"#0"},"west":{"uv":[10.75,10.3125,11.125,10.5625],"tintindex":0,"rotation":0,"texture":"#0"}}},{"from":[4.4580703,4.953557,-1.0409746],"to":[4.4580703,8.953556,4.9590263],"faces":{"east":{"uv":[10.8125,4.0625,11.1875,4.3125],"tintindex":0,"rotation":0,"texture":"#0"},"west":{"uv":[10.8125,4.375,11.1875,4.625],"tintindex":0,"rotation":0,"texture":"#0"}},"rotation":{"origin":[7.75807,6.953557,1.9590263],"angle":22.5,"axis":"y"}},{"from":[5.6158257,5.1268187,5.4982862],"to":[10.615826,9.126819,10.498286],"faces":{"east":{"uv":[8.375,11.25,8.6875,11.5],"tintindex":0,"rotation":0,"texture":"#0"},"south":{"uv":[11.25,8.75,11.5625,9.0],"tintindex":0,"rotation":0,"texture":"#0"},"north":{"uv":[7.5625,11.25,7.875,11.5],"tintindex":0,"rotation":0,"texture":"#0"},"west":{"uv":[11.3125,11.0625,11.625,11.3125],"tintindex":0,"rotation":0,"texture":"#0"},"up":{"uv":[10.875,8.5625,10.5625,8.25],"tintindex":0,"rotation":0,"texture":"#0"},"down":{"uv":[10.875,8.625,10.5625,8.9375],"tintindex":0,"rotation":0,"texture":"#0"}}},{"from":[6.5078387,5.1068187,3.7187324],"to":[9.54784,8.146819,7.7587323],"faces":{"east":{"uv":[11.75,7.8125,12.0,8.0],"tintindex":0,"rotation":0,"texture":"#0"},"south":{"uv":[0.0,12.1875,0.1875,12.375],"tintindex":0,"rotation":0,"texture":"#0"},"north":{"uv":[12.125,11.9375,12.3125,12.125],"tintindex":0,"rotation":0,"texture":"#0"},"west":{"uv":[11.75,8.0625,12.0,8.25],"tintindex":0,"rotation":0,"texture":"#0"},"up":{"uv":[11.9375,8.5625,11.75,8.3125],"tintindex":0,"rotation":0,"texture":"#0"},"down":{"uv":[12.0,4.4375,11.8125,4.6875],"tintindex":0,"rotation":0,"texture":"#0"}}},{"from":[8.115826,5.358316,11.14814],"to":[8.115826,9.358316,16.14814],"faces":{"east":{"uv":[5.625,11.25,5.9375,11.5],"tintindex":0,"rotation":0,"texture":"#0"},"west":{"uv":[6.0,11.25,6.3125,11.5],"tintindex":0,"rotation":0,"texture":"#0"}}},{"from":[9.393812,5.1168184,3.7287323],"to":[12.413813,8.136819,7.7487326],"faces":{"east":{"uv":[11.75,2.25,12.0,2.4375],"tintindex":0,"rotation":0,"texture":"#0"},"south":{"uv":[12.125,1.0,12.3125,1.1875],"tintindex":0,"rotation":0,"texture":"#0"},"north":{"uv":[8.125,12.0625,8.3125,12.25],"tintindex":0,"rotation":0,"texture":"#0"},"west":{"uv":[11.75,3.25,12.0,3.4375],"tintindex":0,"rotation":0,"texture":"#0"},"up":{"uv":[4.0,12.0,3.8125,11.75],"tintindex":0,"rotation":0,"texture":"#0"},"down":{"uv":[11.9375,4.9375,11.75,5.1875],"tintindex":0,"rotation":0,"texture":"#0"}},"rotation":{"origin":[7.903813,6.626818,3.2387323],"angle":-22.5,"axis":"y"}}],"display":{"gui":{"rotation":[30,225,0]}}}