{"textures":{"0":"modelengine:entity/nocsy_drakonin7"},"elements":[{"from":[4.5,1.7750573,5.8549156],"to":[11.5,8.775057,10.854915],"faces":{"east":{"uv":[9.9375,3.3125,10.25,3.75],"tintindex":0,"rotation":0,"texture":"#0"},"south":{"uv":[1.875,9.5,2.3125,9.9375],"tintindex":0,"rotation":0,"texture":"#0"},"north":{"uv":[9.5,1.5,9.9375,1.9375],"tintindex":0,"rotation":0,"texture":"#0"},"west":{"uv":[9.9375,3.8125,10.25,4.25],"tintindex":0,"rotation":0,"texture":"#0"},"up":{"uv":[10.375,4.625,9.9375,4.3125],"tintindex":0,"rotation":0,"texture":"#0"},"down":{"uv":[6.3125,9.9375,5.875,10.25],"tintindex":0,"rotation":0,"texture":"#0"}},"rotation":{"origin":[6.5,4.3819013,15.059337],"angle":22.5,"axis":"x"}}],"display":{"gui":{"rotation":[30,225,0]}}}