{"textures":{"0":"modelengine:entity/nocsy_drakonin7"},"elements":[{"from":[6.2,6.7390833,14.529315],"to":[8.8,10.339084,17.129313],"faces":{"east":{"uv":[11.9375,11.625,12.125,11.875],"tintindex":0,"rotation":0,"texture":"#0"},"south":{"uv":[11.875,11.9375,12.0625,12.1875],"tintindex":0,"rotation":0,"texture":"#0"},"north":{"uv":[11.625,11.9375,11.8125,12.1875],"tintindex":0,"rotation":0,"texture":"#0"},"west":{"uv":[12.0,0.0,12.1875,0.25],"tintindex":0,"rotation":0,"texture":"#0"},"up":{"uv":[12.375,10.75,12.1875,10.5625],"tintindex":0,"rotation":0,"texture":"#0"},"down":{"uv":[12.375,10.8125,12.1875,11.0],"tintindex":0,"rotation":0,"texture":"#0"}},"rotation":{"origin":[7.5,7.921784,15.5204525],"angle":-22.5,"axis":"x"}},{"from":[10.4,6.8504305,8.54854],"to":[14.4,6.8504305,16.54854],"faces":{"up":{"uv":[5.5625,10.75,5.3125,10.25],"tintindex":0,"rotation":0,"texture":"#0"},"down":{"uv":[10.5625,3.3125,10.3125,3.8125],"tintindex":0,"rotation":0,"texture":"#0"}},"rotation":{"origin":[12.0,9.55043,6.54854],"angle":-22.5,"axis":"z"}},{"from":[6.0,6.2650437,12.133898],"to":[9.0,10.265043,15.133898],"faces":{"east":{"uv":[9.875,11.9375,10.0625,12.1875],"tintindex":0,"rotation":0,"texture":"#0"},"south":{"uv":[11.9375,11.0625,12.125,11.3125],"tintindex":0,"rotation":0,"texture":"#0"},"north":{"uv":[9.3125,11.9375,9.5,12.1875],"tintindex":0,"rotation":0,"texture":"#0"},"west":{"uv":[11.375,11.9375,11.5625,12.1875],"tintindex":0,"rotation":0,"texture":"#0"},"up":{"uv":[12.375,9.3125,12.1875,9.125],"tintindex":0,"rotation":0,"texture":"#0"},"down":{"uv":[12.375,9.375,12.1875,9.5625],"tintindex":0,"rotation":0,"texture":"#0"}}},{"from":[5.5,5.7650437,6.133898],"to":[9.5,10.765043,12.133898],"faces":{"east":{"uv":[10.25,1.625,10.625,1.9375],"tintindex":0,"rotation":0,"texture":"#0"},"south":{"uv":[0.0,11.5,0.25,11.8125],"tintindex":0,"rotation":0,"texture":"#0"},"north":{"uv":[10.3125,11.4375,10.5625,11.75],"tintindex":0,"rotation":0,"texture":"#0"},"west":{"uv":[7.125,10.3125,7.5,10.625],"tintindex":0,"rotation":0,"texture":"#0"},"up":{"uv":[11.1875,9.125,10.9375,8.75],"tintindex":0,"rotation":0,"texture":"#0"},"down":{"uv":[9.1875,10.9375,8.9375,11.3125],"tintindex":0,"rotation":0,"texture":"#0"}}},{"from":[0.5999999,6.8504305,8.54854],"to":[4.6,6.8504305,16.54854],"faces":{"up":{"uv":[4.75,10.8125,4.5,10.3125],"tintindex":0,"rotation":0,"texture":"#0"},"down":{"uv":[5.0625,10.3125,4.8125,10.8125],"tintindex":0,"rotation":0,"texture":"#0"}},"rotation":{"origin":[3.0,9.55043,6.54854],"angle":22.5,"axis":"z"}},{"from":[7.5,1.8390837,15.129314],"to":[7.5,17.839085,30.129316],"faces":{"east":{"uv":[1.375,7.875,2.3125,8.875],"tintindex":0,"rotation":0,"texture":"#0"},"west":{"uv":[2.375,7.875,3.3125,8.875],"tintindex":0,"rotation":0,"texture":"#0"}},"rotation":{"origin":[8.0,7.921784,15.5204525],"angle":-22.5,"axis":"x"}}],"display":{"gui":{"rotation":[30,225,0]}}}