{"textures":{"0":"modelengine:entity/texture_esqueleto"},"elements":[{"from":[7.87175,7.928749,7.7434998],"to":[8.12825,8.071247,8.2565],"faces":{"east":{"uv":[5.5,9.75,5.625,9.875],"tintindex":0,"rotation":0,"texture":"#0"},"south":{"uv":[9.75,5.5,9.875,5.625],"tintindex":0,"rotation":0,"texture":"#0"},"north":{"uv":[9.75,5.25,9.875,5.375],"tintindex":0,"rotation":0,"texture":"#0"},"west":{"uv":[5.75,9.75,5.875,9.875],"tintindex":0,"rotation":0,"texture":"#0"},"up":{"uv":[9.875,5.875,9.75,5.75],"tintindex":0,"rotation":0,"texture":"#0"},"down":{"uv":[6.125,9.75,6.0,9.875],"tintindex":0,"rotation":0,"texture":"#0"}}}],"display":{"gui":{"rotation":[30,225,0]}}}