{"textures":{"0":"modelengine:entity/texture_esqueleto"},"elements":[{"from":[7.92875,7.6152496,7.886],"to":[8.07125,7.985752,8.114],"faces":{"east":{"uv":[9.5,7.5,9.625,7.625],"tintindex":0,"rotation":0,"texture":"#0"},"south":{"uv":[7.75,9.5,7.875,9.625],"tintindex":0,"rotation":0,"texture":"#0"},"north":{"uv":[7.5,9.5,7.625,9.625],"tintindex":0,"rotation":0,"texture":"#0"},"west":{"uv":[9.5,7.75,9.625,7.875],"tintindex":0,"rotation":0,"texture":"#0"},"up":{"uv":[8.125,9.625,8.0,9.5],"tintindex":0,"rotation":0,"texture":"#0"},"down":{"uv":[9.625,8.0,9.5,8.125],"tintindex":0,"rotation":0,"texture":"#0"}}}],"display":{"gui":{"rotation":[30,225,0]}}}