{"textures":{"0":"modelengine:entity/texture_esqueleto"},"elements":[{"from":[7.87175,7.928749,7.7434998],"to":[8.12825,8.071247,8.2565],"faces":{"east":{"uv":[9.5,4.25,9.625,4.375],"tintindex":0,"rotation":0,"texture":"#0"},"south":{"uv":[4.5,9.5,4.625,9.625],"tintindex":0,"rotation":0,"texture":"#0"},"north":{"uv":[4.25,9.5,4.375,9.625],"tintindex":0,"rotation":0,"texture":"#0"},"west":{"uv":[9.5,4.5,9.625,4.625],"tintindex":0,"rotation":0,"texture":"#0"},"up":{"uv":[4.875,9.625,4.75,9.5],"tintindex":0,"rotation":0,"texture":"#0"},"down":{"uv":[9.625,4.75,9.5,4.875],"tintindex":0,"rotation":0,"texture":"#0"}}}],"display":{"gui":{"rotation":[30,225,0]}}}