{"textures":{"0":"modelengine:entity/texture_esqueleto"},"elements":[{"from":[7.90025,7.58675,7.886],"to":[8.09975,8.071251,8.114],"faces":{"east":{"uv":[9.5,6.0,9.625,6.125],"tintindex":0,"rotation":0,"texture":"#0"},"south":{"uv":[6.25,9.5,6.375,9.625],"tintindex":0,"rotation":0,"texture":"#0"},"north":{"uv":[6.0,9.5,6.125,9.625],"tintindex":0,"rotation":0,"texture":"#0"},"west":{"uv":[9.5,6.25,9.625,6.375],"tintindex":0,"rotation":0,"texture":"#0"},"up":{"uv":[6.625,9.625,6.5,9.5],"tintindex":0,"rotation":0,"texture":"#0"},"down":{"uv":[9.625,6.5,9.5,6.625],"tintindex":0,"rotation":0,"texture":"#0"}}}],"display":{"gui":{"rotation":[30,225,0]}}}