{"textures":{"0":"modelengine:entity/texture_esqueleto"},"elements":[{"from":[7.92875,7.6152496,7.886],"to":[8.07125,7.985752,8.114],"faces":{"east":{"uv":[8.75,9.75,8.875,9.875],"tintindex":0,"rotation":0,"texture":"#0"},"south":{"uv":[9.75,8.75,9.875,8.875],"tintindex":0,"rotation":0,"texture":"#0"},"north":{"uv":[9.75,8.5,9.875,8.625],"tintindex":0,"rotation":0,"texture":"#0"},"west":{"uv":[9.0,9.75,9.125,9.875],"tintindex":0,"rotation":0,"texture":"#0"},"up":{"uv":[9.875,9.125,9.75,9.0],"tintindex":0,"rotation":0,"texture":"#0"},"down":{"uv":[9.375,9.75,9.25,9.875],"tintindex":0,"rotation":0,"texture":"#0"}}}],"display":{"gui":{"rotation":[30,225,0]}}}