{"textures":{"0":"modelengine:entity/texture_esqueleto"},"elements":[{"from":[7.90025,7.58675,7.886],"to":[8.0997505,8.071251,8.114],"faces":{"east":{"uv":[9.5,8.5,9.625,8.625],"tintindex":0,"rotation":0,"texture":"#0"},"south":{"uv":[8.75,9.5,8.875,9.625],"tintindex":0,"rotation":0,"texture":"#0"},"north":{"uv":[8.5,9.5,8.625,9.625],"tintindex":0,"rotation":0,"texture":"#0"},"west":{"uv":[9.5,8.75,9.625,8.875],"tintindex":0,"rotation":0,"texture":"#0"},"up":{"uv":[9.125,9.625,9.0,9.5],"tintindex":0,"rotation":0,"texture":"#0"},"down":{"uv":[9.625,9.0,9.5,9.125],"tintindex":0,"rotation":0,"texture":"#0"}}}],"display":{"gui":{"rotation":[30,225,0]}}}