{"textures":{"0":"modelengine:entity/texture_esqueleto"},"elements":[{"from":[7.87175,7.04525,7.7434998],"to":[8.12825,7.9857483,8.2565],"faces":{"east":{"uv":[9.0,3.0,9.125,3.25],"tintindex":0,"rotation":0,"texture":"#0"},"south":{"uv":[3.25,9.0,3.375,9.25],"tintindex":0,"rotation":0,"texture":"#0"},"north":{"uv":[9.0,2.75,9.125,3.0],"tintindex":0,"rotation":0,"texture":"#0"},"west":{"uv":[9.0,3.25,9.125,3.5],"tintindex":0,"rotation":0,"texture":"#0"},"up":{"uv":[9.875,9.375,9.75,9.25],"tintindex":0,"rotation":0,"texture":"#0"},"down":{"uv":[9.625,9.75,9.5,9.875],"tintindex":0,"rotation":0,"texture":"#0"}}}],"display":{"gui":{"rotation":[30,225,0]}}}