{"textures":{"0":"modelengine:entity/texture_esqueleto"},"elements":[{"from":[7.87175,7.928749,7.7434998],"to":[8.12825,8.071247,8.2565],"faces":{"east":{"uv":[10.0,0.5,10.125,0.625],"tintindex":0,"rotation":0,"texture":"#0"},"south":{"uv":[0.75,10.0,0.875,10.125],"tintindex":0,"rotation":0,"texture":"#0"},"north":{"uv":[0.5,10.0,0.625,10.125],"tintindex":0,"rotation":0,"texture":"#0"},"west":{"uv":[10.0,0.75,10.125,0.875],"tintindex":0,"rotation":0,"texture":"#0"},"up":{"uv":[1.125,10.125,1.0,10.0],"tintindex":0,"rotation":0,"texture":"#0"},"down":{"uv":[10.125,1.0,10.0,1.125],"tintindex":0,"rotation":0,"texture":"#0"}}}],"display":{"gui":{"rotation":[30,225,0]}}}