{"textures":{"0":"modelengine:entity/texture_esqueleto"},"elements":[{"from":[7.90025,7.58675,7.886],"to":[8.0997505,8.071251,8.114],"faces":{"east":{"uv":[9.5,3.5,9.625,3.625],"tintindex":0,"rotation":0,"texture":"#0"},"south":{"uv":[3.75,9.5,3.875,9.625],"tintindex":0,"rotation":0,"texture":"#0"},"north":{"uv":[3.5,9.5,3.625,9.625],"tintindex":0,"rotation":0,"texture":"#0"},"west":{"uv":[9.5,3.75,9.625,3.875],"tintindex":0,"rotation":0,"texture":"#0"},"up":{"uv":[4.125,9.625,4.0,9.5],"tintindex":0,"rotation":0,"texture":"#0"},"down":{"uv":[9.625,4.0,9.5,4.125],"tintindex":0,"rotation":0,"texture":"#0"}}}],"display":{"gui":{"rotation":[30,225,0]}}}