{"textures":{"0":"modelengine:entity/texture_esqueleto"},"elements":[{"from":[8.20425,7.366667,8.5130005],"to":[10.71225,9.219168,8.8265],"faces":{"east":{"uv":[8.5,3.0,8.625,3.5],"tintindex":0,"rotation":0,"texture":"#0"},"south":{"uv":[3.25,4.5,3.875,5.0],"tintindex":0,"rotation":0,"texture":"#0"},"north":{"uv":[2.0,4.5,2.625,5.0],"tintindex":0,"rotation":0,"texture":"#0"},"west":{"uv":[3.25,8.5,3.375,9.0],"tintindex":0,"rotation":0,"texture":"#0"},"up":{"uv":[2.125,8.375,1.5,8.25],"tintindex":0,"rotation":0,"texture":"#0"},"down":{"uv":[2.875,8.25,2.25,8.375],"tintindex":0,"rotation":0,"texture":"#0"}}},{"from":[8.20425,6.454666,8.5130005],"to":[9.34425,7.537668,8.8265],"faces":{"east":{"uv":[6.0,9.0,6.125,9.25],"tintindex":0,"rotation":0,"texture":"#0"},"south":{"uv":[4.75,8.5,5.0,8.75],"tintindex":0,"rotation":0,"texture":"#0"},"north":{"uv":[8.5,4.5,8.75,4.75],"tintindex":0,"rotation":0,"texture":"#0"},"west":{"uv":[9.0,6.0,9.125,6.25],"tintindex":0,"rotation":0,"texture":"#0"},"up":{"uv":[6.5,9.125,6.25,9.0],"tintindex":0,"rotation":0,"texture":"#0"},"down":{"uv":[9.25,6.25,9.0,6.375],"tintindex":0,"rotation":0,"texture":"#0"}}},{"from":[8.20425,6.454666,7.1735],"to":[9.34425,7.537668,7.487],"faces":{"east":{"uv":[9.0,4.5,9.125,4.75],"tintindex":0,"rotation":0,"texture":"#0"},"south":{"uv":[3.75,8.5,4.0,8.75],"tintindex":0,"rotation":0,"texture":"#0"},"north":{"uv":[8.5,3.5,8.75,3.75],"tintindex":0,"rotation":0,"texture":"#0"},"west":{"uv":[9.0,4.75,9.125,5.0],"tintindex":0,"rotation":0,"texture":"#0"},"up":{"uv":[9.25,5.125,9.0,5.0],"tintindex":0,"rotation":0,"texture":"#0"},"down":{"uv":[9.25,5.25,9.0,5.375],"tintindex":0,"rotation":0,"texture":"#0"}}},{"from":[6.66525,6.454666,7.1735],"to":[7.80525,7.537668,7.487],"faces":{"east":{"uv":[9.0,3.5,9.125,3.75],"tintindex":0,"rotation":0,"texture":"#0"},"south":{"uv":[3.5,8.5,3.75,8.75],"tintindex":0,"rotation":0,"texture":"#0"},"north":{"uv":[8.5,2.25,8.75,2.5],"tintindex":0,"rotation":0,"texture":"#0"},"west":{"uv":[9.0,3.75,9.125,4.0],"tintindex":0,"rotation":0,"texture":"#0"},"up":{"uv":[9.25,4.125,9.0,4.0],"tintindex":0,"rotation":0,"texture":"#0"},"down":{"uv":[9.25,4.25,9.0,4.375],"tintindex":0,"rotation":0,"texture":"#0"}}},{"from":[5.29725,7.366667,8.5130005],"to":[7.80525,9.219168,8.8265],"faces":{"east":{"uv":[1.75,8.5,1.875,9.0],"tintindex":0,"rotation":0,"texture":"#0"},"south":{"uv":[4.25,2.5,4.875,3.0],"tintindex":0,"rotation":0,"texture":"#0"},"north":{"uv":[4.25,2.0,4.875,2.5],"tintindex":0,"rotation":0,"texture":"#0"},"west":{"uv":[8.5,1.75,8.625,2.25],"tintindex":0,"rotation":0,"texture":"#0"},"up":{"uv":[8.625,5.375,8.0,5.25],"tintindex":0,"rotation":0,"texture":"#0"},"down":{"uv":[8.625,6.5,8.0,6.625],"tintindex":0,"rotation":0,"texture":"#0"}}},{"from":[7.54875,7.9936676,7.487],"to":[8.37525,14.093668,8.5130005],"faces":{"east":{"uv":[1.5,3.0,1.75,4.5],"tintindex":0,"rotation":0,"texture":"#0"},"south":{"uv":[1.75,3.0,2.0,4.5],"tintindex":0,"rotation":0,"texture":"#0"},"north":{"uv":[1.25,3.0,1.5,4.5],"tintindex":0,"rotation":0,"texture":"#0"},"west":{"uv":[2.0,3.0,2.25,4.5],"tintindex":0,"rotation":0,"texture":"#0"},"up":{"uv":[1.75,8.75,1.5,8.5],"tintindex":0,"rotation":0,"texture":"#0"},"down":{"uv":[8.75,1.5,8.5,1.75],"tintindex":0,"rotation":0,"texture":"#0"}}},{"from":[5.29725,7.366667,7.1735],"to":[7.80525,9.219168,7.487],"faces":{"east":{"uv":[2.0,8.5,2.125,9.0],"tintindex":0,"rotation":0,"texture":"#0"},"south":{"uv":[4.25,3.5,4.875,4.0],"tintindex":0,"rotation":0,"texture":"#0"},"north":{"uv":[4.25,3.0,4.875,3.5],"tintindex":0,"rotation":0,"texture":"#0"},"west":{"uv":[2.25,8.5,2.375,9.0],"tintindex":0,"rotation":0,"texture":"#0"},"up":{"uv":[0.625,8.375,0.0,8.25],"tintindex":0,"rotation":0,"texture":"#0"},"down":{"uv":[8.875,0.25,8.25,0.375],"tintindex":0,"rotation":0,"texture":"#0"}}},{"from":[8.20425,7.366667,7.1735],"to":[10.71225,9.219168,7.487],"faces":{"east":{"uv":[2.5,8.5,2.625,9.0],"tintindex":0,"rotation":0,"texture":"#0"},"south":{"uv":[1.25,4.5,1.875,5.0],"tintindex":0,"rotation":0,"texture":"#0"},"north":{"uv":[4.25,4.0,4.875,4.5],"tintindex":0,"rotation":0,"texture":"#0"},"west":{"uv":[2.75,8.5,2.875,9.0],"tintindex":0,"rotation":0,"texture":"#0"},"up":{"uv":[8.875,0.625,8.25,0.5],"tintindex":0,"rotation":0,"texture":"#0"},"down":{"uv":[1.375,8.25,0.75,8.375],"tintindex":0,"rotation":0,"texture":"#0"}}},{"from":[6.66525,6.454666,8.5130005],"to":[7.80525,7.537668,8.8265],"faces":{"east":{"uv":[5.5,9.0,5.625,9.25],"tintindex":0,"rotation":0,"texture":"#0"},"south":{"uv":[4.5,8.5,4.75,8.75],"tintindex":0,"rotation":0,"texture":"#0"},"north":{"uv":[8.5,4.25,8.75,4.5],"tintindex":0,"rotation":0,"texture":"#0"},"west":{"uv":[9.0,5.5,9.125,5.75],"tintindex":0,"rotation":0,"texture":"#0"},"up":{"uv":[6.0,9.125,5.75,9.0],"tintindex":0,"rotation":0,"texture":"#0"},"down":{"uv":[9.25,5.75,9.0,5.875],"tintindex":0,"rotation":0,"texture":"#0"}}},{"from":[7.73825,13.761667,7.7799997],"to":[8.13575,14.7021675,8.27],"faces":{"east":{"uv":[9.0,6.5,9.125,6.75],"tintindex":0,"rotation":0,"texture":"#0"},"south":{"uv":[6.75,9.0,6.875,9.25],"tintindex":0,"rotation":0,"texture":"#0"},"north":{"uv":[6.5,9.0,6.625,9.25],"tintindex":0,"rotation":0,"texture":"#0"},"west":{"uv":[9.0,6.75,9.125,7.0],"tintindex":0,"rotation":0,"texture":"#0"},"up":{"uv":[2.625,10.125,2.5,10.0],"tintindex":0,"rotation":0,"texture":"#0"},"down":{"uv":[10.125,2.5,10.0,2.625],"tintindex":0,"rotation":0,"texture":"#0"}}}],"display":{"gui":{"rotation":[30,225,0]}}}