{"textures":{"0":"modelengine:entity/texture_esqueleto"},"elements":[{"from":[7.864625,7.4585,7.7506247],"to":[8.121125,7.943001,8.263624],"faces":{"east":{"uv":[3.5,9.75,3.625,9.875],"tintindex":0,"rotation":0,"texture":"#0"},"south":{"uv":[9.75,3.5,9.875,3.625],"tintindex":0,"rotation":0,"texture":"#0"},"north":{"uv":[9.75,3.25,9.875,3.375],"tintindex":0,"rotation":0,"texture":"#0"},"west":{"uv":[3.75,9.75,3.875,9.875],"tintindex":0,"rotation":0,"texture":"#0"},"up":{"uv":[9.875,3.875,9.75,3.75],"tintindex":0,"rotation":0,"texture":"#0"},"down":{"uv":[4.125,9.75,4.0,9.875],"tintindex":0,"rotation":0,"texture":"#0"}}},{"from":[7.836125,7.914501,7.722125],"to":[8.178125,8.684,8.263624],"faces":{"east":{"uv":[1.5,9.0,1.625,9.25],"tintindex":0,"rotation":0,"texture":"#0"},"south":{"uv":[9.0,1.5,9.125,1.75],"tintindex":0,"rotation":0,"texture":"#0"},"north":{"uv":[9.0,1.25,9.125,1.5],"tintindex":0,"rotation":0,"texture":"#0"},"west":{"uv":[1.75,9.0,1.875,9.25],"tintindex":0,"rotation":0,"texture":"#0"},"up":{"uv":[9.875,4.125,9.75,4.0],"tintindex":0,"rotation":0,"texture":"#0"},"down":{"uv":[4.375,9.75,4.25,9.875],"tintindex":0,"rotation":0,"texture":"#0"}}}],"display":{"gui":{"rotation":[30,225,0]}}}