{"textures":{"0":"modelengine:entity/texture_esqueleto"},"elements":[{"from":[7.878875,7.4585,7.7506247],"to":[8.135375,7.943001,8.263624],"faces":{"east":{"uv":[1.5,9.75,1.625,9.875],"tintindex":0,"rotation":0,"texture":"#0"},"south":{"uv":[9.75,1.5,9.875,1.625],"tintindex":0,"rotation":0,"texture":"#0"},"north":{"uv":[9.75,1.25,9.875,1.375],"tintindex":0,"rotation":0,"texture":"#0"},"west":{"uv":[1.75,9.75,1.875,9.875],"tintindex":0,"rotation":0,"texture":"#0"},"up":{"uv":[9.875,1.875,9.75,1.75],"tintindex":0,"rotation":0,"texture":"#0"},"down":{"uv":[2.125,9.75,2.0,9.875],"tintindex":0,"rotation":0,"texture":"#0"}}},{"from":[7.821875,7.914501,7.722125],"to":[8.163876,8.684,8.263624],"faces":{"east":{"uv":[0.5,9.0,0.625,9.25],"tintindex":0,"rotation":0,"texture":"#0"},"south":{"uv":[9.0,0.5,9.125,0.75],"tintindex":0,"rotation":0,"texture":"#0"},"north":{"uv":[9.0,0.25,9.125,0.5],"tintindex":0,"rotation":0,"texture":"#0"},"west":{"uv":[0.75,9.0,0.875,9.25],"tintindex":0,"rotation":0,"texture":"#0"},"up":{"uv":[9.875,1.125,9.75,1.0],"tintindex":0,"rotation":0,"texture":"#0"},"down":{"uv":[1.375,9.75,1.25,9.875],"tintindex":0,"rotation":0,"texture":"#0"}}}],"display":{"gui":{"rotation":[30,225,0]}}}