{"textures":{"0":"modelengine:entity/texture_esqueleto"},"elements":[{"from":[7.6366253,7.5440006,7.479875],"to":[8.349125,8.0,8.448875],"faces":{"east":{"uv":[8.75,6.5,9.0,6.625],"tintindex":0,"rotation":0,"texture":"#0"},"south":{"uv":[9.5,3.0,9.625,3.125],"tintindex":0,"rotation":0,"texture":"#0"},"north":{"uv":[3.0,9.5,3.125,9.625],"tintindex":0,"rotation":0,"texture":"#0"},"west":{"uv":[6.75,8.75,7.0,8.875],"tintindex":0,"rotation":0,"texture":"#0"},"up":{"uv":[8.875,7.0,8.75,6.75],"tintindex":0,"rotation":0,"texture":"#0"},"down":{"uv":[7.125,8.75,7.0,9.0],"tintindex":0,"rotation":0,"texture":"#0"}}},{"from":[7.4086246,6.4039993,7.3943753],"to":[8.605625,7.5440006,8.676875],"faces":{"east":{"uv":[6.25,5.75,6.625,6.0],"tintindex":0,"rotation":0,"texture":"#0"},"south":{"uv":[8.25,5.75,8.5,6.0],"tintindex":0,"rotation":0,"texture":"#0"},"north":{"uv":[5.75,8.25,6.0,8.5],"tintindex":0,"rotation":0,"texture":"#0"},"west":{"uv":[6.25,6.0,6.625,6.25],"tintindex":0,"rotation":0,"texture":"#0"},"up":{"uv":[3.5,4.375,3.25,4.0],"tintindex":0,"rotation":0,"texture":"#0"},"down":{"uv":[6.0,2.75,5.75,3.125],"tintindex":0,"rotation":0,"texture":"#0"}}}],"display":{"gui":{"rotation":[30,225,0]}}}