{"textures":{"0":"modelengine:entity/texture_esqueleto"},"elements":[{"from":[7.394375,6.432499,7.3943753],"to":[8.591375,7.5725,8.676875],"faces":{"east":{"uv":[6.25,6.25,6.625,6.5],"tintindex":0,"rotation":0,"texture":"#0"},"south":{"uv":[0.5,8.5,0.75,8.75],"tintindex":0,"rotation":0,"texture":"#0"},"north":{"uv":[0.25,8.5,0.5,8.75],"tintindex":0,"rotation":0,"texture":"#0"},"west":{"uv":[6.5,0.0,6.875,0.25],"tintindex":0,"rotation":0,"texture":"#0"},"up":{"uv":[6.75,0.625,6.5,0.25],"tintindex":0,"rotation":0,"texture":"#0"},"down":{"uv":[0.75,6.5,0.5,6.875],"tintindex":0,"rotation":0,"texture":"#0"}}},{"from":[7.650875,7.5725,7.479875],"to":[8.363375,8.0285,8.448875],"faces":{"east":{"uv":[9.0,0.75,9.25,0.875],"tintindex":0,"rotation":0,"texture":"#0"},"south":{"uv":[3.25,9.75,3.375,9.875],"tintindex":0,"rotation":0,"texture":"#0"},"north":{"uv":[9.75,3.0,9.875,3.125],"tintindex":0,"rotation":0,"texture":"#0"},"west":{"uv":[1.0,9.0,1.25,9.125],"tintindex":0,"rotation":0,"texture":"#0"},"up":{"uv":[9.125,1.25,9.0,1.0],"tintindex":0,"rotation":0,"texture":"#0"},"down":{"uv":[1.375,9.0,1.25,9.25],"tintindex":0,"rotation":0,"texture":"#0"}}}],"display":{"gui":{"rotation":[30,225,0]}}}