{"textures":{"0":"modelengine:entity/texture_esqueleto"},"elements":[{"from":[7.977625,6.7546883,5.56075],"to":[8.433625,7.5526886,7.6982503],"faces":{"east":{"uv":[5.5,3.5,6.0,3.75],"tintindex":0,"rotation":0,"texture":"#0"},"south":{"uv":[9.0,8.75,9.125,9.0],"tintindex":0,"rotation":0,"texture":"#0"},"north":{"uv":[8.75,9.0,8.875,9.25],"tintindex":0,"rotation":0,"texture":"#0"},"west":{"uv":[5.5,3.75,6.0,4.0],"tintindex":0,"rotation":0,"texture":"#0"},"up":{"uv":[8.875,3.25,8.75,2.75],"tintindex":0,"rotation":0,"texture":"#0"},"down":{"uv":[3.125,8.75,3.0,9.25],"tintindex":0,"rotation":0,"texture":"#0"}}},{"from":[7.350625,6.7546883,5.56075],"to":[7.806625,7.5526886,7.6982503],"faces":{"east":{"uv":[5.5,4.0,6.0,4.25],"tintindex":0,"rotation":0,"texture":"#0"},"south":{"uv":[0.0,9.25,0.125,9.5],"tintindex":0,"rotation":0,"texture":"#0"},"north":{"uv":[9.0,9.0,9.125,9.25],"tintindex":0,"rotation":0,"texture":"#0"},"west":{"uv":[5.5,4.25,6.0,4.5],"tintindex":0,"rotation":0,"texture":"#0"},"up":{"uv":[8.875,3.75,8.75,3.25],"tintindex":0,"rotation":0,"texture":"#0"},"down":{"uv":[3.625,8.75,3.5,9.25],"tintindex":0,"rotation":0,"texture":"#0"}}},{"from":[6.780625,6.7546883,5.56075],"to":[7.2366247,7.5526886,7.6982503],"faces":{"east":{"uv":[4.5,5.5,5.0,5.75],"tintindex":0,"rotation":0,"texture":"#0"},"south":{"uv":[0.25,9.25,0.375,9.5],"tintindex":0,"rotation":0,"texture":"#0"},"north":{"uv":[9.25,0.0,9.375,0.25],"tintindex":0,"rotation":0,"texture":"#0"},"west":{"uv":[5.5,4.5,6.0,4.75],"tintindex":0,"rotation":0,"texture":"#0"},"up":{"uv":[3.875,9.25,3.75,8.75],"tintindex":0,"rotation":0,"texture":"#0"},"down":{"uv":[8.875,3.75,8.75,4.25],"tintindex":0,"rotation":0,"texture":"#0"}}},{"from":[6.723625,6.7546883,7.29925],"to":[8.490625,7.9231873,8.92375],"faces":{"east":{"uv":[6.5,1.25,6.875,1.5],"tintindex":0,"rotation":0,"texture":"#0"},"south":{"uv":[3.5,5.5,4.0,5.75],"tintindex":0,"rotation":0,"texture":"#0"},"north":{"uv":[5.5,2.5,6.0,2.75],"tintindex":0,"rotation":0,"texture":"#0"},"west":{"uv":[6.5,1.5,6.875,1.75],"tintindex":0,"rotation":0,"texture":"#0"},"up":{"uv":[5.5,4.375,5.0,4.0],"tintindex":0,"rotation":0,"texture":"#0"},"down":{"uv":[5.0,5.0,4.5,5.375],"tintindex":0,"rotation":0,"texture":"#0"}}}],"display":{"gui":{"rotation":[30,225,0]}}}