{"textures":{"0":"modelengine:entity/texture_esqueleto"},"elements":[{"from":[7.380125,6.852873,7.437125],"to":[8.605625,8.021374,8.577126],"faces":{"east":{"uv":[8.5,5.0,8.75,5.25],"tintindex":0,"rotation":0,"texture":"#0"},"south":{"uv":[5.25,8.5,5.5,8.75],"tintindex":0,"rotation":0,"texture":"#0"},"north":{"uv":[5.0,8.5,5.25,8.75],"tintindex":0,"rotation":0,"texture":"#0"},"west":{"uv":[5.5,8.5,5.75,8.75],"tintindex":0,"rotation":0,"texture":"#0"},"up":{"uv":[8.75,5.75,8.5,5.5],"tintindex":0,"rotation":0,"texture":"#0"},"down":{"uv":[6.0,8.5,5.75,8.75],"tintindex":0,"rotation":0,"texture":"#0"}}},{"from":[7.494125,0.7538738,7.5226254],"to":[8.520124,6.909876,8.463125],"faces":{"east":{"uv":[3.0,2.5,3.25,4.0],"tintindex":0,"rotation":0,"texture":"#0"},"south":{"uv":[3.25,2.5,3.5,4.0],"tintindex":0,"rotation":0,"texture":"#0"},"north":{"uv":[2.25,3.0,2.5,4.5],"tintindex":0,"rotation":0,"texture":"#0"},"west":{"uv":[0.0,3.5,0.25,5.0],"tintindex":0,"rotation":0,"texture":"#0"},"up":{"uv":[8.75,6.0,8.5,5.75],"tintindex":0,"rotation":0,"texture":"#0"},"down":{"uv":[8.75,6.0,8.5,6.25],"tintindex":0,"rotation":0,"texture":"#0"}}}],"display":{"gui":{"rotation":[30,225,0]}}}