{"textures":{"0":"modelengine:entity/texture_esqueleto"},"elements":[{"from":[8.375,11.799999,6.4750004],"to":[10.75,12.225,6.8],"faces":{"east":{"uv":[9.25,0.5,9.375,0.625],"tintindex":0,"rotation":0,"texture":"#0"},"south":{"uv":[2.75,6.5,3.375,6.625],"tintindex":0,"rotation":0,"texture":"#0"},"north":{"uv":[6.5,2.5,7.125,2.625],"tintindex":0,"rotation":0,"texture":"#0"},"west":{"uv":[0.75,9.25,0.875,9.375],"tintindex":0,"rotation":0,"texture":"#0"},"up":{"uv":[7.125,2.875,6.5,2.75],"tintindex":0,"rotation":0,"texture":"#0"},"down":{"uv":[7.125,3.0,6.5,3.125],"tintindex":0,"rotation":0,"texture":"#0"}}},{"from":[7.5759897,8.09284,8.420727],"to":[8.40249,13.792839,9.446728],"faces":{"east":{"uv":[4.0,1.5,4.25,2.875],"tintindex":0,"rotation":0,"texture":"#0"},"south":{"uv":[3.0,4.0,3.25,5.375],"tintindex":0,"rotation":0,"texture":"#0"},"north":{"uv":[4.0,0.0,4.25,1.375],"tintindex":0,"rotation":0,"texture":"#0"},"west":{"uv":[4.0,3.0,4.25,4.375],"tintindex":0,"rotation":0,"texture":"#0"},"up":{"uv":[2.75,4.5,2.5,4.25],"tintindex":0,"rotation":0,"texture":"#0"},"down":{"uv":[6.0,1.25,5.75,1.5],"tintindex":0,"rotation":0,"texture":"#0"}}},{"from":[5.35,10.5,8.875],"to":[7.75,10.924999,9.200001],"faces":{"east":{"uv":[9.25,6.75,9.375,6.875],"tintindex":0,"rotation":0,"texture":"#0"},"south":{"uv":[7.75,1.25,8.375,1.375],"tintindex":0,"rotation":0,"texture":"#0"},"north":{"uv":[1.25,7.75,1.875,7.875],"tintindex":0,"rotation":0,"texture":"#0"},"west":{"uv":[7.0,9.25,7.125,9.375],"tintindex":0,"rotation":0,"texture":"#0"},"up":{"uv":[8.375,1.625,7.75,1.5],"tintindex":0,"rotation":0,"texture":"#0"},"down":{"uv":[8.375,1.75,7.75,1.875],"tintindex":0,"rotation":0,"texture":"#0"}}},{"from":[8.375,11.799999,8.875],"to":[10.75,12.225,9.200001],"faces":{"east":{"uv":[9.25,7.5,9.375,7.625],"tintindex":0,"rotation":0,"texture":"#0"},"south":{"uv":[2.25,8.0,2.875,8.125],"tintindex":0,"rotation":0,"texture":"#0"},"north":{"uv":[1.25,8.0,1.875,8.125],"tintindex":0,"rotation":0,"texture":"#0"},"west":{"uv":[7.75,9.25,7.875,9.375],"tintindex":0,"rotation":0,"texture":"#0"},"up":{"uv":[8.625,2.625,8.0,2.5],"tintindex":0,"rotation":0,"texture":"#0"},"down":{"uv":[8.625,2.75,8.0,2.875],"tintindex":0,"rotation":0,"texture":"#0"}}},{"from":[8.375,9.074999,8.875],"to":[10.75,9.5,9.200001],"faces":{"east":{"uv":[9.25,3.0,9.375,3.125],"tintindex":0,"rotation":0,"texture":"#0"},"south":{"uv":[7.0,5.5,7.625,5.625],"tintindex":0,"rotation":0,"texture":"#0"},"north":{"uv":[7.0,5.0,7.625,5.125],"tintindex":0,"rotation":0,"texture":"#0"},"west":{"uv":[3.25,9.25,3.375,9.375],"tintindex":0,"rotation":0,"texture":"#0"},"up":{"uv":[6.375,7.125,5.75,7.0],"tintindex":0,"rotation":0,"texture":"#0"},"down":{"uv":[7.125,7.0,6.5,7.125],"tintindex":0,"rotation":0,"texture":"#0"}}},{"from":[7.5759897,9.74584,6.368727],"to":[8.40249,13.792839,6.682227],"faces":{"east":{"uv":[0.5,5.5,0.625,6.5],"tintindex":0,"rotation":0,"texture":"#0"},"south":{"uv":[1.5,5.0,1.75,6.0],"tintindex":0,"rotation":0,"texture":"#0"},"north":{"uv":[2.75,4.25,3.0,5.25],"tintindex":0,"rotation":0,"texture":"#0"},"west":{"uv":[0.75,5.5,0.875,6.5],"tintindex":0,"rotation":0,"texture":"#0"},"up":{"uv":[9.0,5.375,8.75,5.25],"tintindex":0,"rotation":0,"texture":"#0"},"down":{"uv":[5.75,8.75,5.5,8.875],"tintindex":0,"rotation":0,"texture":"#0"}}},{"from":[6.25,13.824999,4.875],"to":[9.825,14.35,9.5],"faces":{"east":{"uv":[5.0,5.0,6.125,5.125],"tintindex":0,"rotation":0,"texture":"#0"},"south":{"uv":[5.5,5.25,6.375,5.375],"tintindex":0,"rotation":0,"texture":"#0"},"north":{"uv":[5.5,4.75,6.375,4.875],"tintindex":0,"rotation":0,"texture":"#0"},"west":{"uv":[5.25,0.0,6.375,0.125],"tintindex":0,"rotation":0,"texture":"#0"},"up":{"uv":[3.375,1.125,2.5,0.0],"tintindex":0,"rotation":0,"texture":"#0"},"down":{"uv":[3.375,1.25,2.5,2.375],"tintindex":0,"rotation":0,"texture":"#0"}}},{"from":[5.35,11.15,8.875],"to":[7.75,11.574999,9.200001],"faces":{"east":{"uv":[9.25,7.25,9.375,7.375],"tintindex":0,"rotation":0,"texture":"#0"},"south":{"uv":[6.25,7.75,6.875,7.875],"tintindex":0,"rotation":0,"texture":"#0"},"north":{"uv":[7.75,5.5,8.375,5.625],"tintindex":0,"rotation":0,"texture":"#0"},"west":{"uv":[7.5,9.25,7.625,9.375],"tintindex":0,"rotation":0,"texture":"#0"},"up":{"uv":[7.875,7.875,7.25,7.75],"tintindex":0,"rotation":0,"texture":"#0"},"down":{"uv":[0.625,8.0,0.0,8.125],"tintindex":0,"rotation":0,"texture":"#0"}}},{"from":[5.0744123,11.248959,7.565727],"to":[5.4734125,13.813959,7.9077272],"faces":{"east":{"uv":[7.5,8.0,7.625,8.625],"tintindex":0,"rotation":0,"texture":"#0"},"south":{"uv":[8.0,7.5,8.125,8.125],"tintindex":0,"rotation":0,"texture":"#0"},"north":{"uv":[7.25,8.0,7.375,8.625],"tintindex":0,"rotation":0,"texture":"#0"},"west":{"uv":[7.75,8.0,7.875,8.625],"tintindex":0,"rotation":0,"texture":"#0"},"up":{"uv":[0.125,9.625,0.0,9.5],"tintindex":0,"rotation":0,"texture":"#0"},"down":{"uv":[9.625,0.0,9.5,0.125],"tintindex":0,"rotation":0,"texture":"#0"}},"rotation":{"origin":[6.26499,13.821341,8.819727],"angle":45.0,"axis":"z"}},{"from":[5.35,11.799999,6.4750004],"to":[7.725,12.225,6.8],"faces":{"east":{"uv":[9.25,0.75,9.375,0.875],"tintindex":0,"rotation":0,"texture":"#0"},"south":{"uv":[6.5,3.5,7.125,3.625],"tintindex":0,"rotation":0,"texture":"#0"},"north":{"uv":[6.5,3.25,7.125,3.375],"tintindex":0,"rotation":0,"texture":"#0"},"west":{"uv":[1.0,9.25,1.125,9.375],"tintindex":0,"rotation":0,"texture":"#0"},"up":{"uv":[7.125,3.875,6.5,3.75],"tintindex":0,"rotation":0,"texture":"#0"},"down":{"uv":[7.125,4.0,6.5,4.125],"tintindex":0,"rotation":0,"texture":"#0"}}},{"from":[8.375,9.75,8.875],"to":[10.75,10.174999,9.200001],"faces":{"east":{"uv":[9.25,6.0,9.375,6.125],"tintindex":0,"rotation":0,"texture":"#0"},"south":{"uv":[7.5,6.0,8.125,6.125],"tintindex":0,"rotation":0,"texture":"#0"},"north":{"uv":[7.5,5.75,8.125,5.875],"tintindex":0,"rotation":0,"texture":"#0"},"west":{"uv":[6.25,9.25,6.375,9.375],"tintindex":0,"rotation":0,"texture":"#0"},"up":{"uv":[6.875,7.625,6.25,7.5],"tintindex":0,"rotation":0,"texture":"#0"},"down":{"uv":[8.125,6.25,7.5,6.375],"tintindex":0,"rotation":0,"texture":"#0"}}},{"from":[9.792567,12.673958,8.050227],"to":[10.191566,13.329458,8.392227],"faces":{"east":{"uv":[9.5,0.75,9.625,0.875],"tintindex":0,"rotation":0,"texture":"#0"},"south":{"uv":[1.0,9.5,1.125,9.625],"tintindex":0,"rotation":0,"texture":"#0"},"north":{"uv":[0.75,9.5,0.875,9.625],"tintindex":0,"rotation":0,"texture":"#0"},"west":{"uv":[9.5,1.0,9.625,1.125],"tintindex":0,"rotation":0,"texture":"#0"},"up":{"uv":[1.375,9.625,1.25,9.5],"tintindex":0,"rotation":0,"texture":"#0"},"down":{"uv":[9.625,1.25,9.5,1.375],"tintindex":0,"rotation":0,"texture":"#0"}},"rotation":{"origin":[9.79899,13.821341,8.819727],"angle":-45.0,"axis":"x"}},{"from":[8.375,10.5,6.4750004],"to":[10.75,10.924999,6.8],"faces":{"east":{"uv":[9.25,2.25,9.375,2.375],"tintindex":0,"rotation":0,"texture":"#0"},"south":{"uv":[0.0,7.0,0.625,7.125],"tintindex":0,"rotation":0,"texture":"#0"},"north":{"uv":[6.5,6.75,7.125,6.875],"tintindex":0,"rotation":0,"texture":"#0"},"west":{"uv":[2.5,9.25,2.625,9.375],"tintindex":0,"rotation":0,"texture":"#0"},"up":{"uv":[7.625,0.125,7.0,0.0],"tintindex":0,"rotation":0,"texture":"#0"},"down":{"uv":[7.625,0.75,7.0,0.875],"tintindex":0,"rotation":0,"texture":"#0"}}},{"from":[10.325,9.1,6.5],"to":[10.725,9.475,8.875],"faces":{"east":{"uv":[3.25,7.25,3.875,7.375],"tintindex":0,"rotation":0,"texture":"#0"},"south":{"uv":[4.0,9.25,4.125,9.375],"tintindex":0,"rotation":0,"texture":"#0"},"north":{"uv":[9.25,3.75,9.375,3.875],"tintindex":0,"rotation":0,"texture":"#0"},"west":{"uv":[7.25,3.75,7.875,3.875],"tintindex":0,"rotation":0,"texture":"#0"},"up":{"uv":[4.125,7.875,4.0,7.25],"tintindex":0,"rotation":0,"texture":"#0"},"down":{"uv":[4.375,7.25,4.25,7.875],"tintindex":0,"rotation":0,"texture":"#0"}}},{"from":[10.325,11.174999,6.5],"to":[10.725,11.549999,8.875],"faces":{"east":{"uv":[6.25,7.25,6.875,7.375],"tintindex":0,"rotation":0,"texture":"#0"},"south":{"uv":[4.75,9.25,4.875,9.375],"tintindex":0,"rotation":0,"texture":"#0"},"north":{"uv":[9.25,4.5,9.375,4.625],"tintindex":0,"rotation":0,"texture":"#0"},"west":{"uv":[7.25,6.5,7.875,6.625],"tintindex":0,"rotation":0,"texture":"#0"},"up":{"uv":[7.375,7.375,7.25,6.75],"tintindex":0,"rotation":0,"texture":"#0"},"down":{"uv":[7.125,7.25,7.0,7.875],"tintindex":0,"rotation":0,"texture":"#0"}}},{"from":[4.46949,12.08284,9.446728],"to":[7.29099,13.792839,9.560727],"faces":{"east":{"uv":[4.0,8.75,4.125,9.125],"tintindex":0,"rotation":0,"texture":"#0"},"south":{"uv":[4.75,4.5,5.5,4.875],"tintindex":0,"rotation":0,"texture":"#0"},"north":{"uv":[4.0,4.5,4.75,4.875],"tintindex":0,"rotation":0,"texture":"#0"},"west":{"uv":[4.25,8.75,4.375,9.125],"tintindex":0,"rotation":0,"texture":"#0"},"up":{"uv":[6.75,4.375,6.0,4.25],"tintindex":0,"rotation":0,"texture":"#0"},"down":{"uv":[6.75,4.5,6.0,4.625],"tintindex":0,"rotation":0,"texture":"#0"}}},{"from":[8.6874895,12.08284,9.446728],"to":[11.59449,13.792839,9.560727],"faces":{"east":{"uv":[8.75,4.25,8.875,4.625],"tintindex":0,"rotation":0,"texture":"#0"},"south":{"uv":[0.75,5.0,1.5,5.375],"tintindex":0,"rotation":0,"texture":"#0"},"north":{"uv":[0.0,5.0,0.75,5.375],"tintindex":0,"rotation":0,"texture":"#0"},"west":{"uv":[4.5,8.75,4.625,9.125],"tintindex":0,"rotation":0,"texture":"#0"},"up":{"uv":[7.0,5.125,6.25,5.0],"tintindex":0,"rotation":0,"texture":"#0"},"down":{"uv":[7.0,5.5,6.25,5.625],"tintindex":0,"rotation":0,"texture":"#0"}}},{"from":[8.375,9.074999,6.4750004],"to":[10.75,9.5,6.8],"faces":{"east":{"uv":[9.25,2.75,9.375,2.875],"tintindex":0,"rotation":0,"texture":"#0"},"south":{"uv":[3.5,7.0,4.125,7.125],"tintindex":0,"rotation":0,"texture":"#0"},"north":{"uv":[2.75,7.0,3.375,7.125],"tintindex":0,"rotation":0,"texture":"#0"},"west":{"uv":[3.0,9.25,3.125,9.375],"tintindex":0,"rotation":0,"texture":"#0"},"up":{"uv":[4.875,7.125,4.25,7.0],"tintindex":0,"rotation":0,"texture":"#0"},"down":{"uv":[5.625,7.0,5.0,7.125],"tintindex":0,"rotation":0,"texture":"#0"}}},{"from":[5.35,9.074999,6.4750004],"to":[7.725,9.5,6.8],"faces":{"east":{"uv":[9.25,1.75,9.375,1.875],"tintindex":0,"rotation":0,"texture":"#0"},"south":{"uv":[6.75,4.25,7.375,4.375],"tintindex":0,"rotation":0,"texture":"#0"},"north":{"uv":[4.25,6.75,4.875,6.875],"tintindex":0,"rotation":0,"texture":"#0"},"west":{"uv":[2.0,9.25,2.125,9.375],"tintindex":0,"rotation":0,"texture":"#0"},"up":{"uv":[7.375,4.625,6.75,4.5],"tintindex":0,"rotation":0,"texture":"#0"},"down":{"uv":[5.625,6.75,5.0,6.875],"tintindex":0,"rotation":0,"texture":"#0"}}},{"from":[5.375,10.525,6.5],"to":[5.775,10.9,8.875],"faces":{"east":{"uv":[2.25,7.5,2.875,7.625],"tintindex":0,"rotation":0,"texture":"#0"},"south":{"uv":[5.5,9.25,5.625,9.375],"tintindex":0,"rotation":0,"texture":"#0"},"north":{"uv":[9.25,5.25,9.375,5.375],"tintindex":0,"rotation":0,"texture":"#0"},"west":{"uv":[7.5,3.0,8.125,3.125],"tintindex":0,"rotation":0,"texture":"#0"},"up":{"uv":[3.375,8.125,3.25,7.5],"tintindex":0,"rotation":0,"texture":"#0"},"down":{"uv":[3.625,7.5,3.5,8.125],"tintindex":0,"rotation":0,"texture":"#0"}}},{"from":[5.102913,13.015959,7.993227],"to":[5.5019126,13.842459,8.335227],"faces":{"east":{"uv":[5.75,8.75,5.875,9.0],"tintindex":0,"rotation":0,"texture":"#0"},"south":{"uv":[8.75,5.75,8.875,6.0],"tintindex":0,"rotation":0,"texture":"#0"},"north":{"uv":[8.75,5.5,8.875,5.75],"tintindex":0,"rotation":0,"texture":"#0"},"west":{"uv":[6.0,8.75,6.125,9.0],"tintindex":0,"rotation":0,"texture":"#0"},"up":{"uv":[0.375,9.625,0.25,9.5],"tintindex":0,"rotation":0,"texture":"#0"},"down":{"uv":[9.625,0.25,9.5,0.375],"tintindex":0,"rotation":0,"texture":"#0"}},"rotation":{"origin":[6.26499,13.821341,8.819727],"angle":45.0,"axis":"x"}},{"from":[8.375,10.5,8.875],"to":[10.75,10.924999,9.200001],"faces":{"east":{"uv":[9.25,6.5,9.375,6.625],"tintindex":0,"rotation":0,"texture":"#0"},"south":{"uv":[7.75,0.0,8.375,0.125],"tintindex":0,"rotation":0,"texture":"#0"},"north":{"uv":[0.0,7.75,0.625,7.875],"tintindex":0,"rotation":0,"texture":"#0"},"west":{"uv":[6.75,9.25,6.875,9.375],"tintindex":0,"rotation":0,"texture":"#0"},"up":{"uv":[8.375,0.875,7.75,0.75],"tintindex":0,"rotation":0,"texture":"#0"},"down":{"uv":[8.375,1.0,7.75,1.125],"tintindex":0,"rotation":0,"texture":"#0"}}},{"from":[5.375,9.1,6.5],"to":[5.775,9.475,8.875],"faces":{"east":{"uv":[7.25,2.5,7.875,2.625],"tintindex":0,"rotation":0,"texture":"#0"},"south":{"uv":[3.75,9.25,3.875,9.375],"tintindex":0,"rotation":0,"texture":"#0"},"north":{"uv":[9.25,3.5,9.375,3.625],"tintindex":0,"rotation":0,"texture":"#0"},"west":{"uv":[7.25,2.75,7.875,2.875],"tintindex":0,"rotation":0,"texture":"#0"},"up":{"uv":[3.125,7.875,3.0,7.25],"tintindex":0,"rotation":0,"texture":"#0"},"down":{"uv":[7.375,3.0,7.25,3.625],"tintindex":0,"rotation":0,"texture":"#0"}}},{"from":[5.644413,12.046959,8.819727],"to":[6.0434127,14.526459,9.247227],"faces":{"east":{"uv":[6.5,8.0,6.625,8.625],"tintindex":0,"rotation":0,"texture":"#0"},"south":{"uv":[6.75,8.0,6.875,8.625],"tintindex":0,"rotation":0,"texture":"#0"},"north":{"uv":[6.25,8.0,6.375,8.625],"tintindex":0,"rotation":0,"texture":"#0"},"west":{"uv":[7.0,8.0,7.125,8.625],"tintindex":0,"rotation":0,"texture":"#0"},"up":{"uv":[9.375,8.375,9.25,8.25],"tintindex":0,"rotation":0,"texture":"#0"},"down":{"uv":[8.625,9.25,8.5,9.375],"tintindex":0,"rotation":0,"texture":"#0"}},"rotation":{"origin":[6.26499,13.821341,8.819727],"angle":45.0,"axis":"z"}},{"from":[10.325,10.525,6.5],"to":[10.725,10.9,8.875],"faces":{"east":{"uv":[7.25,4.75,7.875,4.875],"tintindex":0,"rotation":0,"texture":"#0"},"south":{"uv":[4.5,9.25,4.625,9.375],"tintindex":0,"rotation":0,"texture":"#0"},"north":{"uv":[9.25,4.25,9.375,4.375],"tintindex":0,"rotation":0,"texture":"#0"},"west":{"uv":[7.25,5.25,7.875,5.375],"tintindex":0,"rotation":0,"texture":"#0"},"up":{"uv":[5.875,7.875,5.75,7.25],"tintindex":0,"rotation":0,"texture":"#0"},"down":{"uv":[6.125,7.25,6.0,7.875],"tintindex":0,"rotation":0,"texture":"#0"}}},{"from":[5.8724127,12.673958,8.050227],"to":[6.271413,13.329458,8.392227],"faces":{"east":{"uv":[8.75,9.25,8.875,9.375],"tintindex":0,"rotation":0,"texture":"#0"},"south":{"uv":[9.25,8.75,9.375,8.875],"tintindex":0,"rotation":0,"texture":"#0"},"north":{"uv":[9.25,8.5,9.375,8.625],"tintindex":0,"rotation":0,"texture":"#0"},"west":{"uv":[9.0,9.25,9.125,9.375],"tintindex":0,"rotation":0,"texture":"#0"},"up":{"uv":[9.375,9.125,9.25,9.0],"tintindex":0,"rotation":0,"texture":"#0"},"down":{"uv":[9.375,9.25,9.25,9.375],"tintindex":0,"rotation":0,"texture":"#0"}},"rotation":{"origin":[6.26499,13.821341,8.819727],"angle":-45.0,"axis":"x"}},{"from":[5.375,9.775,6.5],"to":[5.775,10.15,8.875],"faces":{"east":{"uv":[7.5,0.5,8.125,0.625],"tintindex":0,"rotation":0,"texture":"#0"},"south":{"uv":[5.25,9.25,5.375,9.375],"tintindex":0,"rotation":0,"texture":"#0"},"north":{"uv":[9.25,5.0,9.375,5.125],"tintindex":0,"rotation":0,"texture":"#0"},"west":{"uv":[1.25,7.5,1.875,7.625],"tintindex":0,"rotation":0,"texture":"#0"},"up":{"uv":[7.625,2.375,7.5,1.75],"tintindex":0,"rotation":0,"texture":"#0"},"down":{"uv":[2.125,7.5,2.0,8.125],"tintindex":0,"rotation":0,"texture":"#0"}}},{"from":[8.375,11.15,8.875],"to":[10.75,11.574999,9.200001],"faces":{"east":{"uv":[9.25,7.0,9.375,7.125],"tintindex":0,"rotation":0,"texture":"#0"},"south":{"uv":[2.25,7.75,2.875,7.875],"tintindex":0,"rotation":0,"texture":"#0"},"north":{"uv":[7.75,2.0,8.375,2.125],"tintindex":0,"rotation":0,"texture":"#0"},"west":{"uv":[7.25,9.25,7.375,9.375],"tintindex":0,"rotation":0,"texture":"#0"},"up":{"uv":[8.375,2.375,7.75,2.25],"tintindex":0,"rotation":0,"texture":"#0"},"down":{"uv":[8.375,5.0,7.75,5.125],"tintindex":0,"rotation":0,"texture":"#0"}}},{"from":[7.49049,7.5798397,8.363728],"to":[8.487989,8.52034,9.503727],"faces":{"east":{"uv":[4.0,6.5,4.25,6.75],"tintindex":0,"rotation":0,"texture":"#0"},"south":{"uv":[4.25,6.5,4.5,6.75],"tintindex":0,"rotation":0,"texture":"#0"},"north":{"uv":[5.75,3.25,6.0,3.5],"tintindex":0,"rotation":0,"texture":"#0"},"west":{"uv":[0.0,6.75,0.25,7.0],"tintindex":0,"rotation":0,"texture":"#0"},"up":{"uv":[0.5,7.0,0.25,6.75],"tintindex":0,"rotation":0,"texture":"#0"},"down":{"uv":[1.25,6.75,1.0,7.0],"tintindex":0,"rotation":0,"texture":"#0"}}},{"from":[10.562067,13.015959,7.993227],"to":[10.961067,13.842459,8.335227],"faces":{"east":{"uv":[6.25,8.75,6.375,9.0],"tintindex":0,"rotation":0,"texture":"#0"},"south":{"uv":[8.75,6.25,8.875,6.5],"tintindex":0,"rotation":0,"texture":"#0"},"north":{"uv":[8.75,6.0,8.875,6.25],"tintindex":0,"rotation":0,"texture":"#0"},"west":{"uv":[6.5,8.75,6.625,9.0],"tintindex":0,"rotation":0,"texture":"#0"},"up":{"uv":[0.625,9.625,0.5,9.5],"tintindex":0,"rotation":0,"texture":"#0"},"down":{"uv":[9.625,0.5,9.5,0.625],"tintindex":0,"rotation":0,"texture":"#0"}},"rotation":{"origin":[9.79899,13.821341,8.819727],"angle":45.0,"axis":"x"}},{"from":[5.35,9.75,8.875],"to":[7.75,10.174999,9.200001],"faces":{"east":{"uv":[9.25,6.25,9.375,6.375],"tintindex":0,"rotation":0,"texture":"#0"},"south":{"uv":[7.5,7.0,8.125,7.125],"tintindex":0,"rotation":0,"texture":"#0"},"north":{"uv":[7.5,6.75,8.125,6.875],"tintindex":0,"rotation":0,"texture":"#0"},"west":{"uv":[6.5,9.25,6.625,9.375],"tintindex":0,"rotation":0,"texture":"#0"},"up":{"uv":[7.875,7.625,7.25,7.5],"tintindex":0,"rotation":0,"texture":"#0"},"down":{"uv":[8.125,7.25,7.5,7.375],"tintindex":0,"rotation":0,"texture":"#0"}}},{"from":[5.35,11.799999,8.875],"to":[7.75,12.225,9.200001],"faces":{"east":{"uv":[9.25,7.75,9.375,7.875],"tintindex":0,"rotation":0,"texture":"#0"},"south":{"uv":[8.0,4.0,8.625,4.125],"tintindex":0,"rotation":0,"texture":"#0"},"north":{"uv":[8.0,3.75,8.625,3.875],"tintindex":0,"rotation":0,"texture":"#0"},"west":{"uv":[8.0,9.25,8.125,9.375],"tintindex":0,"rotation":0,"texture":"#0"},"up":{"uv":[8.625,4.875,8.0,4.75],"tintindex":0,"rotation":0,"texture":"#0"},"down":{"uv":[5.875,8.0,5.25,8.125],"tintindex":0,"rotation":0,"texture":"#0"}}},{"from":[10.590567,11.248959,7.565727],"to":[10.989567,13.813959,7.9077272],"faces":{"east":{"uv":[4.0,8.0,4.125,8.625],"tintindex":0,"rotation":0,"texture":"#0"},"south":{"uv":[4.25,8.0,4.375,8.625],"tintindex":0,"rotation":0,"texture":"#0"},"north":{"uv":[3.0,8.0,3.125,8.625],"tintindex":0,"rotation":0,"texture":"#0"},"west":{"uv":[6.0,8.0,6.125,8.625],"tintindex":0,"rotation":0,"texture":"#0"},"up":{"uv":[9.375,8.125,9.25,8.0],"tintindex":0,"rotation":0,"texture":"#0"},"down":{"uv":[8.375,9.25,8.25,9.375],"tintindex":0,"rotation":0,"texture":"#0"}},"rotation":{"origin":[9.79899,13.821341,8.819727],"angle":-45.0,"axis":"z"}},{"from":[8.375,11.15,6.4750004],"to":[10.75,11.574999,6.8],"faces":{"east":{"uv":[9.25,2.0,9.375,2.125],"tintindex":0,"rotation":0,"texture":"#0"},"south":{"uv":[6.75,5.75,7.375,5.875],"tintindex":0,"rotation":0,"texture":"#0"},"north":{"uv":[5.75,6.75,6.375,6.875],"tintindex":0,"rotation":0,"texture":"#0"},"west":{"uv":[2.25,9.25,2.375,9.375],"tintindex":0,"rotation":0,"texture":"#0"},"up":{"uv":[7.375,6.125,6.75,6.0],"tintindex":0,"rotation":0,"texture":"#0"},"down":{"uv":[7.375,6.25,6.75,6.375],"tintindex":0,"rotation":0,"texture":"#0"}}},{"from":[5.35,9.074999,8.875],"to":[7.75,9.5,9.200001],"faces":{"east":{"uv":[9.25,3.25,9.375,3.375],"tintindex":0,"rotation":0,"texture":"#0"},"south":{"uv":[0.75,7.25,1.375,7.375],"tintindex":0,"rotation":0,"texture":"#0"},"north":{"uv":[0.0,7.25,0.625,7.375],"tintindex":0,"rotation":0,"texture":"#0"},"west":{"uv":[3.5,9.25,3.625,9.375],"tintindex":0,"rotation":0,"texture":"#0"},"up":{"uv":[2.125,7.375,1.5,7.25],"tintindex":0,"rotation":0,"texture":"#0"},"down":{"uv":[2.875,7.25,2.25,7.375],"tintindex":0,"rotation":0,"texture":"#0"}}},{"from":[8.375,9.75,6.4750004],"to":[10.75,10.174999,6.8],"faces":{"east":{"uv":[9.25,2.5,9.375,2.625],"tintindex":0,"rotation":0,"texture":"#0"},"south":{"uv":[7.0,1.0,7.625,1.125],"tintindex":0,"rotation":0,"texture":"#0"},"north":{"uv":[1.0,7.0,1.625,7.125],"tintindex":0,"rotation":0,"texture":"#0"},"west":{"uv":[2.75,9.25,2.875,9.375],"tintindex":0,"rotation":0,"texture":"#0"},"up":{"uv":[7.625,1.375,7.0,1.25],"tintindex":0,"rotation":0,"texture":"#0"},"down":{"uv":[7.625,1.5,7.0,1.625],"tintindex":0,"rotation":0,"texture":"#0"}}},{"from":[5.375,11.174999,6.5],"to":[5.775,11.549999,8.875],"faces":{"east":{"uv":[7.5,3.25,8.125,3.375],"tintindex":0,"rotation":0,"texture":"#0"},"south":{"uv":[5.75,9.25,5.875,9.375],"tintindex":0,"rotation":0,"texture":"#0"},"north":{"uv":[9.25,5.5,9.375,5.625],"tintindex":0,"rotation":0,"texture":"#0"},"west":{"uv":[7.5,3.5,8.125,3.625],"tintindex":0,"rotation":0,"texture":"#0"},"up":{"uv":[3.875,8.125,3.75,7.5],"tintindex":0,"rotation":0,"texture":"#0"},"down":{"uv":[4.625,7.5,4.5,8.125],"tintindex":0,"rotation":0,"texture":"#0"}}},{"from":[5.35,9.75,6.4750004],"to":[7.725,10.174999,6.8],"faces":{"east":{"uv":[9.25,1.5,9.375,1.625],"tintindex":0,"rotation":0,"texture":"#0"},"south":{"uv":[6.75,2.25,7.375,2.375],"tintindex":0,"rotation":0,"texture":"#0"},"north":{"uv":[6.75,2.0,7.375,2.125],"tintindex":0,"rotation":0,"texture":"#0"},"west":{"uv":[1.75,9.25,1.875,9.375],"tintindex":0,"rotation":0,"texture":"#0"},"up":{"uv":[3.375,6.875,2.75,6.75],"tintindex":0,"rotation":0,"texture":"#0"},"down":{"uv":[4.125,6.75,3.5,6.875],"tintindex":0,"rotation":0,"texture":"#0"}}},{"from":[10.325,11.824999,6.5],"to":[10.725,12.199999,8.875],"faces":{"east":{"uv":[0.0,7.5,0.625,7.625],"tintindex":0,"rotation":0,"texture":"#0"},"south":{"uv":[5.0,9.25,5.125,9.375],"tintindex":0,"rotation":0,"texture":"#0"},"north":{"uv":[9.25,4.75,9.375,4.875],"tintindex":0,"rotation":0,"texture":"#0"},"west":{"uv":[7.5,0.25,8.125,0.375],"tintindex":0,"rotation":0,"texture":"#0"},"up":{"uv":[0.875,8.125,0.75,7.5],"tintindex":0,"rotation":0,"texture":"#0"},"down":{"uv":[1.125,7.5,1.0,8.125],"tintindex":0,"rotation":0,"texture":"#0"}}},{"from":[5.35,11.15,6.4750004],"to":[7.725,11.574999,6.8],"faces":{"east":{"uv":[9.25,1.0,9.375,1.125],"tintindex":0,"rotation":0,"texture":"#0"},"south":{"uv":[5.0,6.5,5.625,6.625],"tintindex":0,"rotation":0,"texture":"#0"},"north":{"uv":[6.5,4.75,7.125,4.875],"tintindex":0,"rotation":0,"texture":"#0"},"west":{"uv":[1.25,9.25,1.375,9.375],"tintindex":0,"rotation":0,"texture":"#0"},"up":{"uv":[7.125,5.375,6.5,5.25],"tintindex":0,"rotation":0,"texture":"#0"},"down":{"uv":[6.375,6.5,5.75,6.625],"tintindex":0,"rotation":0,"texture":"#0"}}},{"from":[10.020567,12.046959,8.819727],"to":[10.419567,14.526459,9.247227],"faces":{"east":{"uv":[6.5,1.75,6.625,2.375],"tintindex":0,"rotation":0,"texture":"#0"},"south":{"uv":[2.25,6.5,2.375,7.125],"tintindex":0,"rotation":0,"texture":"#0"},"north":{"uv":[0.75,6.5,0.875,7.125],"tintindex":0,"rotation":0,"texture":"#0"},"west":{"uv":[2.5,6.5,2.625,7.125],"tintindex":0,"rotation":0,"texture":"#0"},"up":{"uv":[9.375,0.375,9.25,0.25],"tintindex":0,"rotation":0,"texture":"#0"},"down":{"uv":[0.625,9.25,0.5,9.375],"tintindex":0,"rotation":0,"texture":"#0"}},"rotation":{"origin":[9.79899,13.821341,8.819727],"angle":-45.0,"axis":"z"}},{"from":[10.325,9.775,6.5],"to":[10.725,10.15,8.875],"faces":{"east":{"uv":[7.25,4.0,7.875,4.125],"tintindex":0,"rotation":0,"texture":"#0"},"south":{"uv":[4.25,9.25,4.375,9.375],"tintindex":0,"rotation":0,"texture":"#0"},"north":{"uv":[9.25,4.0,9.375,4.125],"tintindex":0,"rotation":0,"texture":"#0"},"west":{"uv":[4.5,7.25,5.125,7.375],"tintindex":0,"rotation":0,"texture":"#0"},"up":{"uv":[5.375,7.875,5.25,7.25],"tintindex":0,"rotation":0,"texture":"#0"},"down":{"uv":[5.625,7.25,5.5,7.875],"tintindex":0,"rotation":0,"texture":"#0"}}},{"from":[5.375,11.824999,6.5],"to":[5.775,12.199999,8.875],"faces":{"east":{"uv":[7.5,4.25,8.125,4.375],"tintindex":0,"rotation":0,"texture":"#0"},"south":{"uv":[6.0,9.25,6.125,9.375],"tintindex":0,"rotation":0,"texture":"#0"},"north":{"uv":[9.25,5.75,9.375,5.875],"tintindex":0,"rotation":0,"texture":"#0"},"west":{"uv":[7.5,4.5,8.125,4.625],"tintindex":0,"rotation":0,"texture":"#0"},"up":{"uv":[4.875,8.125,4.75,7.5],"tintindex":0,"rotation":0,"texture":"#0"},"down":{"uv":[5.125,7.5,5.0,8.125],"tintindex":0,"rotation":0,"texture":"#0"}}},{"from":[5.35,10.5,6.4750004],"to":[7.725,10.924999,6.8],"faces":{"east":{"uv":[9.25,1.25,9.375,1.375],"tintindex":0,"rotation":0,"texture":"#0"},"south":{"uv":[6.75,0.25,7.375,0.375],"tintindex":0,"rotation":0,"texture":"#0"},"north":{"uv":[6.5,6.5,7.125,6.625],"tintindex":0,"rotation":0,"texture":"#0"},"west":{"uv":[1.5,9.25,1.625,9.375],"tintindex":0,"rotation":0,"texture":"#0"},"up":{"uv":[7.375,0.625,6.75,0.5],"tintindex":0,"rotation":0,"texture":"#0"},"down":{"uv":[7.375,1.75,6.75,1.875],"tintindex":0,"rotation":0,"texture":"#0"}}}],"display":{"gui":{"rotation":[30,225,0]}}}