{"textures":{"0":"modelengine:entity/thegreatirongolem"},"elements":[{"from":[2.5,-13.500002,2.5],"to":[13.5,-5.000002,13.5],"faces":{"east":{"uv":[9.75,12.0625,10.4375,12.59375],"tintindex":0,"rotation":0,"texture":"#0"},"south":{"uv":[12.09375,8.875,12.78125,9.40625],"tintindex":0,"rotation":0,"texture":"#0"},"north":{"uv":[12.0,1.28125,12.6875,1.8125],"tintindex":0,"rotation":0,"texture":"#0"},"west":{"uv":[0.96875,12.125,1.65625,12.65625],"tintindex":0,"rotation":0,"texture":"#0"},"up":{"uv":[10.15625,11.8125,9.46875,11.125],"tintindex":0,"rotation":0,"texture":"#0"},"down":{"uv":[11.53125,11.21875,10.84375,11.90625],"tintindex":0,"rotation":0,"texture":"#0"}}},{"from":[3.5,-6.500002,3.0],"to":[12.5,7.5,13.0],"faces":{"east":{"uv":[5.875,10.5,6.5,11.375],"tintindex":0,"rotation":0,"texture":"#0"},"south":{"uv":[3.125,11.09375,3.6875,11.96875],"tintindex":0,"rotation":0,"texture":"#0"},"north":{"uv":[0.0,11.0625,0.5625,11.9375],"tintindex":0,"rotation":0,"texture":"#0"},"west":{"uv":[0.625,10.625,1.25,11.5],"tintindex":0,"rotation":0,"texture":"#0"},"up":{"uv":[4.90625,12.90625,4.34375,12.28125],"tintindex":0,"rotation":0,"texture":"#0"},"down":{"uv":[12.84375,4.34375,12.28125,4.96875],"tintindex":0,"rotation":0,"texture":"#0"}}},{"from":[3.0,-1.0000019,2.5],"to":[13.0,12.0,13.5],"faces":{"east":{"uv":[2.53125,4.5625,3.21875,5.375],"tintindex":0,"rotation":0,"texture":"#0"},"south":{"uv":[5.1875,11.0,5.8125,11.8125],"tintindex":0,"rotation":0,"texture":"#0"},"north":{"uv":[4.5625,11.0,5.1875,11.8125],"tintindex":0,"rotation":0,"texture":"#0"},"west":{"uv":[10.34375,7.75,11.03125,8.5625],"tintindex":0,"rotation":0,"texture":"#0"},"up":{"uv":[12.21875,2.5,11.59375,1.8125],"tintindex":0,"rotation":0,"texture":"#0"},"down":{"uv":[12.21875,5.125,11.59375,5.8125],"tintindex":0,"rotation":0,"texture":"#0"}}},{"from":[3.5,-14.000002,5.5],"to":[13.6,-12.500002,8.0],"faces":{"east":{"uv":[6.34375,6.875,6.5,6.96875],"tintindex":0,"rotation":0,"texture":"#0"},"south":{"uv":[10.3125,13.34375,10.9375,13.4375],"tintindex":0,"rotation":0,"texture":"#0"},"north":{"uv":[5.59375,13.34375,6.21875,13.4375],"tintindex":0,"rotation":0,"texture":"#0"},"west":{"uv":[6.90625,0.84375,7.0625,0.9375],"tintindex":0,"rotation":0,"texture":"#0"},"up":{"uv":[13.8125,12.28125,13.1875,12.125],"tintindex":0,"rotation":0,"texture":"#0"},"down":{"uv":[13.84375,0.3125,13.21875,0.46875],"tintindex":0,"rotation":0,"texture":"#0"}}},{"from":[3.5,-14.000002,9.0],"to":[13.65,-12.500002,11.5],"faces":{"east":{"uv":[6.34375,6.96875,6.5,7.0625],"tintindex":0,"rotation":0,"texture":"#0"},"south":{"uv":[11.5,13.34375,12.125,13.4375],"tintindex":0,"rotation":0,"texture":"#0"},"north":{"uv":[13.34375,11.4375,13.96875,11.53125],"tintindex":0,"rotation":0,"texture":"#0"},"west":{"uv":[6.34375,7.0625,6.5,7.15625],"tintindex":0,"rotation":0,"texture":"#0"},"up":{"uv":[13.84375,0.625,13.21875,0.46875],"tintindex":0,"rotation":0,"texture":"#0"},"down":{"uv":[9.625,13.21875,9.0,13.375],"tintindex":0,"rotation":0,"texture":"#0"}}},{"from":[3.5,-14.000002,2.0],"to":[13.549999,-12.500002,4.5],"faces":{"east":{"uv":[4.46875,6.75,4.625,6.84375],"tintindex":0,"rotation":0,"texture":"#0"},"south":{"uv":[13.125,13.3125,13.75,13.40625],"tintindex":0,"rotation":0,"texture":"#0"},"north":{"uv":[13.3125,9.15625,13.9375,9.25],"tintindex":0,"rotation":0,"texture":"#0"},"west":{"uv":[4.625,6.75,4.78125,6.84375],"tintindex":0,"rotation":0,"texture":"#0"},"up":{"uv":[13.75,8.5,13.125,8.34375],"tintindex":0,"rotation":0,"texture":"#0"},"down":{"uv":[13.8125,11.96875,13.1875,12.125],"tintindex":0,"rotation":0,"texture":"#0"}}}],"display":{"gui":{"rotation":[30,225,0]}}}