{"textures":{"0":"modelengine:entity/thegreatirongolem"},"elements":[{"from":[4.333333,-8.333334,4.0],"to":[11.666667,-3.333334,12.0],"faces":{"east":{"uv":[12.21875,4.96875,12.96875,5.4375],"tintindex":0,"rotation":0,"texture":"#0"},"south":{"uv":[11.4375,12.28125,12.125,12.75],"tintindex":0,"rotation":0,"texture":"#0"},"north":{"uv":[7.9375,12.28125,8.625,12.75],"tintindex":0,"rotation":0,"texture":"#0"},"west":{"uv":[12.25,5.4375,13.0,5.90625],"tintindex":0,"rotation":0,"texture":"#0"},"up":{"uv":[7.1875,11.6875,6.5,10.9375],"tintindex":0,"rotation":0,"texture":"#0"},"down":{"uv":[4.5625,11.0,3.875,11.75],"tintindex":0,"rotation":0,"texture":"#0"}}},{"from":[4.6666665,-3.333334,4.333333],"to":[11.333334,7.3333335,11.666667],"faces":{"east":{"uv":[9.46875,5.53125,10.15625,6.53125],"tintindex":0,"rotation":0,"texture":"#0"},"south":{"uv":[10.125,9.25,10.75,10.25],"tintindex":0,"rotation":0,"texture":"#0"},"north":{"uv":[0.0,10.0625,0.625,11.0625],"tintindex":0,"rotation":0,"texture":"#0"},"west":{"uv":[6.25,9.5,6.9375,10.5],"tintindex":0,"rotation":0,"texture":"#0"},"up":{"uv":[12.15625,11.0,11.53125,10.3125],"tintindex":0,"rotation":0,"texture":"#0"},"down":{"uv":[12.15625,11.0,11.53125,11.6875],"tintindex":0,"rotation":0,"texture":"#0"}}},{"from":[4.333333,-0.666667,4.0],"to":[11.666667,1.333333,12.0],"faces":{"east":{"uv":[13.125,7.21875,13.875,7.40625],"tintindex":0,"rotation":0,"texture":"#0"},"south":{"uv":[13.125,13.125,13.8125,13.3125],"tintindex":0,"rotation":0,"texture":"#0"},"north":{"uv":[13.125,12.9375,13.8125,13.125],"tintindex":0,"rotation":0,"texture":"#0"},"west":{"uv":[13.125,7.40625,13.875,7.59375],"tintindex":0,"rotation":0,"texture":"#0"},"up":{"uv":[11.59375,2.5625,10.90625,1.8125],"tintindex":0,"rotation":0,"texture":"#0"},"down":{"uv":[11.59375,5.34375,10.90625,6.09375],"tintindex":0,"rotation":0,"texture":"#0"}}},{"from":[4.333333,-3.0,4.0],"to":[11.666667,-1.0,12.0],"faces":{"east":{"uv":[13.125,7.59375,13.875,7.78125],"tintindex":0,"rotation":0,"texture":"#0"},"south":{"uv":[13.15625,6.0625,13.84375,6.25],"tintindex":0,"rotation":0,"texture":"#0"},"north":{"uv":[13.15625,5.875,13.84375,6.0625],"tintindex":0,"rotation":0,"texture":"#0"},"west":{"uv":[13.125,7.78125,13.875,7.96875],"tintindex":0,"rotation":0,"texture":"#0"},"up":{"uv":[11.59375,6.84375,10.90625,6.09375],"tintindex":0,"rotation":0,"texture":"#0"},"down":{"uv":[11.625,4.375,10.9375,5.125],"tintindex":0,"rotation":0,"texture":"#0"}}}],"display":{"gui":{"rotation":[30,225,0]}}}