{"textures":{"0":"modelengine:entity/thegreatirongolem"},"elements":[{"from":[1.625,6.762497,-2.0],"to":[14.125,13.262497,20.0],"faces":{"east":{"uv":[10.34375,8.5625,11.71875,8.96875],"tintindex":0,"rotation":0,"texture":"#0"},"south":{"uv":[12.3125,2.8125,13.09375,3.21875],"tintindex":0,"rotation":0,"texture":"#0"},"north":{"uv":[12.3125,2.40625,13.09375,2.8125],"tintindex":0,"rotation":0,"texture":"#0"},"west":{"uv":[10.53125,0.0,11.90625,0.40625],"tintindex":0,"rotation":0,"texture":"#0"},"up":{"uv":[1.625,9.0,0.84375,7.625],"tintindex":0,"rotation":0,"texture":"#0"},"down":{"uv":[2.40625,7.625,1.625,9.0],"tintindex":0,"rotation":0,"texture":"#0"}}},{"from":[21.5,-0.5,-3.5],"to":[23.5,13.0,19.95],"faces":{"east":{"uv":[6.6875,0.0,8.15625,0.84375],"tintindex":0,"rotation":0,"texture":"#0"},"south":{"uv":[8.15625,13.1875,8.28125,14.03125],"tintindex":0,"rotation":0,"texture":"#0"},"north":{"uv":[8.03125,13.1875,8.15625,14.03125],"tintindex":0,"rotation":0,"texture":"#0"},"west":{"uv":[1.53125,6.78125,3.0,7.625],"tintindex":0,"rotation":0,"texture":"#0"},"up":{"uv":[8.59375,14.21875,8.46875,12.75],"tintindex":0,"rotation":0,"texture":"#0"},"down":{"uv":[2.1875,12.8125,2.0625,14.28125],"tintindex":0,"rotation":0,"texture":"#0"}}},{"from":[-5.5,3.5,-3.5],"to":[5.0,13.0,-2.0500002],"faces":{"east":{"uv":[9.53125,0.0,9.625,0.59375],"tintindex":0,"rotation":0,"texture":"#0"},"south":{"uv":[3.6875,11.75,4.34375,12.34375],"tintindex":0,"rotation":0,"texture":"#0"},"north":{"uv":[11.53125,11.6875,12.1875,12.28125],"tintindex":0,"rotation":0,"texture":"#0"},"west":{"uv":[5.125,9.5625,5.21875,10.15625],"tintindex":0,"rotation":0,"texture":"#0"},"up":{"uv":[13.9375,10.625,13.28125,10.53125],"tintindex":0,"rotation":0,"texture":"#0"},"down":{"uv":[13.96875,8.875,13.3125,8.96875],"tintindex":0,"rotation":0,"texture":"#0"}}},{"from":[11.0,3.5,18.5],"to":[21.5,13.0,19.95],"faces":{"east":{"uv":[1.78125,3.25,1.875,3.84375],"tintindex":0,"rotation":0,"texture":"#0"},"south":{"uv":[11.625,4.375,12.28125,4.96875],"tintindex":0,"rotation":0,"texture":"#0"},"north":{"uv":[11.59375,5.8125,12.25,6.40625],"tintindex":0,"rotation":0,"texture":"#0"},"west":{"uv":[1.78125,3.84375,1.875,4.4375],"tintindex":0,"rotation":0,"texture":"#0"},"up":{"uv":[13.9375,10.25,13.28125,10.15625],"tintindex":0,"rotation":0,"texture":"#0"},"down":{"uv":[13.9375,10.25,13.28125,10.34375],"tintindex":0,"rotation":0,"texture":"#0"}}},{"from":[-7.5,-0.5,-3.5],"to":[-5.5,13.0,19.95],"faces":{"east":{"uv":[3.0,6.78125,4.46875,7.625],"tintindex":0,"rotation":0,"texture":"#0"},"south":{"uv":[11.375,13.1875,11.5,14.03125],"tintindex":0,"rotation":0,"texture":"#0"},"north":{"uv":[8.28125,13.1875,8.40625,14.03125],"tintindex":0,"rotation":0,"texture":"#0"},"west":{"uv":[4.46875,6.875,5.9375,7.71875],"tintindex":0,"rotation":0,"texture":"#0"},"up":{"uv":[4.84375,14.375,4.71875,12.90625],"tintindex":0,"rotation":0,"texture":"#0"},"down":{"uv":[1.65625,12.96875,1.53125,14.4375],"tintindex":0,"rotation":0,"texture":"#0"}}},{"from":[1.125,5.262497,-2.0],"to":[14.625,10.762497,20.5],"faces":{"east":{"uv":[10.90625,2.5625,12.3125,2.90625],"tintindex":0,"rotation":0,"texture":"#0"},"south":{"uv":[12.375,0.40625,13.21875,0.75],"tintindex":0,"rotation":0,"texture":"#0"},"north":{"uv":[5.4375,2.0,6.28125,2.34375],"tintindex":0,"rotation":0,"texture":"#0"},"west":{"uv":[11.03125,7.75,12.4375,8.09375],"tintindex":0,"rotation":0,"texture":"#0"},"up":{"uv":[7.8125,8.5625,6.96875,7.15625],"tintindex":0,"rotation":0,"texture":"#0"},"down":{"uv":[0.84375,7.21875,0.0,8.625],"tintindex":0,"rotation":0,"texture":"#0"}}},{"from":[-5.5,3.5,18.5],"to":[5.0,13.0,19.95],"faces":{"east":{"uv":[5.21875,9.5625,5.3125,10.15625],"tintindex":0,"rotation":0,"texture":"#0"},"south":{"uv":[11.78125,7.0,12.4375,7.59375],"tintindex":0,"rotation":0,"texture":"#0"},"north":{"uv":[11.78125,6.40625,12.4375,7.0],"tintindex":0,"rotation":0,"texture":"#0"},"west":{"uv":[5.3125,9.5625,5.40625,10.15625],"tintindex":0,"rotation":0,"texture":"#0"},"up":{"uv":[13.96875,9.0625,13.3125,8.96875],"tintindex":0,"rotation":0,"texture":"#0"},"down":{"uv":[13.96875,9.0625,13.3125,9.15625],"tintindex":0,"rotation":0,"texture":"#0"}}},{"from":[11.0,3.5,-3.5],"to":[21.5,13.0,-2.0500002],"faces":{"east":{"uv":[2.4375,6.03125,2.53125,6.625],"tintindex":0,"rotation":0,"texture":"#0"},"south":{"uv":[6.21875,11.6875,6.875,12.28125],"tintindex":0,"rotation":0,"texture":"#0"},"north":{"uv":[11.65625,2.90625,12.3125,3.5],"tintindex":0,"rotation":0,"texture":"#0"},"west":{"uv":[8.84375,4.09375,8.9375,4.6875],"tintindex":0,"rotation":0,"texture":"#0"},"up":{"uv":[13.9375,10.4375,13.28125,10.34375],"tintindex":0,"rotation":0,"texture":"#0"},"down":{"uv":[13.9375,10.4375,13.28125,10.53125],"tintindex":0,"rotation":0,"texture":"#0"}}},{"from":[-4.0,6.5,-3.0],"to":[20.0,13.0,18.5],"faces":{"east":{"uv":[10.53125,0.40625,11.875,0.8125],"tintindex":0,"rotation":0,"texture":"#0"},"south":{"uv":[10.15625,3.21875,11.65625,3.625],"tintindex":0,"rotation":0,"texture":"#0"},"north":{"uv":[9.90625,1.0,11.40625,1.40625],"tintindex":0,"rotation":0,"texture":"#0"},"west":{"uv":[10.65625,1.40625,12.0,1.8125],"tintindex":0,"rotation":0,"texture":"#0"},"up":{"uv":[4.75,4.40625,3.25,3.0625],"tintindex":0,"rotation":0,"texture":"#0"},"down":{"uv":[5.0625,0.0,3.5625,1.34375],"tintindex":0,"rotation":0,"texture":"#0"}}}],"display":{"gui":{"rotation":[30,225,0]}}}