{"textures":{"0":"modelengine:entity/thegreatirongolem"},"elements":[{"from":[6.125,5.262501,12.0875],"to":[9.65,10.262501,14.625],"faces":{"east":{"uv":[9.625,0.0,9.78125,0.3125],"tintindex":0,"rotation":0,"texture":"#0"},"south":{"uv":[0.625,8.625,0.84375,8.9375],"tintindex":0,"rotation":0,"texture":"#0"},"north":{"uv":[7.65625,3.8125,7.875,4.125],"tintindex":0,"rotation":0,"texture":"#0"},"west":{"uv":[9.625,0.3125,9.78125,0.625],"tintindex":0,"rotation":0,"texture":"#0"},"up":{"uv":[4.09375,10.46875,3.875,10.3125],"tintindex":0,"rotation":0,"texture":"#0"},"down":{"uv":[6.09375,10.34375,5.875,10.5],"tintindex":0,"rotation":0,"texture":"#0"}}},{"from":[4.125,5.762501,3.5875],"to":[11.65,8.262501,13.625],"faces":{"east":{"uv":[0.875,13.25,1.5,13.40625],"tintindex":0,"rotation":0,"texture":"#0"},"south":{"uv":[13.28125,9.71875,13.75,9.875],"tintindex":0,"rotation":0,"texture":"#0"},"north":{"uv":[13.28125,9.5625,13.75,9.71875],"tintindex":0,"rotation":0,"texture":"#0"},"west":{"uv":[13.28125,9.40625,13.90625,9.5625],"tintindex":0,"rotation":0,"texture":"#0"},"up":{"uv":[9.5,13.21875,9.03125,12.59375],"tintindex":0,"rotation":0,"texture":"#0"},"down":{"uv":[9.96875,12.59375,9.5,13.21875],"tintindex":0,"rotation":0,"texture":"#0"}}},{"from":[4.625,-6.737499,4.0875],"to":[11.15,10.262501,13.125],"faces":{"east":{"uv":[2.0,10.3125,2.5625,11.375],"tintindex":0,"rotation":0,"texture":"#0"},"south":{"uv":[0.5625,11.5,0.96875,12.5625],"tintindex":0,"rotation":0,"texture":"#0"},"north":{"uv":[5.8125,11.375,6.21875,12.4375],"tintindex":0,"rotation":0,"texture":"#0"},"west":{"uv":[2.5625,10.3125,3.125,11.375],"tintindex":0,"rotation":0,"texture":"#0"},"up":{"uv":[12.71875,13.34375,12.3125,12.78125],"tintindex":0,"rotation":0,"texture":"#0"},"down":{"uv":[13.125,12.78125,12.71875,13.34375],"tintindex":0,"rotation":0,"texture":"#0"}}}],"display":{"gui":{"rotation":[30,225,0]}}}