{"textures":{"0":"modelengine:entity/thegreatirongolem"},"elements":[{"from":[3.8500004,-4.237501,2.5875],"to":[13.375,2.262497,14.625],"faces":{"east":{"uv":[1.65625,9.0,2.40625,9.40625],"tintindex":0,"rotation":0,"texture":"#0"},"south":{"uv":[12.6875,9.40625,13.28125,9.8125],"tintindex":0,"rotation":0,"texture":"#0"},"north":{"uv":[8.84375,7.6875,9.4375,8.09375],"tintindex":0,"rotation":0,"texture":"#0"},"west":{"uv":[12.375,0.0,13.125,0.40625],"tintindex":0,"rotation":0,"texture":"#0"},"up":{"uv":[10.75,12.0625,10.15625,11.3125],"tintindex":0,"rotation":0,"texture":"#0"},"down":{"uv":[11.9375,3.625,11.34375,4.375],"tintindex":0,"rotation":0,"texture":"#0"}}},{"from":[4.3500004,-6.737501,3.0875],"to":[12.875,0.26249695,14.125],"faces":{"east":{"uv":[12.4375,6.28125,13.125,6.71875],"tintindex":0,"rotation":0,"texture":"#0"},"south":{"uv":[7.9375,12.75,8.46875,13.1875],"tintindex":0,"rotation":0,"texture":"#0"},"north":{"uv":[12.6875,10.625,13.21875,11.0625],"tintindex":0,"rotation":0,"texture":"#0"},"west":{"uv":[12.4375,6.71875,13.125,7.15625],"tintindex":0,"rotation":0,"texture":"#0"},"up":{"uv":[9.4375,10.25,8.90625,9.5625],"tintindex":0,"rotation":0,"texture":"#0"},"down":{"uv":[0.53125,11.9375,0.0,12.625],"tintindex":0,"rotation":0,"texture":"#0"}}},{"from":[4.3500004,-14.237501,3.0875],"to":[12.875,-9.237501,14.125],"faces":{"east":{"uv":[10.90625,2.90625,11.59375,3.21875],"tintindex":0,"rotation":0,"texture":"#0"},"south":{"uv":[13.09375,2.625,13.625,2.9375],"tintindex":0,"rotation":0,"texture":"#0"},"north":{"uv":[13.09375,2.3125,13.625,2.625],"tintindex":0,"rotation":0,"texture":"#0"},"west":{"uv":[12.84375,4.34375,13.53125,4.65625],"tintindex":0,"rotation":0,"texture":"#0"},"up":{"uv":[2.1875,12.8125,1.65625,12.125],"tintindex":0,"rotation":0,"texture":"#0"},"down":{"uv":[7.40625,12.15625,6.875,12.84375],"tintindex":0,"rotation":0,"texture":"#0"}}},{"from":[4.8500004,-11.737501,3.5875],"to":[12.375,11.262497,13.625],"faces":{"east":{"uv":[0.0,8.625,0.625,10.0625],"tintindex":0,"rotation":0,"texture":"#0"},"south":{"uv":[9.5625,3.65625,10.03125,5.09375],"tintindex":0,"rotation":0,"texture":"#0"},"north":{"uv":[6.9375,9.5,7.40625,10.9375],"tintindex":0,"rotation":0,"texture":"#0"},"west":{"uv":[8.8125,8.125,9.4375,9.5625],"tintindex":0,"rotation":0,"texture":"#0"},"up":{"uv":[10.90625,13.0625,10.4375,12.4375],"tintindex":0,"rotation":0,"texture":"#0"},"down":{"uv":[11.375,12.4375,10.90625,13.0625],"tintindex":0,"rotation":0,"texture":"#0"}}}],"display":{"gui":{"rotation":[30,225,0]}}}