{"textures":{"0":"modelengine:entity/thegreatirongolem"},"elements":[{"from":[-1.0,15.333334,0.33333302],"to":[17.0,26.0,16.666668],"faces":{"east":{"uv":[0.0,6.21875,1.53125,7.21875],"tintindex":0,"rotation":0,"texture":"#0"},"south":{"uv":[4.75,3.34375,6.4375,4.34375],"tintindex":0,"rotation":0,"texture":"#0"},"north":{"uv":[4.75,2.34375,6.4375,3.34375],"tintindex":0,"rotation":0,"texture":"#0"},"west":{"uv":[6.34375,4.34375,7.875,5.34375],"tintindex":0,"rotation":0,"texture":"#0"},"up":{"uv":[3.5625,1.53125,1.875,0.0],"tintindex":0,"rotation":0,"texture":"#0"},"down":{"uv":[3.5625,1.53125,1.875,3.0625],"tintindex":0,"rotation":0,"texture":"#0"}}},{"from":[1.4666662,4.333333,1.0],"to":[14.466667,16.666668,15.666667],"faces":{"east":{"uv":[3.75,5.40625,5.125,6.5625],"tintindex":0,"rotation":0,"texture":"#0"},"south":{"uv":[6.4375,3.15625,7.65625,4.3125],"tintindex":0,"rotation":0,"texture":"#0"},"north":{"uv":[6.4375,2.0,7.65625,3.15625],"tintindex":0,"rotation":0,"texture":"#0"},"west":{"uv":[5.125,5.71875,6.5,6.875],"tintindex":0,"rotation":0,"texture":"#0"},"up":{"uv":[6.34375,5.71875,5.125,4.34375],"tintindex":0,"rotation":0,"texture":"#0"},"down":{"uv":[3.75,5.40625,2.53125,6.78125],"tintindex":0,"rotation":0,"texture":"#0"}}},{"from":[5.0,25.333334,5.0],"to":[11.333334,27.333334,11.333334],"faces":{"east":{"uv":[13.1875,0.75,13.78125,0.9375],"tintindex":0,"rotation":0,"texture":"#0"},"south":{"uv":[13.1875,0.9375,13.78125,1.125],"tintindex":0,"rotation":0,"texture":"#0"},"north":{"uv":[10.9375,5.125,11.53125,5.3125],"tintindex":0,"rotation":0,"texture":"#0"},"west":{"uv":[13.1875,11.78125,13.78125,11.96875],"tintindex":0,"rotation":0,"texture":"#0"},"up":{"uv":[12.78125,12.375,12.1875,11.78125],"tintindex":0,"rotation":0,"texture":"#0"},"down":{"uv":[12.8125,1.8125,12.21875,2.40625],"tintindex":0,"rotation":0,"texture":"#0"}}},{"from":[0.46666622,10.0,0.6666665],"to":[15.133333,16.666668,16.666668],"faces":{"east":{"uv":[7.96875,5.8125,9.46875,6.4375],"tintindex":0,"rotation":0,"texture":"#0"},"south":{"uv":[8.84375,7.0625,10.21875,7.6875],"tintindex":0,"rotation":0,"texture":"#0"},"north":{"uv":[8.15625,0.0,9.53125,0.625],"tintindex":0,"rotation":0,"texture":"#0"},"west":{"uv":[7.96875,6.4375,9.46875,7.0625],"tintindex":0,"rotation":0,"texture":"#0"},"up":{"uv":[3.25,4.5625,1.875,3.0625],"tintindex":0,"rotation":0,"texture":"#0"},"down":{"uv":[1.375,3.25,0.0,4.75],"tintindex":0,"rotation":0,"texture":"#0"}}},{"from":[-2.0,12.0,-0.33333397],"to":[18.0,22.666668,17.0],"faces":{"east":{"uv":[5.0625,0.0,6.6875,1.0],"tintindex":0,"rotation":0,"texture":"#0"},"south":{"uv":[3.25,4.40625,5.125,5.40625],"tintindex":0,"rotation":0,"texture":"#0"},"north":{"uv":[3.5625,1.34375,5.4375,2.34375],"tintindex":0,"rotation":0,"texture":"#0"},"west":{"uv":[5.4375,1.0,7.0625,2.0],"tintindex":0,"rotation":0,"texture":"#0"},"up":{"uv":[1.875,1.625,0.0,0.0],"tintindex":0,"rotation":0,"texture":"#0"},"down":{"uv":[1.875,1.625,0.0,3.25],"tintindex":0,"rotation":0,"texture":"#0"}}},{"from":[-7.0,23.0,4.333333],"to":[2.6666665,27.0,11.666667],"faces":{"east":{"uv":[0.84375,7.21875,1.53125,7.59375],"tintindex":0,"rotation":0,"texture":"#0"},"south":{"uv":[12.28125,0.78125,13.1875,1.15625],"tintindex":0,"rotation":0,"texture":"#0"},"north":{"uv":[12.25,5.90625,13.15625,6.28125],"tintindex":0,"rotation":0,"texture":"#0"},"west":{"uv":[12.375,8.5,13.0625,8.875],"tintindex":0,"rotation":0,"texture":"#0"},"up":{"uv":[4.46875,3.03125,3.5625,2.34375],"tintindex":0,"rotation":0,"texture":"#0"},"down":{"uv":[10.9375,4.65625,10.03125,5.34375],"tintindex":0,"rotation":0,"texture":"#0"}}},{"from":[4.6666665,24.0,4.6666665],"to":[11.666667,27.0,11.666667],"faces":{"east":{"uv":[5.59375,13.0625,6.25,13.34375],"tintindex":0,"rotation":0,"texture":"#0"},"south":{"uv":[13.0625,8.5,13.71875,8.78125],"tintindex":0,"rotation":0,"texture":"#0"},"north":{"uv":[0.875,12.96875,1.53125,13.25],"tintindex":0,"rotation":0,"texture":"#0"},"west":{"uv":[10.3125,13.0625,10.96875,13.34375],"tintindex":0,"rotation":0,"texture":"#0"},"up":{"uv":[12.09375,9.625,11.4375,8.96875],"tintindex":0,"rotation":0,"texture":"#0"},"down":{"uv":[7.84375,11.5,7.1875,12.15625],"tintindex":0,"rotation":0,"texture":"#0"}}},{"from":[16.0,15.333334,1.6666665],"to":[27.0,25.0,14.0],"faces":{"east":{"uv":[2.40625,7.625,3.5625,8.53125],"tintindex":0,"rotation":0,"texture":"#0"},"south":{"uv":[2.40625,8.53125,3.4375,9.4375],"tintindex":0,"rotation":0,"texture":"#0"},"north":{"uv":[5.75,8.3125,6.78125,9.21875],"tintindex":0,"rotation":0,"texture":"#0"},"west":{"uv":[7.65625,2.0,8.8125,2.90625],"tintindex":0,"rotation":0,"texture":"#0"},"up":{"uv":[8.09375,2.0,7.0625,0.84375],"tintindex":0,"rotation":0,"texture":"#0"},"down":{"uv":[6.96875,7.15625,5.9375,8.3125],"tintindex":0,"rotation":0,"texture":"#0"}}},{"from":[14.666667,18.0,3.333333],"to":[25.666668,28.333334,12.0],"faces":{"east":{"uv":[9.09375,0.625,9.90625,1.59375],"tintindex":0,"rotation":0,"texture":"#0"},"south":{"uv":[7.8125,7.15625,8.84375,8.125],"tintindex":0,"rotation":0,"texture":"#0"},"north":{"uv":[4.71875,7.71875,5.75,8.6875],"tintindex":0,"rotation":0,"texture":"#0"},"west":{"uv":[5.4375,9.21875,6.25,10.1875],"tintindex":0,"rotation":0,"texture":"#0"},"up":{"uv":[1.65625,9.8125,0.625,9.0],"tintindex":0,"rotation":0,"texture":"#0"},"down":{"uv":[8.78125,9.0625,7.75,9.875],"tintindex":0,"rotation":0,"texture":"#0"}}},{"from":[16.0,13.0,0.0],"to":[28.333334,22.666668,15.666667],"faces":{"east":{"uv":[6.5,5.34375,7.96875,6.25],"tintindex":0,"rotation":0,"texture":"#0"},"south":{"uv":[3.5625,7.71875,4.71875,8.625],"tintindex":0,"rotation":0,"texture":"#0"},"north":{"uv":[7.65625,2.90625,8.8125,3.8125],"tintindex":0,"rotation":0,"texture":"#0"},"west":{"uv":[6.5,6.25,7.96875,7.15625],"tintindex":0,"rotation":0,"texture":"#0"},"up":{"uv":[2.53125,6.03125,1.375,4.5625],"tintindex":0,"rotation":0,"texture":"#0"},"down":{"uv":[1.15625,4.75,0.0,6.21875],"tintindex":0,"rotation":0,"texture":"#0"}}},{"from":[16.0,16.666668,2.6666665],"to":[26.333334,26.666668,13.333334],"faces":{"east":{"uv":[8.09375,0.84375,9.09375,1.78125],"tintindex":0,"rotation":0,"texture":"#0"},"south":{"uv":[3.4375,8.625,4.40625,9.5625],"tintindex":0,"rotation":0,"texture":"#0"},"north":{"uv":[6.78125,8.5625,7.75,9.5],"tintindex":0,"rotation":0,"texture":"#0"},"west":{"uv":[7.8125,8.125,8.8125,9.0625],"tintindex":0,"rotation":0,"texture":"#0"},"up":{"uv":[8.84375,4.8125,7.875,3.8125],"tintindex":0,"rotation":0,"texture":"#0"},"down":{"uv":[8.9375,4.8125,7.96875,5.8125],"tintindex":0,"rotation":0,"texture":"#0"}}}],"display":{"gui":{"rotation":[30,225,0]}}}