{"textures":{"0":"modelengine:entity/nocsy_drakonin_baby5"},"elements":[{"from":[5.5,1.8021894,4.896348],"to":[10.5,6.80219,11.896348],"faces":{"east":{"uv":[2.5,5.0,3.375,5.625],"tintindex":0,"rotation":0,"texture":"#0"},"south":{"uv":[3.25,5.75,3.875,6.375],"tintindex":0,"rotation":0,"texture":"#0"},"north":{"uv":[2.5,5.75,3.125,6.375],"tintindex":0,"rotation":0,"texture":"#0"},"west":{"uv":[3.5,5.0,4.375,5.625],"tintindex":0,"rotation":0,"texture":"#0"},"up":{"uv":[5.125,5.875,4.5,5.0],"tintindex":0,"rotation":0,"texture":"#0"},"down":{"uv":[5.875,5.0,5.25,5.875],"tintindex":0,"rotation":0,"texture":"#0"}}},{"from":[5.49,2.9795635,3.5546162],"to":[10.51,7.999563,8.574616],"faces":{"east":{"uv":[5.5,0.75,6.125,1.375],"tintindex":0,"rotation":0,"texture":"#0"},"south":{"uv":[5.5,1.5,6.125,2.125],"tintindex":0,"rotation":0,"texture":"#0"},"north":{"uv":[5.5,0.0,6.125,0.625],"tintindex":0,"rotation":0,"texture":"#0"},"west":{"uv":[5.5,2.25,6.125,2.875],"tintindex":0,"rotation":0,"texture":"#0"},"up":{"uv":[6.125,3.625,5.5,3.0],"tintindex":0,"rotation":0,"texture":"#0"},"down":{"uv":[6.125,3.75,5.5,4.375],"tintindex":0,"rotation":0,"texture":"#0"}},"rotation":{"origin":[8.0,4.4895635,7.9646163],"angle":-22.5,"axis":"x"}},{"from":[6.0,-0.06681728,10.3214445],"to":[10.0,4.9331822,13.3214445],"faces":{"east":{"uv":[4.375,6.75,4.75,7.375],"tintindex":0,"rotation":0,"texture":"#0"},"south":{"uv":[6.25,1.5,6.75,2.125],"tintindex":0,"rotation":0,"texture":"#0"},"north":{"uv":[6.25,0.75,6.75,1.375],"tintindex":0,"rotation":0,"texture":"#0"},"west":{"uv":[4.875,6.75,5.25,7.375],"tintindex":0,"rotation":0,"texture":"#0"},"up":{"uv":[5.875,7.125,5.375,6.75],"tintindex":0,"rotation":0,"texture":"#0"},"down":{"uv":[7.5,0.0,7.0,0.375],"tintindex":0,"rotation":0,"texture":"#0"}},"rotation":{"origin":[7.16,1.9451518,15.360008],"angle":22.5,"axis":"x"}}],"display":{"gui":{"rotation":[30,225,0]}}}