{"textures":{"0":"modelengine:entity/nocsy_drakonin_baby5"},"elements":[{"from":[5.6245003,10.246701,5.6570053],"to":[10.6245,14.246701,5.6570053],"faces":{"south":{"uv":[0.0,11.875,0.625,12.375],"tintindex":0,"rotation":0,"texture":"#0"},"north":{"uv":[0.625,11.875,0.0,12.375],"tintindex":0,"rotation":0,"texture":"#0"}},"rotation":{"origin":[9.425,12.5717,6.107006],"angle":22.5,"axis":"x"}},{"from":[5.8255,10.0467005,4.9070053],"to":[6.1254997,10.346701,4.9070053],"faces":{"south":{"uv":[2.0,8.25,2.125,8.375],"tintindex":0,"rotation":0,"texture":"#0"},"north":{"uv":[7.875,6.875,8.0,7.0],"tintindex":0,"rotation":0,"texture":"#0"}}},{"from":[5.4265003,8.071701,4.9570055],"to":[5.4265003,11.871701,5.9570055],"faces":{"east":{"uv":[2.125,10.75,2.25,11.25],"tintindex":0,"rotation":0,"texture":"#0"},"west":{"uv":[2.375,10.75,2.5,11.25],"tintindex":0,"rotation":0,"texture":"#0"}}},{"from":[5.7255,8.471701,4.932006],"to":[7.7255,10.471701,4.932006],"faces":{"south":{"uv":[3.75,10.75,4.0,11.0],"tintindex":0,"rotation":0,"texture":"#0"},"north":{"uv":[3.0,10.75,3.25,11.0],"tintindex":0,"rotation":0,"texture":"#0"}}},{"from":[10.5735,8.1717005,4.9570055],"to":[10.5735,11.971702,5.9570055],"faces":{"east":{"uv":[4.875,10.75,5.0,11.25],"tintindex":0,"rotation":0,"texture":"#0"},"west":{"uv":[8.5,10.75,8.625,11.25],"tintindex":0,"rotation":0,"texture":"#0"}}},{"from":[8.6255,10.246701,5.6570053],"to":[8.6255,14.246701,10.657005],"faces":{"east":{"uv":[0.0,11.875,0.625,12.375],"tintindex":0,"rotation":0,"texture":"#0"},"west":{"uv":[0.625,11.875,0.0,12.375],"tintindex":0,"rotation":0,"texture":"#0"}},"rotation":{"origin":[9.425,12.5717,6.107006],"angle":22.5,"axis":"x"}},{"from":[5.4255,8.071701,4.9570055],"to":[7.8255,11.871701,4.9570055],"faces":{"south":{"uv":[0.375,7.625,0.0,8.125],"tintindex":0,"rotation":0,"texture":"#0"},"north":{"uv":[0.0,7.625,0.375,8.125],"tintindex":0,"rotation":0,"texture":"#0"}}},{"from":[5.5,7.3717012,5.1860056],"to":[10.5,12.371701,10.186006],"faces":{"east":{"uv":[6.0,4.5,6.625,5.125],"tintindex":0,"rotation":0,"texture":"#0"},"south":{"uv":[4.75,6.0,5.375,6.625],"tintindex":0,"rotation":0,"texture":"#0"},"north":{"uv":[4.0,6.0,4.625,6.625],"tintindex":0,"rotation":0,"texture":"#0"},"west":{"uv":[6.0,5.25,6.625,5.875],"tintindex":0,"rotation":0,"texture":"#0"},"up":{"uv":[6.125,6.625,5.5,6.0],"tintindex":0,"rotation":0,"texture":"#0"},"down":{"uv":[6.875,0.0,6.25,0.625],"tintindex":0,"rotation":0,"texture":"#0"}}},{"from":[5.3754997,10.246701,5.6570053],"to":[10.3755,14.246701,5.6570053],"faces":{"south":{"uv":[0.625,11.875,0.0,12.375],"tintindex":0,"rotation":0,"texture":"#0"},"north":{"uv":[0.0,11.875,0.625,12.375],"tintindex":0,"rotation":0,"texture":"#0"}},"rotation":{"origin":[6.575,12.5717,6.107006],"angle":22.5,"axis":"x"}},{"from":[7.3745,10.246701,5.6570053],"to":[7.3745,14.246701,10.657005],"faces":{"east":{"uv":[0.0,11.875,0.625,12.375],"tintindex":0,"rotation":0,"texture":"#0"},"west":{"uv":[0.625,11.875,0.0,12.375],"tintindex":0,"rotation":0,"texture":"#0"}},"rotation":{"origin":[6.575,12.5717,6.107006],"angle":22.5,"axis":"x"}},{"from":[6.4,8.0363245,2.7790236],"to":[9.6,10.236325,5.9790235],"faces":{"east":{"uv":[2.125,9.625,2.5,9.875],"tintindex":0,"rotation":0,"texture":"#0"},"south":{"uv":[3.375,9.625,3.75,9.875],"tintindex":0,"rotation":0,"texture":"#0"},"north":{"uv":[1.625,9.625,2.0,9.875],"tintindex":0,"rotation":0,"texture":"#0"},"west":{"uv":[9.625,4.625,10.0,4.875],"tintindex":0,"rotation":0,"texture":"#0"},"up":{"uv":[1.875,8.625,1.5,8.25],"tintindex":0,"rotation":0,"texture":"#0"},"down":{"uv":[8.625,5.125,8.25,5.5],"tintindex":0,"rotation":0,"texture":"#0"}}},{"from":[10.6255,10.246701,5.6570053],"to":[10.6255,14.246701,10.657005],"faces":{"east":{"uv":[0.0,11.875,0.625,12.375],"tintindex":0,"rotation":0,"texture":"#0"},"west":{"uv":[0.625,11.875,0.0,12.375],"tintindex":0,"rotation":0,"texture":"#0"}},"rotation":{"origin":[9.425,12.5717,6.107006],"angle":22.5,"axis":"x"}},{"from":[8.2745,8.471701,4.932006],"to":[10.2745,10.471701,4.932006],"faces":{"south":{"uv":[4.5,10.75,4.75,11.0],"tintindex":0,"rotation":0,"texture":"#0"},"north":{"uv":[4.125,10.75,4.375,11.0],"tintindex":0,"rotation":0,"texture":"#0"}}},{"from":[9.4745,10.0467005,4.9070053],"to":[9.7745,10.346701,4.9070053],"faces":{"south":{"uv":[9.625,6.5,9.75,6.625],"tintindex":0,"rotation":0,"texture":"#0"},"north":{"uv":[8.5,9.5,8.625,9.625],"tintindex":0,"rotation":0,"texture":"#0"}}},{"from":[5.3745,10.246701,5.6570053],"to":[5.3745,14.246701,10.657005],"faces":{"east":{"uv":[0.0,11.875,0.625,12.375],"tintindex":0,"rotation":0,"texture":"#0"},"west":{"uv":[0.625,11.875,0.0,12.375],"tintindex":0,"rotation":0,"texture":"#0"}},"rotation":{"origin":[6.575,12.5717,6.107006],"angle":22.5,"axis":"x"}},{"from":[8.1745,8.071701,4.9570055],"to":[10.5745,11.871701,4.9570055],"faces":{"south":{"uv":[0.0,7.625,0.375,8.125],"tintindex":0,"rotation":0,"texture":"#0"},"north":{"uv":[0.375,7.625,0.0,8.125],"tintindex":0,"rotation":0,"texture":"#0"}}}],"display":{"gui":{"rotation":[30,225,0]}}}