{"textures":{"0":"modelengine:entity/nocsy_drakonin_baby5"},"elements":[{"from":[6.603875,7.2045836,6.0675945],"to":[6.603875,9.204584,9.067595],"faces":{"east":{"uv":[2.0,10.375,1.625,10.625],"tintindex":0,"rotation":0,"texture":"#0"},"west":{"uv":[1.625,10.375,2.0,10.625],"tintindex":0,"rotation":0,"texture":"#0"}}},{"from":[6.603875,7.2045836,6.0675945],"to":[9.603875,9.204584,6.0675945],"faces":{"south":{"uv":[9.625,10.25,9.25,10.5],"tintindex":0,"rotation":0,"texture":"#0"},"north":{"uv":[9.25,10.25,9.625,10.5],"tintindex":0,"rotation":0,"texture":"#0"}}},{"from":[6.603875,5.2045836,6.0675945],"to":[9.603875,7.2045836,9.067595],"faces":{"east":{"uv":[10.25,0.375,10.625,0.625],"tintindex":0,"rotation":0,"texture":"#0"},"south":{"uv":[5.75,10.25,6.125,10.5],"tintindex":0,"rotation":0,"texture":"#0"},"north":{"uv":[10.125,6.125,10.5,6.375],"tintindex":0,"rotation":0,"texture":"#0"},"west":{"uv":[7.0,10.25,7.375,10.5],"tintindex":0,"rotation":0,"texture":"#0"},"up":{"uv":[2.375,8.875,2.0,8.5],"tintindex":0,"rotation":0,"texture":"#0"},"down":{"uv":[2.875,8.5,2.5,8.875],"tintindex":0,"rotation":0,"texture":"#0"}}},{"from":[9.603875,7.2045836,6.0675945],"to":[9.603875,9.204584,9.067595],"faces":{"east":{"uv":[10.375,1.875,10.75,2.125],"tintindex":0,"rotation":0,"texture":"#0"},"west":{"uv":[10.75,1.875,10.375,2.125],"tintindex":0,"rotation":0,"texture":"#0"}}},{"from":[6.603875,7.2045836,9.067595],"to":[9.603875,9.204584,9.067595],"faces":{"south":{"uv":[8.0,10.25,8.375,10.5],"tintindex":0,"rotation":0,"texture":"#0"},"north":{"uv":[8.375,10.25,8.0,10.5],"tintindex":0,"rotation":0,"texture":"#0"}}},{"from":[6.6138754,5.421691,5.5775948],"to":[9.593875,6.4016905,6.5575943],"faces":{"east":{"uv":[11.125,10.25,11.25,10.375],"tintindex":0,"rotation":0,"texture":"#0"},"south":{"uv":[11.0,11.0,11.375,11.125],"tintindex":0,"rotation":0,"texture":"#0"},"north":{"uv":[11.0,10.75,11.375,10.875],"tintindex":0,"rotation":0,"texture":"#0"},"west":{"uv":[0.875,11.25,1.0,11.375],"tintindex":0,"rotation":0,"texture":"#0"},"up":{"uv":[11.5,0.5,11.125,0.375],"tintindex":0,"rotation":0,"texture":"#0"},"down":{"uv":[4.125,11.125,3.75,11.25],"tintindex":0,"rotation":0,"texture":"#0"}},"rotation":{"origin":[8.103875,5.9116907,6.0675945],"angle":45.0,"axis":"x"}}],"display":{"gui":{"rotation":[30,225,0]}}}