{"textures":{"0":"modelengine:entity/nocsy_drakonin_baby5"},"elements":[{"from":[0.94554806,7.934434,5.9143143],"to":[6.945548,8.034433,24.914314],"faces":{"east":{"uv":[6.25,3.25,8.625,3.375],"tintindex":0,"rotation":0,"texture":"#0"},"south":{"uv":[7.625,9.5,8.375,9.625],"tintindex":0,"rotation":0,"texture":"#0"},"north":{"uv":[9.5,7.5,10.25,7.625],"tintindex":0,"rotation":0,"texture":"#0"},"west":{"uv":[6.25,3.5,8.625,3.625],"tintindex":0,"rotation":0,"texture":"#0"},"up":{"uv":[5.375,2.375,4.625,0.0],"tintindex":0,"rotation":0,"texture":"#0"},"down":{"uv":[5.375,2.5,4.625,4.875],"tintindex":0,"rotation":0,"texture":"#0"}}},{"from":[6.0322175,7.034434,6.84],"to":[9.032217,9.034433,8.84],"faces":{"east":{"uv":[10.625,4.5,10.875,4.75],"tintindex":0,"rotation":0,"texture":"#0"},"south":{"uv":[5.75,9.5,6.125,9.75],"tintindex":0,"rotation":0,"texture":"#0"},"north":{"uv":[9.5,4.25,9.875,4.5],"tintindex":0,"rotation":0,"texture":"#0"},"west":{"uv":[5.75,10.625,6.0,10.875],"tintindex":0,"rotation":0,"texture":"#0"},"up":{"uv":[9.875,7.0,9.5,6.75],"tintindex":0,"rotation":0,"texture":"#0"},"down":{"uv":[9.875,7.125,9.5,7.375],"tintindex":0,"rotation":0,"texture":"#0"}}},{"from":[3.4322178,7.2344337,7.04],"to":[7.032218,8.834434,8.64],"faces":{"east":{"uv":[10.625,6.0,10.875,6.25],"tintindex":0,"rotation":0,"texture":"#0"},"south":{"uv":[6.625,8.625,7.125,8.875],"tintindex":0,"rotation":0,"texture":"#0"},"north":{"uv":[8.625,6.375,9.125,6.625],"tintindex":0,"rotation":0,"texture":"#0"},"west":{"uv":[7.0,10.625,7.25,10.875],"tintindex":0,"rotation":0,"texture":"#0"},"up":{"uv":[0.5,9.0,0.0,8.75],"tintindex":0,"rotation":0,"texture":"#0"},"down":{"uv":[1.125,8.75,0.625,9.0],"tintindex":0,"rotation":0,"texture":"#0"}}},{"from":[-0.06488995,7.244434,6.0115223],"to":[4.515111,8.824433,7.591522],"faces":{"east":{"uv":[7.375,10.625,7.625,10.875],"tintindex":0,"rotation":0,"texture":"#0"},"south":{"uv":[7.875,6.5,8.5,6.75],"tintindex":0,"rotation":0,"texture":"#0"},"north":{"uv":[7.875,6.125,8.5,6.375],"tintindex":0,"rotation":0,"texture":"#0"},"west":{"uv":[7.75,10.625,8.0,10.875],"tintindex":0,"rotation":0,"texture":"#0"},"up":{"uv":[8.75,0.25,8.125,0.0],"tintindex":0,"rotation":0,"texture":"#0"},"down":{"uv":[2.875,8.125,2.25,8.375],"tintindex":0,"rotation":0,"texture":"#0"}},"rotation":{"origin":[2.725111,8.034433,6.8015223],"angle":-45.0,"axis":"y"}}],"display":{"gui":{"rotation":[30,225,0]}}}