{"textures":{"0":"modelengine:entity/nocsy_drakonin_baby5"},"elements":[{"from":[7.42,5.0249443,6.46084],"to":[9.42,9.024944,8.46084],"faces":{"east":{"uv":[9.25,5.5,9.5,6.0],"tintindex":0,"rotation":0,"texture":"#0"},"south":{"uv":[9.25,6.125,9.5,6.625],"tintindex":0,"rotation":0,"texture":"#0"},"north":{"uv":[9.125,8.0,9.375,8.5],"tintindex":0,"rotation":0,"texture":"#0"},"west":{"uv":[7.25,9.25,7.5,9.75],"tintindex":0,"rotation":0,"texture":"#0"},"up":{"uv":[11.25,3.625,11.0,3.375],"tintindex":0,"rotation":0,"texture":"#0"},"down":{"uv":[11.25,4.5,11.0,4.75],"tintindex":0,"rotation":0,"texture":"#0"}},"rotation":{"origin":[7.71,8.388945,7.2728405],"angle":22.5,"axis":"x"}}],"display":{"gui":{"rotation":[30,225,0]}}}