{"textures":{"0":"modelengine:entity/nocsy_drakonin_baby5"},"elements":[{"from":[6.01,7.0011015,4.1899843],"to":[9.99,7.981101,7.169984],"faces":{"east":{"uv":[4.0,5.75,4.375,5.875],"tintindex":0,"rotation":0,"texture":"#0"},"south":{"uv":[10.875,9.0,11.375,9.125],"tintindex":0,"rotation":0,"texture":"#0"},"north":{"uv":[10.875,8.375,11.375,8.5],"tintindex":0,"rotation":0,"texture":"#0"},"west":{"uv":[6.25,4.25,6.625,4.375],"tintindex":0,"rotation":0,"texture":"#0"},"up":{"uv":[5.625,8.0,5.125,7.625],"tintindex":0,"rotation":0,"texture":"#0"},"down":{"uv":[8.25,4.625,7.75,5.0],"tintindex":0,"rotation":0,"texture":"#0"}},"rotation":{"origin":[8.0,7.5034275,6.039101],"angle":-22.5,"axis":"x"}},{"from":[9.599999,6.674875,6.4735093],"to":[10.8,8.874875,9.67351],"faces":{"east":{"uv":[9.625,6.125,10.0,6.375],"tintindex":0,"rotation":0,"texture":"#0"},"south":{"uv":[0.625,11.25,0.75,11.5],"tintindex":0,"rotation":0,"texture":"#0"},"north":{"uv":[3.0,11.125,3.125,11.375],"tintindex":0,"rotation":0,"texture":"#0"},"west":{"uv":[9.75,0.375,10.125,0.625],"tintindex":0,"rotation":0,"texture":"#0"},"up":{"uv":[7.125,9.75,7.0,9.375],"tintindex":0,"rotation":0,"texture":"#0"},"down":{"uv":[8.875,10.75,8.75,11.125],"tintindex":0,"rotation":0,"texture":"#0"}},"rotation":{"origin":[10.0,7.6839705,7.965174],"angle":22.5,"axis":"x"}},{"from":[6.0,8.242526,4.1348763],"to":[10.0,10.242526,4.1348763],"faces":{"south":{"uv":[9.625,0.375,9.125,0.625],"tintindex":0,"rotation":0,"texture":"#0"},"north":{"uv":[9.125,0.375,9.625,0.625],"tintindex":0,"rotation":0,"texture":"#0"}}},{"from":[10.0,8.242526,4.1348763],"to":[10.0,10.242526,8.134876],"faces":{"east":{"uv":[8.75,9.0,9.25,9.25],"tintindex":0,"rotation":0,"texture":"#0"},"west":{"uv":[9.25,9.0,8.75,9.25],"tintindex":0,"rotation":0,"texture":"#0"}}},{"from":[5.2000003,6.674875,6.4735093],"to":[6.4,8.874875,9.67351],"faces":{"east":{"uv":[9.625,5.375,10.0,5.625],"tintindex":0,"rotation":0,"texture":"#0"},"south":{"uv":[0.375,11.125,0.5,11.375],"tintindex":0,"rotation":0,"texture":"#0"},"north":{"uv":[6.25,11.0,6.375,11.25],"tintindex":0,"rotation":0,"texture":"#0"},"west":{"uv":[9.625,5.75,10.0,6.0],"tintindex":0,"rotation":0,"texture":"#0"},"up":{"uv":[6.125,7.125,6.0,6.75],"tintindex":0,"rotation":0,"texture":"#0"},"down":{"uv":[1.75,9.125,1.625,9.5],"tintindex":0,"rotation":0,"texture":"#0"}},"rotation":{"origin":[6.0,7.6839705,7.965174],"angle":22.5,"axis":"x"}},{"from":[6.0,7.242526,4.1348763],"to":[10.0,8.242526,8.134876],"faces":{"east":{"uv":[10.875,7.625,11.375,7.75],"tintindex":0,"rotation":0,"texture":"#0"},"south":{"uv":[10.875,7.875,11.375,8.0],"tintindex":0,"rotation":0,"texture":"#0"},"north":{"uv":[10.875,6.75,11.375,6.875],"tintindex":0,"rotation":0,"texture":"#0"},"west":{"uv":[10.875,8.125,11.375,8.25],"tintindex":0,"rotation":0,"texture":"#0"},"up":{"uv":[2.375,6.875,1.875,6.375],"tintindex":0,"rotation":0,"texture":"#0"},"down":{"uv":[3.0,6.5,2.5,7.0],"tintindex":0,"rotation":0,"texture":"#0"}}},{"from":[6.0,8.242526,4.1348763],"to":[6.0,10.242526,8.134876],"faces":{"east":{"uv":[7.125,9.0,6.625,9.25],"tintindex":0,"rotation":0,"texture":"#0"},"west":{"uv":[6.625,9.0,7.125,9.25],"tintindex":0,"rotation":0,"texture":"#0"}}}],"display":{"gui":{"rotation":[30,225,0]}}}