{"textures":{"0":"modelengine:entity/nocsy_drakonin_baby5"},"elements":[{"from":[6.4,7.9645705,7.190993],"to":[9.6,12.224571,11.870994],"faces":{"east":{"uv":[6.25,6.0,6.75,6.5],"tintindex":0,"rotation":0,"texture":"#0"},"south":{"uv":[3.625,7.375,4.0,7.875],"tintindex":0,"rotation":0,"texture":"#0"},"north":{"uv":[6.25,7.25,6.625,7.75],"tintindex":0,"rotation":0,"texture":"#0"},"west":{"uv":[0.0,6.375,0.5,6.875],"tintindex":0,"rotation":0,"texture":"#0"},"up":{"uv":[3.0,8.0,2.625,7.5],"tintindex":0,"rotation":0,"texture":"#0"},"down":{"uv":[3.5,7.5,3.125,8.0],"tintindex":0,"rotation":0,"texture":"#0"}}},{"from":[6.51,10.685354,7.098831],"to":[9.49,14.665354,11.078831],"faces":{"east":{"uv":[0.625,6.375,1.125,6.875],"tintindex":0,"rotation":0,"texture":"#0"},"south":{"uv":[4.625,7.5,5.0,8.0],"tintindex":0,"rotation":0,"texture":"#0"},"north":{"uv":[4.125,7.5,4.5,8.0],"tintindex":0,"rotation":0,"texture":"#0"},"west":{"uv":[1.25,6.375,1.75,6.875],"tintindex":0,"rotation":0,"texture":"#0"},"up":{"uv":[7.125,8.0,6.75,7.5],"tintindex":0,"rotation":0,"texture":"#0"},"down":{"uv":[7.625,7.5,7.25,8.0],"tintindex":0,"rotation":0,"texture":"#0"}},"rotation":{"origin":[8.2442,12.937626,9.381488],"angle":-22.5,"axis":"x"}}],"display":{"gui":{"rotation":[30,225,0]}}}