{"textures":{"0":"modelengine:entity/nocsy_drakonin_baby5"},"elements":[{"from":[11.484889,7.244434,6.0115223],"to":[16.064892,8.824433,7.591522],"faces":{"east":{"uv":[8.0,10.625,7.75,10.875],"tintindex":0,"rotation":0,"texture":"#0"},"south":{"uv":[8.5,6.5,7.875,6.75],"tintindex":0,"rotation":0,"texture":"#0"},"north":{"uv":[8.5,6.125,7.875,6.375],"tintindex":0,"rotation":0,"texture":"#0"},"west":{"uv":[7.625,10.625,7.375,10.875],"tintindex":0,"rotation":0,"texture":"#0"},"up":{"uv":[8.125,0.25,8.75,0.0],"tintindex":0,"rotation":0,"texture":"#0"},"down":{"uv":[2.25,8.125,2.875,8.375],"tintindex":0,"rotation":0,"texture":"#0"}},"rotation":{"origin":[13.274889,8.034433,6.8015223],"angle":45.0,"axis":"y"}},{"from":[6.9677825,7.034434,6.84],"to":[9.967783,9.034433,8.84],"faces":{"east":{"uv":[6.0,10.625,5.75,10.875],"tintindex":0,"rotation":0,"texture":"#0"},"south":{"uv":[6.125,9.5,5.75,9.75],"tintindex":0,"rotation":0,"texture":"#0"},"north":{"uv":[9.875,4.25,9.5,4.5],"tintindex":0,"rotation":0,"texture":"#0"},"west":{"uv":[10.875,4.5,10.625,4.75],"tintindex":0,"rotation":0,"texture":"#0"},"up":{"uv":[9.5,7.0,9.875,6.75],"tintindex":0,"rotation":0,"texture":"#0"},"down":{"uv":[9.5,7.125,9.875,7.375],"tintindex":0,"rotation":0,"texture":"#0"}}},{"from":[9.054452,7.934434,5.9143143],"to":[15.054452,8.034433,24.914314],"faces":{"east":{"uv":[8.625,3.5,6.25,3.625],"tintindex":0,"rotation":0,"texture":"#0"},"south":{"uv":[8.375,9.5,7.625,9.625],"tintindex":0,"rotation":0,"texture":"#0"},"north":{"uv":[10.25,7.5,9.5,7.625],"tintindex":0,"rotation":0,"texture":"#0"},"west":{"uv":[8.625,3.25,6.25,3.375],"tintindex":0,"rotation":0,"texture":"#0"},"up":{"uv":[4.625,2.375,5.375,0.0],"tintindex":0,"rotation":0,"texture":"#0"},"down":{"uv":[4.625,2.5,5.375,4.875],"tintindex":0,"rotation":0,"texture":"#0"}}},{"from":[8.967782,7.2344337,7.04],"to":[12.567782,8.834434,8.64],"faces":{"east":{"uv":[7.25,10.625,7.0,10.875],"tintindex":0,"rotation":0,"texture":"#0"},"south":{"uv":[7.125,8.625,6.625,8.875],"tintindex":0,"rotation":0,"texture":"#0"},"north":{"uv":[9.125,6.375,8.625,6.625],"tintindex":0,"rotation":0,"texture":"#0"},"west":{"uv":[10.875,6.0,10.625,6.25],"tintindex":0,"rotation":0,"texture":"#0"},"up":{"uv":[0.0,9.0,0.5,8.75],"tintindex":0,"rotation":0,"texture":"#0"},"down":{"uv":[0.625,8.75,1.125,9.0],"tintindex":0,"rotation":0,"texture":"#0"}}}],"display":{"gui":{"rotation":[30,225,0]}}}