{"textures":{"0":"modelengine:entity/nocsy_drakonin_baby5"},"elements":[{"from":[9.401308,7.1304526,6.5085907],"to":[9.401308,9.130452,9.508591],"faces":{"east":{"uv":[2.0,10.0,1.625,10.25],"tintindex":0,"rotation":0,"texture":"#0"},"west":{"uv":[1.625,10.0,2.0,10.25],"tintindex":0,"rotation":0,"texture":"#0"}}},{"from":[6.401308,5.1304526,6.5085907],"to":[9.401308,7.1304526,9.508591],"faces":{"east":{"uv":[7.375,9.875,7.0,10.125],"tintindex":0,"rotation":0,"texture":"#0"},"south":{"uv":[6.125,9.875,5.75,10.125],"tintindex":0,"rotation":0,"texture":"#0"},"north":{"uv":[10.25,3.75,9.875,4.0],"tintindex":0,"rotation":0,"texture":"#0"},"west":{"uv":[10.25,5.0,9.875,5.25],"tintindex":0,"rotation":0,"texture":"#0"},"up":{"uv":[8.25,7.75,8.625,7.375],"tintindex":0,"rotation":0,"texture":"#0"},"down":{"uv":[8.25,7.875,8.625,8.25],"tintindex":0,"rotation":0,"texture":"#0"}}},{"from":[6.401308,7.1304526,6.5085907],"to":[6.401308,9.130452,9.508591],"faces":{"east":{"uv":[2.125,10.0,2.5,10.25],"tintindex":0,"rotation":0,"texture":"#0"},"west":{"uv":[2.5,10.0,2.125,10.25],"tintindex":0,"rotation":0,"texture":"#0"}}},{"from":[6.4113083,5.148013,5.521421],"to":[9.391308,6.1280127,6.5014205],"faces":{"east":{"uv":[10.125,7.25,10.0,7.375],"tintindex":0,"rotation":0,"texture":"#0"},"south":{"uv":[11.375,6.0,11.0,6.125],"tintindex":0,"rotation":0,"texture":"#0"},"north":{"uv":[8.5,0.375,8.125,0.5],"tintindex":0,"rotation":0,"texture":"#0"},"west":{"uv":[9.875,1.75,9.75,1.875],"tintindex":0,"rotation":0,"texture":"#0"},"up":{"uv":[7.0,11.125,7.375,11.0],"tintindex":0,"rotation":0,"texture":"#0"},"down":{"uv":[7.5,11.0,7.875,11.125],"tintindex":0,"rotation":0,"texture":"#0"}},"rotation":{"origin":[8.909396,5.1376486,6.50088],"angle":45.0,"axis":"x"}},{"from":[6.401308,7.1304526,6.5085907],"to":[9.401308,9.130452,6.5085907],"faces":{"south":{"uv":[9.875,9.0,10.25,9.25],"tintindex":0,"rotation":0,"texture":"#0"},"north":{"uv":[10.25,9.0,9.875,9.25],"tintindex":0,"rotation":0,"texture":"#0"}}},{"from":[6.401308,7.1304526,9.508591],"to":[9.401308,9.130452,9.508591],"faces":{"south":{"uv":[10.375,0.0,10.0,0.25],"tintindex":0,"rotation":0,"texture":"#0"},"north":{"uv":[10.0,0.0,10.375,0.25],"tintindex":0,"rotation":0,"texture":"#0"}}}],"display":{"gui":{"rotation":[30,225,0]}}}