{"textures":{"0":"modelengine:entity/nocsy_drakonin_baby5"},"elements":[{"from":[6.58,4.914614,6.4553328],"to":[8.58,8.914614,8.455333],"faces":{"east":{"uv":[3.25,9.125,3.0,9.625],"tintindex":0,"rotation":0,"texture":"#0"},"south":{"uv":[9.375,2.0,9.125,2.5],"tintindex":0,"rotation":0,"texture":"#0"},"north":{"uv":[3.75,9.0,3.5,9.5],"tintindex":0,"rotation":0,"texture":"#0"},"west":{"uv":[1.5,9.125,1.25,9.625],"tintindex":0,"rotation":0,"texture":"#0"},"up":{"uv":[11.0,1.0,11.25,0.75],"tintindex":0,"rotation":0,"texture":"#0"},"down":{"uv":[1.125,11.0,1.375,11.25],"tintindex":0,"rotation":0,"texture":"#0"}},"rotation":{"origin":[8.29,8.278614,7.467333],"angle":22.5,"axis":"x"}}],"display":{"gui":{"rotation":[30,225,0]}}}