{"textures":{"0":"modelengine:entity/nocsy_drakonin_baby5"},"elements":[{"from":[7.0,4.2002487,9.232946],"to":[9.0,7.2002487,12.232946],"faces":{"east":{"uv":[4.5,8.625,4.875,9.0],"tintindex":0,"rotation":0,"texture":"#0"},"south":{"uv":[3.375,10.5,3.625,10.875],"tintindex":0,"rotation":0,"texture":"#0"},"north":{"uv":[0.875,10.375,1.125,10.75],"tintindex":0,"rotation":0,"texture":"#0"},"west":{"uv":[5.0,8.625,5.375,9.0],"tintindex":0,"rotation":0,"texture":"#0"},"up":{"uv":[6.5,10.875,6.25,10.5],"tintindex":0,"rotation":0,"texture":"#0"},"down":{"uv":[10.75,6.5,10.5,6.875],"tintindex":0,"rotation":0,"texture":"#0"}}},{"from":[8.0,0.19640732,10.654263],"to":[8.0,10.196407,19.654263],"faces":{"east":{"uv":[0.0,5.0,1.125,6.25],"tintindex":0,"rotation":0,"texture":"#0"},"west":{"uv":[1.25,5.0,2.375,6.25],"tintindex":0,"rotation":0,"texture":"#0"}}},{"from":[6.5,3.3836846,6.9222975],"to":[9.5,7.3836846,9.922298],"faces":{"east":{"uv":[7.75,5.125,8.125,5.625],"tintindex":0,"rotation":0,"texture":"#0"},"south":{"uv":[7.75,7.125,8.125,7.625],"tintindex":0,"rotation":0,"texture":"#0"},"north":{"uv":[5.75,7.625,6.125,8.125],"tintindex":0,"rotation":0,"texture":"#0"},"west":{"uv":[7.75,7.75,8.125,8.25],"tintindex":0,"rotation":0,"texture":"#0"},"up":{"uv":[3.375,9.0,3.0,8.625],"tintindex":0,"rotation":0,"texture":"#0"},"down":{"uv":[4.375,8.625,4.0,9.0],"tintindex":0,"rotation":0,"texture":"#0"}},"rotation":{"origin":[7.66,4.6718206,10.50477],"angle":22.5,"axis":"x"}}],"display":{"gui":{"rotation":[30,225,0]}}}