{"textures":{"0":"modelengine:entity/nocsy_drakonin_firespell"},"elements":[{"from":[7.9292893,-9.66967,-9.648554],"to":[7.9292893,26.33033,26.351446],"faces":{"east":{"uv":[0.0,0.0,4.5,4.5],"tintindex":0,"rotation":0,"texture":"#0"},"west":{"uv":[4.5,0.0,0.0,4.5],"tintindex":0,"rotation":0,"texture":"#0"}},"rotation":{"origin":[7.9292893,8.530331,7.051445],"angle":45.0,"axis":"z"}},{"from":[5.729289,-3.36967,-8.848555],"to":[5.729289,21.630331,17.551445],"faces":{"east":{"uv":[0.0,0.0,4.5,4.5],"tintindex":0,"rotation":0,"texture":"#0"},"west":{"uv":[4.5,0.0,0.0,4.5],"tintindex":0,"rotation":0,"texture":"#0"}},"rotation":{"origin":[5.729289,14.83033,7.851445],"angle":-45.0,"axis":"x"}}],"display":{"gui":{"rotation":[30,225,0]}}}