{"textures":{"0":"modelengine:entity/texture_esqueleto"},"elements":[{"from":[7.87175,7.92875,7.7434998],"to":[8.12825,8.07125,8.2565],"faces":{"east":{"uv":[9.5,9.25,9.625,9.375],"tintindex":0,"rotation":0,"texture":"#0"},"south":{"uv":[9.5,9.5,9.625,9.625],"tintindex":0,"rotation":0,"texture":"#0"},"north":{"uv":[9.25,9.5,9.375,9.625],"tintindex":0,"rotation":0,"texture":"#0"},"west":{"uv":[0.0,9.75,0.125,9.875],"tintindex":0,"rotation":0,"texture":"#0"},"up":{"uv":[9.875,0.125,9.75,0.0],"tintindex":0,"rotation":0,"texture":"#0"},"down":{"uv":[0.375,9.75,0.25,9.875],"tintindex":0,"rotation":0,"texture":"#0"}}}],"display":{"gui":{"rotation":[30,225,0]}}}