{"textures":{"0":"modelengine:entity/texture_esqueleto"},"elements":[{"from":[7.87175,7.04525,7.7434998],"to":[8.12825,7.98575,8.2565],"faces":{"east":{"uv":[8.75,8.5,8.875,8.75],"tintindex":0,"rotation":0,"texture":"#0"},"south":{"uv":[8.75,8.75,8.875,9.0],"tintindex":0,"rotation":0,"texture":"#0"},"north":{"uv":[8.75,8.25,8.875,8.5],"tintindex":0,"rotation":0,"texture":"#0"},"west":{"uv":[9.0,0.0,9.125,0.25],"tintindex":0,"rotation":0,"texture":"#0"},"up":{"uv":[8.375,9.625,8.25,9.5],"tintindex":0,"rotation":0,"texture":"#0"},"down":{"uv":[9.625,8.25,9.5,8.375],"tintindex":0,"rotation":0,"texture":"#0"}}}],"display":{"gui":{"rotation":[30,225,0]}}}