{"textures":{"0":"modelengine:entity/texture_esqueleto"},"elements":[{"from":[7.90025,7.6152496,7.886],"to":[8.0997505,8.09975,8.114],"faces":{"east":{"uv":[4.75,9.75,4.875,9.875],"tintindex":0,"rotation":0,"texture":"#0"},"south":{"uv":[9.75,4.75,9.875,4.875],"tintindex":0,"rotation":0,"texture":"#0"},"north":{"uv":[9.75,4.5,9.875,4.625],"tintindex":0,"rotation":0,"texture":"#0"},"west":{"uv":[5.0,9.75,5.125,9.875],"tintindex":0,"rotation":0,"texture":"#0"},"up":{"uv":[9.875,5.125,9.75,5.0],"tintindex":0,"rotation":0,"texture":"#0"},"down":{"uv":[5.375,9.75,5.25,9.875],"tintindex":0,"rotation":0,"texture":"#0"}}}],"display":{"gui":{"rotation":[30,225,0]}}}