{"textures":{"0":"modelengine:entity/texture_esqueleto"},"elements":[{"from":[7.87175,7.92875,7.7434998],"to":[8.12825,8.07125,8.2565],"faces":{"east":{"uv":[9.5,6.75,9.625,6.875],"tintindex":0,"rotation":0,"texture":"#0"},"south":{"uv":[7.0,9.5,7.125,9.625],"tintindex":0,"rotation":0,"texture":"#0"},"north":{"uv":[6.75,9.5,6.875,9.625],"tintindex":0,"rotation":0,"texture":"#0"},"west":{"uv":[9.5,7.0,9.625,7.125],"tintindex":0,"rotation":0,"texture":"#0"},"up":{"uv":[7.375,9.625,7.25,9.5],"tintindex":0,"rotation":0,"texture":"#0"},"down":{"uv":[9.625,7.25,9.5,7.375],"tintindex":0,"rotation":0,"texture":"#0"}}}],"display":{"gui":{"rotation":[30,225,0]}}}