{"textures":{"0":"modelengine:entity/texture_esqueleto"},"elements":[{"from":[7.90025,7.58675,7.886],"to":[8.0997505,8.07125,8.114],"faces":{"east":{"uv":[7.25,9.75,7.375,9.875],"tintindex":0,"rotation":0,"texture":"#0"},"south":{"uv":[9.75,7.25,9.875,7.375],"tintindex":0,"rotation":0,"texture":"#0"},"north":{"uv":[9.75,7.0,9.875,7.125],"tintindex":0,"rotation":0,"texture":"#0"},"west":{"uv":[7.5,9.75,7.625,9.875],"tintindex":0,"rotation":0,"texture":"#0"},"up":{"uv":[9.875,7.625,9.75,7.5],"tintindex":0,"rotation":0,"texture":"#0"},"down":{"uv":[7.875,9.75,7.75,9.875],"tintindex":0,"rotation":0,"texture":"#0"}}}],"display":{"gui":{"rotation":[30,225,0]}}}