{"textures":{"0":"modelengine:entity/texture_esqueleto"},"elements":[{"from":[7.92875,7.6152506,7.886],"to":[8.07125,7.98575,8.114],"faces":{"east":{"uv":[0.5,9.75,0.625,9.875],"tintindex":0,"rotation":0,"texture":"#0"},"south":{"uv":[9.75,0.5,9.875,0.625],"tintindex":0,"rotation":0,"texture":"#0"},"north":{"uv":[9.75,0.25,9.875,0.375],"tintindex":0,"rotation":0,"texture":"#0"},"west":{"uv":[0.75,9.75,0.875,9.875],"tintindex":0,"rotation":0,"texture":"#0"},"up":{"uv":[9.875,0.875,9.75,0.75],"tintindex":0,"rotation":0,"texture":"#0"},"down":{"uv":[1.125,9.75,1.0,9.875],"tintindex":0,"rotation":0,"texture":"#0"}}}],"display":{"gui":{"rotation":[30,225,0]}}}