{"textures":{"0":"modelengine:entity/texture_esqueleto"},"elements":[{"from":[7.87175,7.04525,7.7434998],"to":[8.12825,7.98575,8.2565],"faces":{"east":{"uv":[2.0,9.0,2.125,9.25],"tintindex":0,"rotation":0,"texture":"#0"},"south":{"uv":[9.0,2.0,9.125,2.25],"tintindex":0,"rotation":0,"texture":"#0"},"north":{"uv":[9.0,1.75,9.125,2.0],"tintindex":0,"rotation":0,"texture":"#0"},"west":{"uv":[2.25,9.0,2.375,9.25],"tintindex":0,"rotation":0,"texture":"#0"},"up":{"uv":[9.875,4.375,9.75,4.25],"tintindex":0,"rotation":0,"texture":"#0"},"down":{"uv":[4.625,9.75,4.5,9.875],"tintindex":0,"rotation":0,"texture":"#0"}}}],"display":{"gui":{"rotation":[30,225,0]}}}