{"textures":{"0":"modelengine:entity/texture_esqueleto"},"elements":[{"from":[7.9002504,7.58675,7.886],"to":[8.0997505,8.07125,8.114],"faces":{"east":{"uv":[9.75,9.75,9.875,9.875],"tintindex":0,"rotation":0,"texture":"#0"},"south":{"uv":[0.0,10.0,0.125,10.125],"tintindex":0,"rotation":0,"texture":"#0"},"north":{"uv":[9.75,9.5,9.875,9.625],"tintindex":0,"rotation":0,"texture":"#0"},"west":{"uv":[10.0,0.0,10.125,0.125],"tintindex":0,"rotation":0,"texture":"#0"},"up":{"uv":[0.375,10.125,0.25,10.0],"tintindex":0,"rotation":0,"texture":"#0"},"down":{"uv":[10.125,0.25,10.0,0.375],"tintindex":0,"rotation":0,"texture":"#0"}}}],"display":{"gui":{"rotation":[30,225,0]}}}