{"textures":{"0":"modelengine:entity/texture_esqueleto"},"elements":[{"from":[7.92875,7.6152506,7.886],"to":[8.07125,7.98575,8.114],"faces":{"east":{"uv":[9.5,5.0,9.625,5.125],"tintindex":0,"rotation":0,"texture":"#0"},"south":{"uv":[5.25,9.5,5.375,9.625],"tintindex":0,"rotation":0,"texture":"#0"},"north":{"uv":[5.0,9.5,5.125,9.625],"tintindex":0,"rotation":0,"texture":"#0"},"west":{"uv":[9.5,5.25,9.625,5.375],"tintindex":0,"rotation":0,"texture":"#0"},"up":{"uv":[5.625,9.625,5.5,9.5],"tintindex":0,"rotation":0,"texture":"#0"},"down":{"uv":[9.625,5.5,9.5,5.625],"tintindex":0,"rotation":0,"texture":"#0"}}}],"display":{"gui":{"rotation":[30,225,0]}}}