{"textures":{"0":"modelengine:entity/texture_esqueleto"},"elements":[{"from":[7.87175,7.92875,7.7434998],"to":[8.12825,8.07125,8.2565],"faces":{"east":{"uv":[8.0,9.75,8.125,9.875],"tintindex":0,"rotation":0,"texture":"#0"},"south":{"uv":[9.75,8.0,9.875,8.125],"tintindex":0,"rotation":0,"texture":"#0"},"north":{"uv":[9.75,7.75,9.875,7.875],"tintindex":0,"rotation":0,"texture":"#0"},"west":{"uv":[8.25,9.75,8.375,9.875],"tintindex":0,"rotation":0,"texture":"#0"},"up":{"uv":[9.875,8.375,9.75,8.25],"tintindex":0,"rotation":0,"texture":"#0"},"down":{"uv":[8.625,9.75,8.5,9.875],"tintindex":0,"rotation":0,"texture":"#0"}}}],"display":{"gui":{"rotation":[30,225,0]}}}