{"textures":{"0":"modelengine:entity/texture_esqueleto"},"elements":[{"from":[7.87175,7.04525,7.7434998],"to":[8.12825,7.98575,8.2565],"faces":{"east":{"uv":[7.75,8.75,7.875,9.0],"tintindex":0,"rotation":0,"texture":"#0"},"south":{"uv":[8.75,7.75,8.875,8.0],"tintindex":0,"rotation":0,"texture":"#0"},"north":{"uv":[8.75,7.5,8.875,7.75],"tintindex":0,"rotation":0,"texture":"#0"},"west":{"uv":[8.75,8.0,8.875,8.25],"tintindex":0,"rotation":0,"texture":"#0"},"up":{"uv":[5.875,9.625,5.75,9.5],"tintindex":0,"rotation":0,"texture":"#0"},"down":{"uv":[9.625,5.75,9.5,5.875],"tintindex":0,"rotation":0,"texture":"#0"}}}],"display":{"gui":{"rotation":[30,225,0]}}}