{"textures":{"0":"modelengine:entity/texture_esqueleto"},"elements":[{"from":[7.92875,7.6152506,7.886],"to":[8.07125,7.98575,8.114],"faces":{"east":{"uv":[10.0,1.25,10.125,1.375],"tintindex":0,"rotation":0,"texture":"#0"},"south":{"uv":[1.5,10.0,1.625,10.125],"tintindex":0,"rotation":0,"texture":"#0"},"north":{"uv":[1.25,10.0,1.375,10.125],"tintindex":0,"rotation":0,"texture":"#0"},"west":{"uv":[10.0,1.5,10.125,1.625],"tintindex":0,"rotation":0,"texture":"#0"},"up":{"uv":[1.875,10.125,1.75,10.0],"tintindex":0,"rotation":0,"texture":"#0"},"down":{"uv":[10.125,1.75,10.0,1.875],"tintindex":0,"rotation":0,"texture":"#0"}}}],"display":{"gui":{"rotation":[30,225,0]}}}