{"textures":{"0":"modelengine:entity/texture_esqueleto"},"elements":[{"from":[7.87175,7.04525,7.7434998],"to":[8.12825,7.98575,8.2565],"faces":{"east":{"uv":[7.25,8.75,7.375,9.0],"tintindex":0,"rotation":0,"texture":"#0"},"south":{"uv":[8.75,7.25,8.875,7.5],"tintindex":0,"rotation":0,"texture":"#0"},"north":{"uv":[8.75,7.0,8.875,7.25],"tintindex":0,"rotation":0,"texture":"#0"},"west":{"uv":[7.5,8.75,7.625,9.0],"tintindex":0,"rotation":0,"texture":"#0"},"up":{"uv":[3.375,9.625,3.25,9.5],"tintindex":0,"rotation":0,"texture":"#0"},"down":{"uv":[9.625,3.25,9.5,3.375],"tintindex":0,"rotation":0,"texture":"#0"}}}],"display":{"gui":{"rotation":[30,225,0]}}}