{"textures":{"0":"modelengine:entity/texture_esqueleto"},"elements":[{"from":[9.341877,7.987591,6.4681253],"to":[9.797877,9.327091,10.059125],"faces":{"east":{"uv":[4.25,1.0,5.125,1.375],"tintindex":0,"rotation":0,"texture":"#0"},"south":{"uv":[5.25,8.75,5.375,9.125],"tintindex":0,"rotation":0,"texture":"#0"},"north":{"uv":[5.0,8.75,5.125,9.125],"tintindex":0,"rotation":0,"texture":"#0"},"west":{"uv":[4.25,1.5,5.125,1.875],"tintindex":0,"rotation":0,"texture":"#0"},"up":{"uv":[6.375,3.125,6.25,2.25],"tintindex":0,"rotation":0,"texture":"#0"},"down":{"uv":[6.375,3.25,6.25,4.125],"tintindex":0,"rotation":0,"texture":"#0"}}},{"from":[6.206877,7.987591,6.4681253],"to":[6.6628776,9.327091,10.059125],"faces":{"east":{"uv":[4.25,0.0,5.125,0.375],"tintindex":0,"rotation":0,"texture":"#0"},"south":{"uv":[8.75,4.75,8.875,5.125],"tintindex":0,"rotation":0,"texture":"#0"},"north":{"uv":[4.75,8.75,4.875,9.125],"tintindex":0,"rotation":0,"texture":"#0"},"west":{"uv":[4.25,0.5,5.125,0.875],"tintindex":0,"rotation":0,"texture":"#0"},"up":{"uv":[6.375,1.125,6.25,0.25],"tintindex":0,"rotation":0,"texture":"#0"},"down":{"uv":[6.375,1.25,6.25,2.125],"tintindex":0,"rotation":0,"texture":"#0"}}},{"from":[5.836377,9.29859,5.413625],"to":[10.168377,13.203089,10.059125],"faces":{"east":{"uv":[1.25,1.0,2.375,2.0],"tintindex":0,"rotation":0,"texture":"#0"},"south":{"uv":[1.25,2.0,2.375,3.0],"tintindex":0,"rotation":0,"texture":"#0"},"north":{"uv":[1.25,0.0,2.375,1.0],"tintindex":0,"rotation":0,"texture":"#0"},"west":{"uv":[0.0,2.5,1.125,3.5],"tintindex":0,"rotation":0,"texture":"#0"},"up":{"uv":[1.125,1.125,0.0,0.0],"tintindex":0,"rotation":0,"texture":"#0"},"down":{"uv":[1.125,1.25,0.0,2.375],"tintindex":0,"rotation":0,"texture":"#0"}}}],"display":{"gui":{"rotation":[30,225,0]}}}