{"textures":{"0":"modelengine:entity/texture_esqueleto"},"elements":[{"from":[7.487,7.0024986,7.5155],"to":[8.5130005,8.0285,8.4845],"faces":{"east":{"uv":[8.25,4.5,8.5,4.75],"tintindex":0,"rotation":0,"texture":"#0"},"south":{"uv":[4.75,8.25,5.0,8.5],"tintindex":0,"rotation":0,"texture":"#0"},"north":{"uv":[4.5,8.25,4.75,8.5],"tintindex":0,"rotation":0,"texture":"#0"},"west":{"uv":[5.0,8.25,5.25,8.5],"tintindex":0,"rotation":0,"texture":"#0"},"up":{"uv":[5.5,8.5,5.25,8.25],"tintindex":0,"rotation":0,"texture":"#0"},"down":{"uv":[5.75,8.25,5.5,8.5],"tintindex":0,"rotation":0,"texture":"#0"}}},{"from":[8.0855,3.3829994,7.715],"to":[8.285,7.030998,8.3135],"faces":{"east":{"uv":[5.5,5.5,5.625,6.375],"tintindex":0,"rotation":0,"texture":"#0"},"south":{"uv":[5.75,0.25,5.875,1.125],"tintindex":0,"rotation":0,"texture":"#0"},"north":{"uv":[3.0,5.5,3.125,6.375],"tintindex":0,"rotation":0,"texture":"#0"},"west":{"uv":[1.0,5.75,1.125,6.625],"tintindex":0,"rotation":0,"texture":"#0"},"up":{"uv":[2.625,9.625,2.5,9.5],"tintindex":0,"rotation":0,"texture":"#0"},"down":{"uv":[9.625,2.5,9.5,2.625],"tintindex":0,"rotation":0,"texture":"#0"}}},{"from":[7.715,3.3829994,7.715],"to":[7.9145,7.0024986,8.3135],"faces":{"east":{"uv":[3.5,5.75,3.625,6.625],"tintindex":0,"rotation":0,"texture":"#0"},"south":{"uv":[3.75,5.75,3.875,6.625],"tintindex":0,"rotation":0,"texture":"#0"},"north":{"uv":[1.25,5.75,1.375,6.625],"tintindex":0,"rotation":0,"texture":"#0"},"west":{"uv":[4.5,5.75,4.625,6.625],"tintindex":0,"rotation":0,"texture":"#0"},"up":{"uv":[2.875,9.625,2.75,9.5],"tintindex":0,"rotation":0,"texture":"#0"},"down":{"uv":[9.625,2.75,9.5,2.875],"tintindex":0,"rotation":0,"texture":"#0"}}}],"display":{"gui":{"rotation":[30,225,0]}}}