{"textures":{"0":"modelengine:entity/texture_esqueleto"},"elements":[{"from":[7.715,3.3307495,7.7055],"to":[7.9145,6.9787483,8.304001],"faces":{"east":{"uv":[6.0,2.25,6.125,3.125],"tintindex":0,"rotation":0,"texture":"#0"},"south":{"uv":[6.0,3.25,6.125,4.125],"tintindex":0,"rotation":0,"texture":"#0"},"north":{"uv":[1.5,6.0,1.625,6.875],"tintindex":0,"rotation":0,"texture":"#0"},"west":{"uv":[6.0,5.5,6.125,6.375],"tintindex":0,"rotation":0,"texture":"#0"},"up":{"uv":[2.375,10.125,2.25,10.0],"tintindex":0,"rotation":0,"texture":"#0"},"down":{"uv":[10.125,2.25,10.0,2.375],"tintindex":0,"rotation":0,"texture":"#0"}}},{"from":[8.0855,3.3307495,7.7055],"to":[8.285,6.9502487,8.304001],"faces":{"east":{"uv":[5.75,5.5,5.875,6.375],"tintindex":0,"rotation":0,"texture":"#0"},"south":{"uv":[6.0,0.25,6.125,1.125],"tintindex":0,"rotation":0,"texture":"#0"},"north":{"uv":[4.75,5.75,4.875,6.625],"tintindex":0,"rotation":0,"texture":"#0"},"west":{"uv":[6.0,1.25,6.125,2.125],"tintindex":0,"rotation":0,"texture":"#0"},"up":{"uv":[2.125,10.125,2.0,10.0],"tintindex":0,"rotation":0,"texture":"#0"},"down":{"uv":[10.125,2.0,10.0,2.125],"tintindex":0,"rotation":0,"texture":"#0"}}},{"from":[7.487,6.9502487,7.506],"to":[8.5130005,7.9762497,8.475],"faces":{"east":{"uv":[8.5,0.75,8.75,1.0],"tintindex":0,"rotation":0,"texture":"#0"},"south":{"uv":[1.0,8.5,1.25,8.75],"tintindex":0,"rotation":0,"texture":"#0"},"north":{"uv":[0.75,8.5,1.0,8.75],"tintindex":0,"rotation":0,"texture":"#0"},"west":{"uv":[8.5,1.0,8.75,1.25],"tintindex":0,"rotation":0,"texture":"#0"},"up":{"uv":[1.5,8.75,1.25,8.5],"tintindex":0,"rotation":0,"texture":"#0"},"down":{"uv":[8.75,1.25,8.5,1.5],"tintindex":0,"rotation":0,"texture":"#0"}}}],"display":{"gui":{"rotation":[30,225,0]}}}