{"textures":{"0":"modelengine:entity/texture_esqueleto"},"elements":[{"from":[7.093375,6.5546875,5.06075],"to":[7.549375,7.3526874,7.1982503],"faces":{"east":{"uv":[5.5,1.5,6.0,1.75],"tintindex":0,"rotation":0,"texture":"#0"},"south":{"uv":[9.0,7.75,9.125,8.0],"tintindex":0,"rotation":0,"texture":"#0"},"north":{"uv":[7.75,9.0,7.875,9.25],"tintindex":0,"rotation":0,"texture":"#0"},"west":{"uv":[5.5,1.75,6.0,2.0],"tintindex":0,"rotation":0,"texture":"#0"},"up":{"uv":[8.375,9.0,8.25,8.5],"tintindex":0,"rotation":0,"texture":"#0"},"down":{"uv":[8.625,8.5,8.5,9.0],"tintindex":0,"rotation":0,"texture":"#0"}}},{"from":[6.466375,6.5546875,5.06075],"to":[6.922375,7.3526874,7.1982503],"faces":{"east":{"uv":[5.25,3.25,5.75,3.5],"tintindex":0,"rotation":0,"texture":"#0"},"south":{"uv":[9.0,7.5,9.125,7.75],"tintindex":0,"rotation":0,"texture":"#0"},"north":{"uv":[7.5,9.0,7.625,9.25],"tintindex":0,"rotation":0,"texture":"#0"},"west":{"uv":[1.0,5.5,1.5,5.75],"tintindex":0,"rotation":0,"texture":"#0"},"up":{"uv":[8.125,9.0,8.0,8.5],"tintindex":0,"rotation":0,"texture":"#0"},"down":{"uv":[8.625,8.0,8.5,8.5],"tintindex":0,"rotation":0,"texture":"#0"}}},{"from":[6.409375,6.5546875,6.79925],"to":[8.176375,7.7231874,8.42375],"faces":{"east":{"uv":[6.5,0.75,6.875,1.0],"tintindex":0,"rotation":0,"texture":"#0"},"south":{"uv":[5.25,3.0,5.75,3.25],"tintindex":0,"rotation":0,"texture":"#0"},"north":{"uv":[5.25,2.75,5.75,3.0],"tintindex":0,"rotation":0,"texture":"#0"},"west":{"uv":[6.5,1.0,6.875,1.25],"tintindex":0,"rotation":0,"texture":"#0"},"up":{"uv":[4.0,5.375,3.5,5.0],"tintindex":0,"rotation":0,"texture":"#0"},"down":{"uv":[5.5,3.5,5.0,3.875],"tintindex":0,"rotation":0,"texture":"#0"}}},{"from":[7.663375,6.5546875,5.06075],"to":[8.119375,7.3526874,7.1982503],"faces":{"east":{"uv":[5.5,2.0,6.0,2.25],"tintindex":0,"rotation":0,"texture":"#0"},"south":{"uv":[9.0,8.0,9.125,8.25],"tintindex":0,"rotation":0,"texture":"#0"},"north":{"uv":[8.0,9.0,8.125,9.25],"tintindex":0,"rotation":0,"texture":"#0"},"west":{"uv":[5.5,2.25,6.0,2.5],"tintindex":0,"rotation":0,"texture":"#0"},"up":{"uv":[0.125,9.25,0.0,8.75],"tintindex":0,"rotation":0,"texture":"#0"},"down":{"uv":[0.375,8.75,0.25,9.25],"tintindex":0,"rotation":0,"texture":"#0"}}}],"display":{"gui":{"rotation":[30,225,0]}}}