{"textures":{"0":"modelengine:entity/texture_esqueleto"},"elements":[{"from":[7.609143,1.1579642,8.195429],"to":[7.808643,7.3709645,9.135929],"faces":{"east":{"uv":[0.5,3.5,0.75,5.0],"tintindex":0,"rotation":0,"texture":"#0"},"south":{"uv":[3.25,5.0,3.375,6.5],"tintindex":0,"rotation":0,"texture":"#0"},"north":{"uv":[2.5,5.0,2.625,6.5],"tintindex":0,"rotation":0,"texture":"#0"},"west":{"uv":[0.75,3.5,1.0,5.0],"tintindex":0,"rotation":0,"texture":"#0"},"up":{"uv":[7.375,9.25,7.25,9.0],"tintindex":0,"rotation":0,"texture":"#0"},"down":{"uv":[9.125,7.25,9.0,7.5],"tintindex":0,"rotation":0,"texture":"#0"}}},{"from":[7.381143,7.3709645,8.109928],"to":[8.606643,8.539465,9.249928],"faces":{"east":{"uv":[8.5,6.75,8.75,7.0],"tintindex":0,"rotation":0,"texture":"#0"},"south":{"uv":[8.5,7.0,8.75,7.25],"tintindex":0,"rotation":0,"texture":"#0"},"north":{"uv":[8.5,6.25,8.75,6.5],"tintindex":0,"rotation":0,"texture":"#0"},"west":{"uv":[8.5,7.25,8.75,7.5],"tintindex":0,"rotation":0,"texture":"#0"},"up":{"uv":[8.75,7.75,8.5,7.5],"tintindex":0,"rotation":0,"texture":"#0"},"down":{"uv":[8.75,7.75,8.5,8.0],"tintindex":0,"rotation":0,"texture":"#0"}}},{"from":[7.951143,1.1579642,8.195429],"to":[8.521143,7.3994646,9.135929],"faces":{"east":{"uv":[3.5,0.0,3.75,1.5],"tintindex":0,"rotation":0,"texture":"#0"},"south":{"uv":[2.25,5.0,2.375,6.5],"tintindex":0,"rotation":0,"texture":"#0"},"north":{"uv":[5.0,2.0,5.125,3.5],"tintindex":0,"rotation":0,"texture":"#0"},"west":{"uv":[0.25,3.5,0.5,5.0],"tintindex":0,"rotation":0,"texture":"#0"},"up":{"uv":[7.125,9.25,7.0,9.0],"tintindex":0,"rotation":0,"texture":"#0"},"down":{"uv":[9.125,7.0,9.0,7.25],"tintindex":0,"rotation":0,"texture":"#0"}}}],"display":{"gui":{"rotation":[30,225,0]}}}