{"textures":{"0":"modelengine:entity/texture_esqueleto"},"elements":[{"from":[7.478857,1.2108927,8.195429],"to":[8.048857,7.4808927,9.135929],"faces":{"east":{"uv":[2.5,2.5,2.75,4.125],"tintindex":0,"rotation":0,"texture":"#0"},"south":{"uv":[2.0,5.0,2.125,6.625],"tintindex":0,"rotation":0,"texture":"#0"},"north":{"uv":[1.75,5.0,1.875,6.625],"tintindex":0,"rotation":0,"texture":"#0"},"west":{"uv":[2.75,2.5,3.0,4.125],"tintindex":0,"rotation":0,"texture":"#0"},"up":{"uv":[8.375,9.25,8.25,9.0],"tintindex":0,"rotation":0,"texture":"#0"},"down":{"uv":[9.125,8.25,9.0,8.5],"tintindex":0,"rotation":0,"texture":"#0"}}},{"from":[8.191357,1.2108927,8.195429],"to":[8.390857,7.452393,9.135929],"faces":{"east":{"uv":[3.75,1.5,4.0,3.0],"tintindex":0,"rotation":0,"texture":"#0"},"south":{"uv":[4.25,5.0,4.375,6.5],"tintindex":0,"rotation":0,"texture":"#0"},"north":{"uv":[4.0,5.0,4.125,6.5],"tintindex":0,"rotation":0,"texture":"#0"},"west":{"uv":[3.75,3.0,4.0,4.5],"tintindex":0,"rotation":0,"texture":"#0"},"up":{"uv":[8.625,9.25,8.5,9.0],"tintindex":0,"rotation":0,"texture":"#0"},"down":{"uv":[9.125,8.5,9.0,8.75],"tintindex":0,"rotation":0,"texture":"#0"}}},{"from":[7.3933573,7.423893,8.109928],"to":[8.618857,8.592393,9.249928],"faces":{"east":{"uv":[8.75,1.5,9.0,1.75],"tintindex":0,"rotation":0,"texture":"#0"},"south":{"uv":[8.75,1.75,9.0,2.0],"tintindex":0,"rotation":0,"texture":"#0"},"north":{"uv":[1.5,8.75,1.75,9.0],"tintindex":0,"rotation":0,"texture":"#0"},"west":{"uv":[8.75,2.0,9.0,2.25],"tintindex":0,"rotation":0,"texture":"#0"},"up":{"uv":[9.0,2.5,8.75,2.25],"tintindex":0,"rotation":0,"texture":"#0"},"down":{"uv":[9.0,2.5,8.75,2.75],"tintindex":0,"rotation":0,"texture":"#0"}}}],"display":{"gui":{"rotation":[30,225,0]}}}