{"textures":{"0":"modelengine:entity/texture_esqueleto"},"elements":[{"from":[7.394375,6.8528748,7.437125],"to":[8.619875,8.021375,8.577126],"faces":{"east":{"uv":[8.75,0.75,9.0,1.0],"tintindex":0,"rotation":0,"texture":"#0"},"south":{"uv":[1.0,8.75,1.25,9.0],"tintindex":0,"rotation":0,"texture":"#0"},"north":{"uv":[0.75,8.75,1.0,9.0],"tintindex":0,"rotation":0,"texture":"#0"},"west":{"uv":[8.75,1.0,9.0,1.25],"tintindex":0,"rotation":0,"texture":"#0"},"up":{"uv":[1.5,9.0,1.25,8.75],"tintindex":0,"rotation":0,"texture":"#0"},"down":{"uv":[9.0,1.25,8.75,1.5],"tintindex":0,"rotation":0,"texture":"#0"}}},{"from":[7.479875,0.7538748,7.5226254],"to":[8.505875,6.909875,8.463125],"faces":{"east":{"uv":[3.5,1.5,3.75,3.0],"tintindex":0,"rotation":0,"texture":"#0"},"south":{"uv":[3.5,3.0,3.75,4.5],"tintindex":0,"rotation":0,"texture":"#0"},"north":{"uv":[1.0,3.5,1.25,5.0],"tintindex":0,"rotation":0,"texture":"#0"},"west":{"uv":[3.75,0.0,4.0,1.5],"tintindex":0,"rotation":0,"texture":"#0"},"up":{"uv":[9.0,0.25,8.75,0.0],"tintindex":0,"rotation":0,"texture":"#0"},"down":{"uv":[0.75,8.75,0.5,9.0],"tintindex":0,"rotation":0,"texture":"#0"}}}],"display":{"gui":{"rotation":[30,225,0]}}}