{"textures":{"0":"modelengine:entity/texture_esqueleto"},"elements":[{"from":[7.6045628,4.45175,7.61525],"to":[8.431063,5.477749,8.41325],"faces":{"east":{"uv":[8.0,8.25,8.25,8.5],"tintindex":0,"rotation":0,"texture":"#0"},"south":{"uv":[8.25,8.0,8.5,8.25],"tintindex":0,"rotation":0,"texture":"#0"},"north":{"uv":[8.25,7.75,8.5,8.0],"tintindex":0,"rotation":0,"texture":"#0"},"west":{"uv":[8.25,8.25,8.5,8.5],"tintindex":0,"rotation":0,"texture":"#0"},"up":{"uv":[0.25,8.75,0.0,8.5],"tintindex":0,"rotation":0,"texture":"#0"},"down":{"uv":[8.75,0.0,8.5,0.25],"tintindex":0,"rotation":0,"texture":"#0"}}},{"from":[7.4905624,9.553249,7.50125],"to":[8.516562,10.579248,8.470249],"faces":{"east":{"uv":[8.25,6.25,8.5,6.5],"tintindex":0,"rotation":0,"texture":"#0"},"south":{"uv":[8.25,6.75,8.5,7.0],"tintindex":0,"rotation":0,"texture":"#0"},"north":{"uv":[8.25,6.0,8.5,6.25],"tintindex":0,"rotation":0,"texture":"#0"},"west":{"uv":[8.25,7.0,8.5,7.25],"tintindex":0,"rotation":0,"texture":"#0"},"up":{"uv":[8.5,7.5,8.25,7.25],"tintindex":0,"rotation":0,"texture":"#0"},"down":{"uv":[8.5,7.5,8.25,7.75],"tintindex":0,"rotation":0,"texture":"#0"}}},{"from":[7.6900625,9.439249,7.67225],"to":[8.288563,9.78125,8.327749],"faces":{"east":{"uv":[2.5,9.75,2.625,9.875],"tintindex":0,"rotation":0,"texture":"#0"},"south":{"uv":[9.75,2.5,9.875,2.625],"tintindex":0,"rotation":0,"texture":"#0"},"north":{"uv":[9.75,2.25,9.875,2.375],"tintindex":0,"rotation":0,"texture":"#0"},"west":{"uv":[2.75,9.75,2.875,9.875],"tintindex":0,"rotation":0,"texture":"#0"},"up":{"uv":[9.875,2.875,9.75,2.75],"tintindex":0,"rotation":0,"texture":"#0"},"down":{"uv":[3.125,9.75,3.0,9.875],"tintindex":0,"rotation":0,"texture":"#0"}}},{"from":[7.7185626,5.050249,7.70075],"to":[8.260062,9.66725,8.29925],"faces":{"east":{"uv":[0.0,5.5,0.125,6.625],"tintindex":0,"rotation":0,"texture":"#0"},"south":{"uv":[0.25,5.5,0.375,6.625],"tintindex":0,"rotation":0,"texture":"#0"},"north":{"uv":[5.25,5.25,5.375,6.375],"tintindex":0,"rotation":0,"texture":"#0"},"west":{"uv":[5.5,0.25,5.625,1.375],"tintindex":0,"rotation":0,"texture":"#0"},"up":{"uv":[9.875,2.125,9.75,2.0],"tintindex":0,"rotation":0,"texture":"#0"},"down":{"uv":[2.375,9.75,2.25,9.875],"tintindex":0,"rotation":0,"texture":"#0"}}}],"display":{"gui":{"rotation":[30,225,0]}}}