{"textures":{"0":"modelengine:entity/texture_esqueleto"},"elements":[{"from":[7.739938,5.050249,7.70075],"to":[8.281437,9.66725,8.29925],"faces":{"east":{"uv":[5.25,1.5,5.375,2.625],"tintindex":0,"rotation":0,"texture":"#0"},"south":{"uv":[2.75,5.25,2.875,6.375],"tintindex":0,"rotation":0,"texture":"#0"},"north":{"uv":[5.25,0.25,5.375,1.375],"tintindex":0,"rotation":0,"texture":"#0"},"west":{"uv":[5.0,5.25,5.125,6.375],"tintindex":0,"rotation":0,"texture":"#0"},"up":{"uv":[2.375,9.625,2.25,9.5],"tintindex":0,"rotation":0,"texture":"#0"},"down":{"uv":[9.625,2.25,9.5,2.375],"tintindex":0,"rotation":0,"texture":"#0"}}},{"from":[7.711437,9.439249,7.67225],"to":[8.3099375,9.78125,8.327749],"faces":{"east":{"uv":[9.5,1.5,9.625,1.625],"tintindex":0,"rotation":0,"texture":"#0"},"south":{"uv":[1.75,9.5,1.875,9.625],"tintindex":0,"rotation":0,"texture":"#0"},"north":{"uv":[1.5,9.5,1.625,9.625],"tintindex":0,"rotation":0,"texture":"#0"},"west":{"uv":[9.5,1.75,9.625,1.875],"tintindex":0,"rotation":0,"texture":"#0"},"up":{"uv":[2.125,9.625,2.0,9.5],"tintindex":0,"rotation":0,"texture":"#0"},"down":{"uv":[9.625,2.0,9.5,2.125],"tintindex":0,"rotation":0,"texture":"#0"}}},{"from":[7.5689373,4.45175,7.61525],"to":[8.395437,5.477749,8.41325],"faces":{"east":{"uv":[8.25,3.25,8.5,3.5],"tintindex":0,"rotation":0,"texture":"#0"},"south":{"uv":[3.5,8.25,3.75,8.5],"tintindex":0,"rotation":0,"texture":"#0"},"north":{"uv":[3.25,8.25,3.5,8.5],"tintindex":0,"rotation":0,"texture":"#0"},"west":{"uv":[8.25,3.5,8.5,3.75],"tintindex":0,"rotation":0,"texture":"#0"},"up":{"uv":[4.0,8.5,3.75,8.25],"tintindex":0,"rotation":0,"texture":"#0"},"down":{"uv":[8.5,4.25,8.25,4.5],"tintindex":0,"rotation":0,"texture":"#0"}}},{"from":[7.4834375,9.553249,7.50125],"to":[8.509438,10.579248,8.470249],"faces":{"east":{"uv":[1.75,6.75,2.0,7.0],"tintindex":0,"rotation":0,"texture":"#0"},"south":{"uv":[2.0,6.75,2.25,7.0],"tintindex":0,"rotation":0,"texture":"#0"},"north":{"uv":[1.25,6.75,1.5,7.0],"tintindex":0,"rotation":0,"texture":"#0"},"west":{"uv":[1.75,7.0,2.0,7.25],"tintindex":0,"rotation":0,"texture":"#0"},"up":{"uv":[2.25,7.25,2.0,7.0],"tintindex":0,"rotation":0,"texture":"#0"},"down":{"uv":[8.5,3.0,8.25,3.25],"tintindex":0,"rotation":0,"texture":"#0"}}}],"display":{"gui":{"rotation":[30,225,0]}}}