{"textures":{"0":"modelengine:entity/gargoyle"},"elements":[{"from":[16.333334,7.5,4.5],"to":[19.666668,14.833334,11.833334],"faces":{"east":{"uv":[10.970589,12.441176,11.617647,13.088235],"tintindex":0,"rotation":0,"texture":"#0"},"south":{"uv":[14.617647,10.3529415,14.911765,11.0],"tintindex":0,"rotation":0,"texture":"#0"},"north":{"uv":[10.029412,14.558824,10.323529,15.205882],"tintindex":0,"rotation":0,"texture":"#0"},"west":{"uv":[11.617647,12.441176,12.264706,13.088235],"tintindex":0,"rotation":0,"texture":"#0"},"up":{"uv":[8.235294,15.294118,7.9411764,14.6470585],"tintindex":0,"rotation":0,"texture":"#0"},"down":{"uv":[8.529412,14.6470585,8.235294,15.294118],"tintindex":0,"rotation":0,"texture":"#0"}}},{"from":[2.0,7.5,4.833333],"to":[14.0,19.166668,14.833334],"faces":{"east":{"uv":[9.588235,0.0,10.470589,1.0294118],"tintindex":0,"rotation":0,"texture":"#0"},"south":{"uv":[4.4117646,7.3235292,5.470588,8.3529415],"tintindex":0,"rotation":0,"texture":"#0"},"north":{"uv":[6.970588,6.470588,8.029412,7.5],"tintindex":0,"rotation":0,"texture":"#0"},"west":{"uv":[9.0,9.6470585,9.882353,10.676471],"tintindex":0,"rotation":0,"texture":"#0"},"up":{"uv":[10.058824,8.0,9.0,7.117647],"tintindex":0,"rotation":0,"texture":"#0"},"down":{"uv":[10.058824,8.764706,9.0,9.6470585],"tintindex":0,"rotation":0,"texture":"#0"}}},{"from":[-0.33333397,5.833333,3.833333],"to":[16.333334,15.5,12.5],"faces":{"east":{"uv":[5.970588,11.529412,6.7352943,12.382353],"tintindex":0,"rotation":0,"texture":"#0"},"south":{"uv":[6.970588,4.0882354,8.441176,4.9411764],"tintindex":0,"rotation":0,"texture":"#0"},"north":{"uv":[6.970588,3.235294,8.441176,4.0882354],"tintindex":0,"rotation":0,"texture":"#0"},"west":{"uv":[11.558824,0.0,12.323529,0.85294116],"tintindex":0,"rotation":0,"texture":"#0"},"up":{"uv":[8.441176,5.7058825,6.970588,4.9411764],"tintindex":0,"rotation":0,"texture":"#0"},"down":{"uv":[8.441176,5.7058825,6.970588,6.470588],"tintindex":0,"rotation":0,"texture":"#0"}}},{"from":[-3.666667,7.5,4.5],"to":[-0.33333397,14.833334,11.833334],"faces":{"east":{"uv":[12.264706,12.441176,12.911765,13.088235],"tintindex":0,"rotation":0,"texture":"#0"},"south":{"uv":[14.676471,1.5882353,14.970589,2.235294],"tintindex":0,"rotation":0,"texture":"#0"},"north":{"uv":[14.676471,0.9411765,14.970589,1.5882353],"tintindex":0,"rotation":0,"texture":"#0"},"west":{"uv":[12.470589,6.382353,13.117647,7.029412],"tintindex":0,"rotation":0,"texture":"#0"},"up":{"uv":[14.970589,2.882353,14.676471,2.235294],"tintindex":0,"rotation":0,"texture":"#0"},"down":{"uv":[6.470588,14.676471,6.1764708,15.323529],"tintindex":0,"rotation":0,"texture":"#0"}}},{"from":[4.333333,15.5,7.5],"to":[11.666667,24.166668,14.833334],"faces":{"east":{"uv":[1.5882353,11.941176,2.235294,12.705882],"tintindex":0,"rotation":0,"texture":"#0"},"south":{"uv":[11.941176,8.058824,12.588235,8.823529],"tintindex":0,"rotation":0,"texture":"#0"},"north":{"uv":[0.9411765,11.911765,1.5882353,12.676471],"tintindex":0,"rotation":0,"texture":"#0"},"west":{"uv":[0.0,11.970589,0.64705884,12.735294],"tintindex":0,"rotation":0,"texture":"#0"},"up":{"uv":[12.764706,2.0588236,12.117647,1.4117647],"tintindex":0,"rotation":0,"texture":"#0"},"down":{"uv":[12.941176,9.294118,12.294118,9.941176],"tintindex":0,"rotation":0,"texture":"#0"}},"rotation":{"origin":[8.333333,19.666668,12.166667],"angle":-22.5,"axis":"x"}}],"display":{"gui":{"rotation":[30,225,0]}}}