{"textures":{"0":"modelengine:entity/gargoyle"},"elements":[{"from":[-4.0,7.5,-15.0],"to":[20.0,23.5,9.0],"faces":{"east":{"uv":[13.176471,2.0,13.882353,2.4705882],"tintindex":0,"rotation":0,"texture":"#0"},"south":{"uv":[13.176471,2.4705882,13.882353,2.9411764],"tintindex":0,"rotation":0,"texture":"#0"},"north":{"uv":[13.176471,1.5294118,13.882353,2.0],"tintindex":0,"rotation":0,"texture":"#0"},"west":{"uv":[13.176471,2.9411764,13.882353,3.4117646],"tintindex":0,"rotation":0,"texture":"#0"},"up":{"uv":[5.117647,7.1764708,4.4117646,6.470588],"tintindex":0,"rotation":0,"texture":"#0"},"down":{"uv":[11.117647,11.735294,10.411765,12.441176],"tintindex":0,"rotation":0,"texture":"#0"}}}],"display":{"gui":{"rotation":[30,225,0]}}}