{"textures":{"0":"modelengine:entity/gargoyle"},"elements":[{"from":[-0.33333397,1.6666665,3.333333],"to":[8.666667,11.0,12.666667],"faces":{"east":{"uv":[10.735294,3.1176472,11.558824,3.9411764],"tintindex":0,"rotation":0,"texture":"#0"},"south":{"uv":[8.088235,11.294118,8.882353,12.117647],"tintindex":0,"rotation":0,"texture":"#0"},"north":{"uv":[11.264706,5.5882354,12.058824,6.4117646],"tintindex":0,"rotation":0,"texture":"#0"},"west":{"uv":[10.411765,10.911765,11.235294,11.735294],"tintindex":0,"rotation":0,"texture":"#0"},"up":{"uv":[12.117647,2.235294,11.323529,1.4117647],"tintindex":0,"rotation":0,"texture":"#0"},"down":{"uv":[12.294118,9.323529,11.5,10.1470585],"tintindex":0,"rotation":0,"texture":"#0"}}},{"from":[-11.666668,0.33333302,3.0],"to":[0.33333302,8.333333,11.0],"faces":{"east":{"uv":[11.823529,11.735294,12.529412,12.441176],"tintindex":0,"rotation":0,"texture":"#0"},"south":{"uv":[10.411765,10.205882,11.470589,10.911765],"tintindex":0,"rotation":0,"texture":"#0"},"north":{"uv":[4.6764708,10.323529,5.7352943,11.029412],"tintindex":0,"rotation":0,"texture":"#0"},"west":{"uv":[9.617647,11.8529415,10.323529,12.558824],"tintindex":0,"rotation":0,"texture":"#0"},"up":{"uv":[11.529412,0.7058824,10.470589,0.0],"tintindex":0,"rotation":0,"texture":"#0"},"down":{"uv":[11.558824,0.7058824,10.5,1.4117647],"tintindex":0,"rotation":0,"texture":"#0"}}}],"display":{"gui":{"rotation":[30,225,0]}}}