{"textures":{"0":"modelengine:entity/gargoyle"},"elements":[{"from":[-0.7144642,-12.214468,7.0],"to":[1.2855339,12.785534,9.0],"faces":{"east":{"uv":[3.0588236,10.529412,3.2941177,13.470589],"tintindex":0,"rotation":0,"texture":"#0"},"south":{"uv":[3.2941177,10.529412,3.5294118,13.470589],"tintindex":0,"rotation":0,"texture":"#0"},"north":{"uv":[2.8235295,10.529412,3.0588236,13.470589],"tintindex":0,"rotation":0,"texture":"#0"},"west":{"uv":[3.5294118,10.529412,3.764706,13.470589],"tintindex":0,"rotation":0,"texture":"#0"},"up":{"uv":[15.411765,14.970589,15.176471,14.735294],"tintindex":0,"rotation":0,"texture":"#0"},"down":{"uv":[0.23529412,15.205882,0.0,15.441176],"tintindex":0,"rotation":0,"texture":"#0"}},"rotation":{"origin":[0.2855339,0.2855339,8.0],"angle":-45.0,"axis":"z"}}],"display":{"gui":{"rotation":[30,225,0]}}}