{"textures":{"0":"modelengine:entity/gargoyle"},"elements":[{"from":[0.0,2.7999992,-1.6000004],"to":[8.0,11.599998,13.6],"faces":{"east":{"uv":[12.058824,3.5588236,12.941176,4.0882354],"tintindex":0,"rotation":0,"texture":"#0"},"south":{"uv":[3.4117646,13.941176,3.882353,14.470589],"tintindex":0,"rotation":0,"texture":"#0"},"north":{"uv":[2.9411764,13.941176,3.4117646,14.470589],"tintindex":0,"rotation":0,"texture":"#0"},"west":{"uv":[12.058824,4.0882354,12.941176,4.617647],"tintindex":0,"rotation":0,"texture":"#0"},"up":{"uv":[6.6764708,13.264706,6.2058825,12.382353],"tintindex":0,"rotation":0,"texture":"#0"},"down":{"uv":[10.088235,12.558824,9.617647,13.441176],"tintindex":0,"rotation":0,"texture":"#0"}}},{"from":[4.0,3.6000004,-6.0],"to":[11.2,10.0,10.0],"faces":{"east":{"uv":[8.029412,7.117647,8.970589,7.5],"tintindex":0,"rotation":0,"texture":"#0"},"south":{"uv":[0.0,14.823529,0.4117647,15.205882],"tintindex":0,"rotation":0,"texture":"#0"},"north":{"uv":[9.6470585,6.6764708,10.058824,7.0588236],"tintindex":0,"rotation":0,"texture":"#0"},"west":{"uv":[10.058824,7.617647,11.0,8.0],"tintindex":0,"rotation":0,"texture":"#0"},"up":{"uv":[2.235294,13.6470585,1.8235294,12.705882],"tintindex":0,"rotation":0,"texture":"#0"},"down":{"uv":[13.176471,0.64705884,12.764706,1.5882353],"tintindex":0,"rotation":0,"texture":"#0"}}},{"from":[2.8000002,6.3999996,-9.6],"to":[10.4,14.0,10.8],"faces":{"east":{"uv":[11.558824,2.235294,12.764706,2.6764705],"tintindex":0,"rotation":0,"texture":"#0"},"south":{"uv":[2.2941177,14.588235,2.735294,15.029412],"tintindex":0,"rotation":0,"texture":"#0"},"north":{"uv":[1.0588236,14.588235,1.5,15.029412],"tintindex":0,"rotation":0,"texture":"#0"},"west":{"uv":[11.558824,2.6764705,12.764706,3.1176472],"tintindex":0,"rotation":0,"texture":"#0"},"up":{"uv":[5.4411764,9.558824,5.0,8.3529415],"tintindex":0,"rotation":0,"texture":"#0"},"down":{"uv":[7.1764708,11.529412,6.7352943,12.735294],"tintindex":0,"rotation":0,"texture":"#0"}}}],"display":{"gui":{"rotation":[30,225,0]}}}