{"textures":{"0":"modelengine:entity/gargoyle"},"elements":[{"from":[3.9999995,-11.1,5.2],"to":[10.0,0.10000038,12.4],"faces":{"east":{"uv":[11.0,13.911765,11.411765,14.558824],"tintindex":0,"rotation":0,"texture":"#0"},"south":{"uv":[7.2352943,14.1470585,7.5882354,14.794118],"tintindex":0,"rotation":0,"texture":"#0"},"north":{"uv":[3.882353,14.1470585,4.2352943,14.794118],"tintindex":0,"rotation":0,"texture":"#0"},"west":{"uv":[0.8235294,13.941176,1.2352941,14.588235],"tintindex":0,"rotation":0,"texture":"#0"},"up":{"uv":[6.1764708,15.235294,5.8235292,14.823529],"tintindex":0,"rotation":0,"texture":"#0"},"down":{"uv":[15.205882,4.2941175,14.8529415,4.7058825],"tintindex":0,"rotation":0,"texture":"#0"}}},{"from":[3.1995,-5.5004997,3.1994996],"to":[10.800501,9.700499,10.400499],"faces":{"east":{"uv":[2.235294,12.823529,2.6470587,13.705882],"tintindex":0,"rotation":0,"texture":"#0"},"south":{"uv":[0.0,12.735294,0.44117647,13.617647],"tintindex":0,"rotation":0,"texture":"#0"},"north":{"uv":[5.029412,12.705882,5.470588,13.588235],"tintindex":0,"rotation":0,"texture":"#0"},"west":{"uv":[9.176471,12.823529,9.588235,13.705882],"tintindex":0,"rotation":0,"texture":"#0"},"up":{"uv":[15.088235,4.2941175,14.6470585,3.882353],"tintindex":0,"rotation":0,"texture":"#0"},"down":{"uv":[15.088235,11.529412,14.6470585,11.941176],"tintindex":0,"rotation":0,"texture":"#0"}}}],"display":{"gui":{"rotation":[30,225,0]}}}