{"textures":{"0":"modelengine:entity/gargoyle"},"elements":[{"from":[-12.150503,9.072151,6.6666665],"to":[8.849498,11.738818,9.333333],"faces":{"east":{"uv":[15.176471,7.9117646,15.411765,8.1470585],"tintindex":0,"rotation":0,"texture":"#0"},"south":{"uv":[11.764706,7.352941,13.617647,7.5882354],"tintindex":0,"rotation":0,"texture":"#0"},"north":{"uv":[11.764706,7.117647,13.617647,7.352941],"tintindex":0,"rotation":0,"texture":"#0"},"west":{"uv":[15.176471,8.1470585,15.411765,8.382353],"tintindex":0,"rotation":0,"texture":"#0"},"up":{"uv":[13.794118,9.058824,11.941176,8.823529],"tintindex":0,"rotation":0,"texture":"#0"},"down":{"uv":[13.794118,9.058824,11.941176,9.294118],"tintindex":0,"rotation":0,"texture":"#0"}},"rotation":{"origin":[2.5161648,10.405485,8.0],"angle":-22.5,"axis":"z"}},{"from":[-12.150503,-11.927849,8.0],"to":[8.849498,15.738818,8.0],"faces":{"south":{"uv":[5.117647,2.4411764,6.970588,4.882353],"tintindex":0,"rotation":0,"texture":"#0"},"north":{"uv":[5.117647,0.0,6.970588,2.4411764],"tintindex":0,"rotation":0,"texture":"#0"}}}],"display":{"gui":{"rotation":[30,225,0]}}}