{"textures":{"0":"modelengine:entity/gargoyle"},"elements":[{"from":[14.0,10.25,-5.25],"to":[16.0,15.25,-3.25],"faces":{"east":{"uv":[10.088235,5.529412,10.205882,5.8235292],"tintindex":0,"rotation":0,"texture":"#0"},"south":{"uv":[10.088235,5.8235292,10.205882,6.117647],"tintindex":0,"rotation":0,"texture":"#0"},"north":{"uv":[6.617647,9.764706,6.7352943,10.058824],"tintindex":0,"rotation":0,"texture":"#0"},"west":{"uv":[8.794118,12.117647,8.911765,12.411765],"tintindex":0,"rotation":0,"texture":"#0"},"up":{"uv":[4.529412,7.2941175,4.4117646,7.1764708],"tintindex":0,"rotation":0,"texture":"#0"},"down":{"uv":[4.647059,7.1764708,4.529412,7.2941175],"tintindex":0,"rotation":0,"texture":"#0"}},"rotation":{"origin":[14.5,10.0,-1.5],"angle":-22.5,"axis":"x"}},{"from":[1.0,4.25,-2.25],"to":[15.0,8.75,11.25],"faces":{"east":{"uv":[14.323529,12.5,15.117647,12.764706],"tintindex":0,"rotation":0,"texture":"#0"},"south":{"uv":[14.323529,5.9411764,15.1470585,6.2058825],"tintindex":0,"rotation":0,"texture":"#0"},"north":{"uv":[13.794118,9.029412,14.617647,9.294118],"tintindex":0,"rotation":0,"texture":"#0"},"west":{"uv":[4.8235292,14.470589,5.617647,14.735294],"tintindex":0,"rotation":0,"texture":"#0"},"up":{"uv":[11.941176,9.323529,11.117647,8.529412],"tintindex":0,"rotation":0,"texture":"#0"},"down":{"uv":[2.4705882,11.1470585,1.6470588,11.941176],"tintindex":0,"rotation":0,"texture":"#0"}}},{"from":[-0.5,6.75,-5.25],"to":[2.5,11.75,-2.25],"faces":{"east":{"uv":[0.44117647,13.029412,0.61764705,13.323529],"tintindex":0,"rotation":0,"texture":"#0"},"south":{"uv":[2.6470587,13.117647,2.8235295,13.411765],"tintindex":0,"rotation":0,"texture":"#0"},"north":{"uv":[2.6470587,12.823529,2.8235295,13.117647],"tintindex":0,"rotation":0,"texture":"#0"},"west":{"uv":[0.44117647,13.323529,0.61764705,13.617647],"tintindex":0,"rotation":0,"texture":"#0"},"up":{"uv":[6.0,7.5,5.8235292,7.3235292],"tintindex":0,"rotation":0,"texture":"#0"},"down":{"uv":[6.1764708,7.3235292,6.0,7.5],"tintindex":0,"rotation":0,"texture":"#0"}},"rotation":{"origin":[1.5,10.0,-1.5],"angle":-45.0,"axis":"x"}},{"from":[13.5,6.75,-5.25],"to":[16.5,11.75,-2.25],"faces":{"east":{"uv":[4.470588,10.529412,4.647059,10.823529],"tintindex":0,"rotation":0,"texture":"#0"},"south":{"uv":[12.588235,0.85294116,12.764706,1.1470588],"tintindex":0,"rotation":0,"texture":"#0"},"north":{"uv":[6.5588236,10.323529,6.7352943,10.617647],"tintindex":0,"rotation":0,"texture":"#0"},"west":{"uv":[0.44117647,12.735294,0.61764705,13.029412],"tintindex":0,"rotation":0,"texture":"#0"},"up":{"uv":[5.647059,7.5,5.470588,7.3235292],"tintindex":0,"rotation":0,"texture":"#0"},"down":{"uv":[5.8235292,7.3235292,5.647059,7.5],"tintindex":0,"rotation":0,"texture":"#0"}},"rotation":{"origin":[14.5,10.0,-1.5],"angle":-45.0,"axis":"x"}},{"from":[11.774264,8.049999,3.65],"to":[13.774263,10.049999,5.65],"faces":{"east":{"uv":[5.0,7.1764708,5.117647,7.2941175],"tintindex":0,"rotation":0,"texture":"#0"},"south":{"uv":[6.1764708,7.3235292,6.2941175,7.4411764],"tintindex":0,"rotation":0,"texture":"#0"},"north":{"uv":[4.882353,7.1764708,5.0,7.2941175],"tintindex":0,"rotation":0,"texture":"#0"},"west":{"uv":[6.2941175,7.3235292,6.4117646,7.4411764],"tintindex":0,"rotation":0,"texture":"#0"},"up":{"uv":[6.529412,7.4411764,6.4117646,7.3235292],"tintindex":0,"rotation":0,"texture":"#0"},"down":{"uv":[6.647059,7.3235292,6.529412,7.4411764],"tintindex":0,"rotation":0,"texture":"#0"}},"rotation":{"origin":[13.424264,9.75,2.9499998],"angle":45.0,"axis":"z"}},{"from":[3.550736,6.1500015,1.0],"to":[5.550736,8.150002,3.0],"faces":{"east":{"uv":[9.235294,8.0,9.117647,8.117647],"tintindex":0,"rotation":0,"texture":"#0"},"south":{"uv":[9.117647,8.0,9.0,8.117647],"tintindex":0,"rotation":0,"texture":"#0"},"north":{"uv":[6.764706,7.3235292,6.647059,7.4411764],"tintindex":0,"rotation":0,"texture":"#0"},"west":{"uv":[6.882353,7.3235292,6.764706,7.4411764],"tintindex":0,"rotation":0,"texture":"#0"},"up":{"uv":[9.235294,8.117647,9.3529415,8.0],"tintindex":0,"rotation":0,"texture":"#0"},"down":{"uv":[9.3529415,8.0,9.470589,8.117647],"tintindex":0,"rotation":0,"texture":"#0"}},"rotation":{"origin":[5.700736,9.75,1.1499996],"angle":-45.0,"axis":"z"}},{"from":[8.499264,8.099998,-0.25],"to":[10.499264,10.099998,1.75],"faces":{"east":{"uv":[6.764706,7.3235292,6.882353,7.4411764],"tintindex":0,"rotation":0,"texture":"#0"},"south":{"uv":[9.0,8.0,9.117647,8.117647],"tintindex":0,"rotation":0,"texture":"#0"},"north":{"uv":[6.647059,7.3235292,6.764706,7.4411764],"tintindex":0,"rotation":0,"texture":"#0"},"west":{"uv":[9.117647,8.0,9.235294,8.117647],"tintindex":0,"rotation":0,"texture":"#0"},"up":{"uv":[9.3529415,8.117647,9.235294,8.0],"tintindex":0,"rotation":0,"texture":"#0"},"down":{"uv":[9.470589,8.0,9.3529415,8.117647],"tintindex":0,"rotation":0,"texture":"#0"}},"rotation":{"origin":[10.299264,9.75,0.39999962],"angle":45.0,"axis":"z"}},{"from":[5.500736,8.099998,-0.25],"to":[7.500736,10.099998,1.75],"faces":{"east":{"uv":[9.235294,8.0,9.117647,8.117647],"tintindex":0,"rotation":0,"texture":"#0"},"south":{"uv":[9.117647,8.0,9.0,8.117647],"tintindex":0,"rotation":0,"texture":"#0"},"north":{"uv":[6.764706,7.3235292,6.647059,7.4411764],"tintindex":0,"rotation":0,"texture":"#0"},"west":{"uv":[6.882353,7.3235292,6.764706,7.4411764],"tintindex":0,"rotation":0,"texture":"#0"},"up":{"uv":[9.235294,8.117647,9.3529415,8.0],"tintindex":0,"rotation":0,"texture":"#0"},"down":{"uv":[9.3529415,8.0,9.470589,8.117647],"tintindex":0,"rotation":0,"texture":"#0"}},"rotation":{"origin":[5.700736,9.75,0.39999962],"angle":-45.0,"axis":"z"}},{"from":[10.449265,6.1500015,1.0],"to":[12.449265,8.150002,3.0],"faces":{"east":{"uv":[6.764706,7.3235292,6.882353,7.4411764],"tintindex":0,"rotation":0,"texture":"#0"},"south":{"uv":[9.0,8.0,9.117647,8.117647],"tintindex":0,"rotation":0,"texture":"#0"},"north":{"uv":[6.647059,7.3235292,6.764706,7.4411764],"tintindex":0,"rotation":0,"texture":"#0"},"west":{"uv":[9.117647,8.0,9.235294,8.117647],"tintindex":0,"rotation":0,"texture":"#0"},"up":{"uv":[9.3529415,8.117647,9.235294,8.0],"tintindex":0,"rotation":0,"texture":"#0"},"down":{"uv":[9.470589,8.0,9.3529415,8.117647],"tintindex":0,"rotation":0,"texture":"#0"}},"rotation":{"origin":[10.299264,9.75,1.1499996],"angle":45.0,"axis":"z"}},{"from":[0.0,10.25,-5.25],"to":[2.0,15.25,-3.25],"faces":{"east":{"uv":[8.794118,12.705882,8.911765,13.0],"tintindex":0,"rotation":0,"texture":"#0"},"south":{"uv":[4.882353,12.8529415,5.0,13.1470585],"tintindex":0,"rotation":0,"texture":"#0"},"north":{"uv":[8.794118,12.411765,8.911765,12.705882],"tintindex":0,"rotation":0,"texture":"#0"},"west":{"uv":[8.794118,13.0,8.911765,13.294118],"tintindex":0,"rotation":0,"texture":"#0"},"up":{"uv":[4.764706,7.2941175,4.647059,7.1764708],"tintindex":0,"rotation":0,"texture":"#0"},"down":{"uv":[4.882353,7.1764708,4.764706,7.2941175],"tintindex":0,"rotation":0,"texture":"#0"}},"rotation":{"origin":[1.5,10.0,-1.5],"angle":-22.5,"axis":"x"}},{"from":[2.2257361,8.049999,3.65],"to":[4.2257357,10.049999,5.65],"faces":{"east":{"uv":[6.4117646,7.3235292,6.2941175,7.4411764],"tintindex":0,"rotation":0,"texture":"#0"},"south":{"uv":[6.2941175,7.3235292,6.1764708,7.4411764],"tintindex":0,"rotation":0,"texture":"#0"},"north":{"uv":[5.0,7.1764708,4.882353,7.2941175],"tintindex":0,"rotation":0,"texture":"#0"},"west":{"uv":[5.117647,7.1764708,5.0,7.2941175],"tintindex":0,"rotation":0,"texture":"#0"},"up":{"uv":[6.4117646,7.4411764,6.529412,7.3235292],"tintindex":0,"rotation":0,"texture":"#0"},"down":{"uv":[6.529412,7.3235292,6.647059,7.4411764],"tintindex":0,"rotation":0,"texture":"#0"}},"rotation":{"origin":[2.575736,9.75,2.9499998],"angle":-45.0,"axis":"z"}}],"display":{"gui":{"rotation":[30,225,0]}}}