{"textures":{"0":"modelengine:entity/gargoyle"},"elements":[{"from":[7.1505017,9.072151,6.6666665],"to":[28.150503,11.738818,9.333333],"faces":{"east":{"uv":[15.205882,0.9117647,15.441176,1.1470588],"tintindex":0,"rotation":0,"texture":"#0"},"south":{"uv":[12.058824,5.6764708,13.911765,5.9117646],"tintindex":0,"rotation":0,"texture":"#0"},"north":{"uv":[12.029412,11.441176,13.882353,11.676471],"tintindex":0,"rotation":0,"texture":"#0"},"west":{"uv":[15.205882,1.1470588,15.441176,1.382353],"tintindex":0,"rotation":0,"texture":"#0"},"up":{"uv":[13.911765,6.147059,12.058824,5.9117646],"tintindex":0,"rotation":0,"texture":"#0"},"down":{"uv":[13.911765,6.147059,12.058824,6.382353],"tintindex":0,"rotation":0,"texture":"#0"}},"rotation":{"origin":[13.483835,10.405485,8.0],"angle":22.5,"axis":"z"}},{"from":[7.1505017,-11.927849,8.0],"to":[28.150503,15.738818,8.0],"faces":{"south":{"uv":[0.0,6.470588,1.8529412,8.911765],"tintindex":0,"rotation":0,"texture":"#0"},"north":{"uv":[5.117647,4.882353,6.970588,7.3235292],"tintindex":0,"rotation":0,"texture":"#0"}}}],"display":{"gui":{"rotation":[30,225,0]}}}