{"textures":{"0":"modelengine:entity/gargoyle"},"elements":[{"from":[6.0,-11.1,5.2],"to":[12.0,0.10000038,12.4],"faces":{"east":{"uv":[1.2352941,13.941176,1.6470588,14.588235],"tintindex":0,"rotation":0,"texture":"#0"},"south":{"uv":[9.323529,14.1470585,9.676471,14.794118],"tintindex":0,"rotation":0,"texture":"#0"},"north":{"uv":[7.5882354,14.1470585,7.9411764,14.794118],"tintindex":0,"rotation":0,"texture":"#0"},"west":{"uv":[2.5294118,13.941176,2.9411764,14.588235],"tintindex":0,"rotation":0,"texture":"#0"},"up":{"uv":[15.205882,5.352941,14.8529415,4.9411764],"tintindex":0,"rotation":0,"texture":"#0"},"down":{"uv":[12.0,14.8529415,11.6470585,15.264706],"tintindex":0,"rotation":0,"texture":"#0"}}},{"from":[5.1995,-5.5004997,3.1994996],"to":[12.800499,9.700499,10.400499],"faces":{"east":{"uv":[4.470588,12.8529415,4.882353,13.735294],"tintindex":0,"rotation":0,"texture":"#0"},"south":{"uv":[12.735294,9.941176,13.176471,10.823529],"tintindex":0,"rotation":0,"texture":"#0"},"north":{"uv":[6.6764708,12.735294,7.117647,13.617647],"tintindex":0,"rotation":0,"texture":"#0"},"west":{"uv":[7.117647,12.8529415,7.529412,13.735294],"tintindex":0,"rotation":0,"texture":"#0"},"up":{"uv":[15.117647,3.2941177,14.676471,2.882353],"tintindex":0,"rotation":0,"texture":"#0"},"down":{"uv":[15.117647,6.2058825,14.676471,6.617647],"tintindex":0,"rotation":0,"texture":"#0"}}}],"display":{"gui":{"rotation":[30,225,0]}}}