{"textures":{"0":"modelengine:entity/gargoyle"},"elements":[{"from":[8.0,2.7999992,-1.6000004],"to":[16.0,11.599998,13.6],"faces":{"east":{"uv":[12.058824,4.617647,12.941176,5.147059],"tintindex":0,"rotation":0,"texture":"#0"},"south":{"uv":[5.352941,13.941176,5.8235292,14.470589],"tintindex":0,"rotation":0,"texture":"#0"},"north":{"uv":[4.882353,13.941176,5.352941,14.470589],"tintindex":0,"rotation":0,"texture":"#0"},"west":{"uv":[12.058824,5.147059,12.941176,5.6764708],"tintindex":0,"rotation":0,"texture":"#0"},"up":{"uv":[1.3529412,13.558824,0.88235295,12.676471],"tintindex":0,"rotation":0,"texture":"#0"},"down":{"uv":[1.8235294,12.705882,1.3529412,13.588235],"tintindex":0,"rotation":0,"texture":"#0"}}},{"from":[4.8,3.6000004,-6.0],"to":[12.0,10.0,10.0],"faces":{"east":{"uv":[10.058824,9.235294,11.0,9.617647],"tintindex":0,"rotation":0,"texture":"#0"},"south":{"uv":[14.8529415,0.29411766,15.264706,0.6764706],"tintindex":0,"rotation":0,"texture":"#0"},"north":{"uv":[3.235294,14.823529,3.6470587,15.205882],"tintindex":0,"rotation":0,"texture":"#0"},"west":{"uv":[12.8529415,7.5882354,13.794118,7.970588],"tintindex":0,"rotation":0,"texture":"#0"},"up":{"uv":[13.176471,2.5294118,12.764706,1.5882353],"tintindex":0,"rotation":0,"texture":"#0"},"down":{"uv":[13.176471,2.5294118,12.764706,3.4705882],"tintindex":0,"rotation":0,"texture":"#0"}}},{"from":[5.6,6.3999996,-9.6],"to":[13.2,14.0,10.8],"faces":{"east":{"uv":[11.558824,3.1176472,12.764706,3.5588236],"tintindex":0,"rotation":0,"texture":"#0"},"south":{"uv":[14.617647,8.5,15.058824,8.941176],"tintindex":0,"rotation":0,"texture":"#0"},"north":{"uv":[14.617647,7.470588,15.058824,7.9117646],"tintindex":0,"rotation":0,"texture":"#0"},"west":{"uv":[11.6470585,7.617647,12.8529415,8.058824],"tintindex":0,"rotation":0,"texture":"#0"},"up":{"uv":[9.617647,12.823529,9.176471,11.617647],"tintindex":0,"rotation":0,"texture":"#0"},"down":{"uv":[7.617647,11.6470585,7.1764708,12.8529415],"tintindex":0,"rotation":0,"texture":"#0"}}}],"display":{"gui":{"rotation":[30,225,0]}}}