{"textures":{"0":"modelengine:entity/gargoyle"},"elements":[{"from":[7.3333335,1.6666665,3.333333],"to":[16.333334,11.0,12.666667],"faces":{"east":{"uv":[6.5588236,10.705882,7.382353,11.529412],"tintindex":0,"rotation":0,"texture":"#0"},"south":{"uv":[11.235294,10.911765,12.029412,11.735294],"tintindex":0,"rotation":0,"texture":"#0"},"north":{"uv":[5.1764708,11.205882,5.970588,12.029412],"tintindex":0,"rotation":0,"texture":"#0"},"west":{"uv":[10.735294,2.2941177,11.558824,3.1176472],"tintindex":0,"rotation":0,"texture":"#0"},"up":{"uv":[12.058824,4.764706,11.264706,3.9411764],"tintindex":0,"rotation":0,"texture":"#0"},"down":{"uv":[12.058824,4.764706,11.264706,5.5882354],"tintindex":0,"rotation":0,"texture":"#0"}}},{"from":[15.666667,0.33333302,3.0],"to":[27.666668,8.333333,11.0],"faces":{"east":{"uv":[11.117647,11.735294,11.823529,12.441176],"tintindex":0,"rotation":0,"texture":"#0"},"south":{"uv":[10.205882,4.647059,11.264706,5.352941],"tintindex":0,"rotation":0,"texture":"#0"},"north":{"uv":[10.058824,8.529412,11.117647,9.235294],"tintindex":0,"rotation":0,"texture":"#0"},"west":{"uv":[11.764706,6.4117646,12.470589,7.117647],"tintindex":0,"rotation":0,"texture":"#0"},"up":{"uv":[11.264706,6.0588236,10.205882,5.352941],"tintindex":0,"rotation":0,"texture":"#0"},"down":{"uv":[2.0,10.264706,0.9411765,10.970589],"tintindex":0,"rotation":0,"texture":"#0"}}}],"display":{"gui":{"rotation":[30,225,0]}}}