{"textures":{"0":"modelengine:entity/gargoyle"},"elements":[{"from":[6.333333,4.0,4.0],"to":[26.333334,11.0,10.666667],"faces":{"east":{"uv":[12.529412,11.676471,13.117647,12.294118],"tintindex":0,"rotation":0,"texture":"#0"},"south":{"uv":[7.2352943,7.5,9.0,8.117647],"tintindex":0,"rotation":0,"texture":"#0"},"north":{"uv":[5.470588,7.5,7.2352943,8.117647],"tintindex":0,"rotation":0,"texture":"#0"},"west":{"uv":[12.588235,8.058824,13.176471,8.676471],"tintindex":0,"rotation":0,"texture":"#0"},"up":{"uv":[10.205882,3.764706,8.441176,3.1764705],"tintindex":0,"rotation":0,"texture":"#0"},"down":{"uv":[10.205882,3.764706,8.441176,4.352941],"tintindex":0,"rotation":0,"texture":"#0"}}},{"from":[4.0,4.6666665,6.333333],"to":[22.333334,12.0,12.666667],"faces":{"east":{"uv":[12.911765,12.911765,13.470589,13.558824],"tintindex":0,"rotation":0,"texture":"#0"},"south":{"uv":[8.029412,6.470588,9.6470585,7.117647],"tintindex":0,"rotation":0,"texture":"#0"},"north":{"uv":[7.8235292,2.5294118,9.441176,3.1764705],"tintindex":0,"rotation":0,"texture":"#0"},"west":{"uv":[12.941176,3.4705882,13.5,4.117647],"tintindex":0,"rotation":0,"texture":"#0"},"up":{"uv":[11.264706,6.6764708,9.6470585,6.117647],"tintindex":0,"rotation":0,"texture":"#0"},"down":{"uv":[3.0294118,9.705882,1.4117647,10.264706],"tintindex":0,"rotation":0,"texture":"#0"}}}],"display":{"gui":{"rotation":[30,225,0]}}}