{"textures":{"0":"modelengine:entity/gargoyle"},"elements":[{"from":[20.403452,-10.927633,7.0],"to":[22.403452,14.072369,9.0],"faces":{"east":{"uv":[4.0,10.529412,4.2352943,13.470589],"tintindex":0,"rotation":0,"texture":"#0"},"south":{"uv":[4.2352943,10.529412,4.470588,13.470589],"tintindex":0,"rotation":0,"texture":"#0"},"north":{"uv":[3.764706,10.529412,4.0,13.470589],"tintindex":0,"rotation":0,"texture":"#0"},"west":{"uv":[8.941176,10.676471,9.176471,13.617647],"tintindex":0,"rotation":0,"texture":"#0"},"up":{"uv":[3.1176472,15.441176,2.882353,15.205882],"tintindex":0,"rotation":0,"texture":"#0"},"down":{"uv":[3.3529413,15.205882,3.1176472,15.441176],"tintindex":0,"rotation":0,"texture":"#0"}},"rotation":{"origin":[20.112307,-5.938263,8.0],"angle":45.0,"axis":"z"}}],"display":{"gui":{"rotation":[30,225,0]}}}