{"textures":{"0":"modelengine:entity/gargoyle"},"elements":[{"from":[8.774203,-11.984091,8.0],"to":[18.44087,24.682577,8.0],"faces":{"south":{"uv":[6.970588,0.0,7.8235292,3.235294],"tintindex":0,"rotation":0,"texture":"#0"},"north":{"uv":[3.5588236,6.470588,4.4117646,9.705882],"tintindex":0,"rotation":0,"texture":"#0"}}},{"from":[7.536634,5.3909707,6.6666665],"to":[10.2033,26.057638,9.333333],"faces":{"east":{"uv":[8.323529,12.117647,8.558824,13.941176],"tintindex":0,"rotation":0,"texture":"#0"},"south":{"uv":[8.558824,12.117647,8.794118,13.941176],"tintindex":0,"rotation":0,"texture":"#0"},"north":{"uv":[8.088235,12.117647,8.323529,13.941176],"tintindex":0,"rotation":0,"texture":"#0"},"west":{"uv":[5.970588,12.382353,6.2058825,14.205882],"tintindex":0,"rotation":0,"texture":"#0"},"up":{"uv":[15.441176,1.9705882,15.205882,1.7352941],"tintindex":0,"rotation":0,"texture":"#0"},"down":{"uv":[15.441176,1.9705882,15.205882,2.2058823],"tintindex":0,"rotation":0,"texture":"#0"}},"rotation":{"origin":[12.30377,10.841289,8.0],"angle":-22.5,"axis":"z"}}],"display":{"gui":{"rotation":[30,225,0]}}}