{"textures":{"0":"modelengine:entity/gargoyle"},"elements":[{"from":[4.5,4.5,5.5],"to":[11.166667,11.166667,24.166668],"faces":{"east":{"uv":[8.441176,5.529412,10.088235,6.117647],"tintindex":0,"rotation":0,"texture":"#0"},"south":{"uv":[13.176471,0.9411765,13.764706,1.5294118],"tintindex":0,"rotation":0,"texture":"#0"},"north":{"uv":[12.294118,13.088235,12.882353,13.676471],"tintindex":0,"rotation":0,"texture":"#0"},"west":{"uv":[6.764706,8.764706,8.411765,9.3529415],"tintindex":0,"rotation":0,"texture":"#0"},"up":{"uv":[5.0,10.0,4.4117646,8.3529415],"tintindex":0,"rotation":0,"texture":"#0"},"down":{"uv":[9.0,8.764706,8.411765,10.411765],"tintindex":0,"rotation":0,"texture":"#0"}}}],"display":{"gui":{"rotation":[30,225,0]}}}