{"textures":{"0":"modelengine:entity/gargoyle"},"elements":[{"from":[5.1666665,5.1666665,6.5],"to":[10.5,10.5,25.833334],"faces":{"east":{"uv":[10.058824,6.6764708,11.764706,7.147059],"tintindex":0,"rotation":0,"texture":"#0"},"south":{"uv":[14.382353,12.029412,14.8529415,12.5],"tintindex":0,"rotation":0,"texture":"#0"},"north":{"uv":[11.764706,14.382353,12.235294,14.8529415],"tintindex":0,"rotation":0,"texture":"#0"},"west":{"uv":[10.058824,7.147059,11.764706,7.617647],"tintindex":0,"rotation":0,"texture":"#0"},"up":{"uv":[0.47058824,11.970589,0.0,10.264706],"tintindex":0,"rotation":0,"texture":"#0"},"down":{"uv":[0.9411765,10.264706,0.47058824,11.970589],"tintindex":0,"rotation":0,"texture":"#0"}}}],"display":{"gui":{"rotation":[30,225,0]}}}