{"textures":{"0":"modelengine:entity/gargoyle"},"elements":[{"from":[4.833333,4.833333,5.5],"to":[10.833334,10.833334,24.166668],"faces":{"east":{"uv":[3.0294118,10.0,4.6764708,10.529412],"tintindex":0,"rotation":0,"texture":"#0"},"south":{"uv":[13.3529415,13.8529415,13.882353,14.382353],"tintindex":0,"rotation":0,"texture":"#0"},"north":{"uv":[8.794118,13.705882,9.323529,14.235294],"tintindex":0,"rotation":0,"texture":"#0"},"west":{"uv":[10.0,8.0,11.6470585,8.529412],"tintindex":0,"rotation":0,"texture":"#0"},"up":{"uv":[10.735294,4.647059,10.205882,3.0],"tintindex":0,"rotation":0,"texture":"#0"},"down":{"uv":[10.411765,10.205882,9.882353,11.8529415],"tintindex":0,"rotation":0,"texture":"#0"}}}],"display":{"gui":{"rotation":[30,225,0]}}}