{"textures":{"0":"modelengine:entity/gargoyle"},"elements":[{"from":[4.1666665,4.1666665,5.5],"to":[11.5,11.5,24.166668],"faces":{"east":{"uv":[7.8235292,1.2352941,9.470589,1.882353],"tintindex":0,"rotation":0,"texture":"#0"},"south":{"uv":[10.323529,12.441176,10.970589,13.088235],"tintindex":0,"rotation":0,"texture":"#0"},"north":{"uv":[12.323529,0.0,12.970589,0.64705884],"tintindex":0,"rotation":0,"texture":"#0"},"west":{"uv":[7.8235292,1.882353,9.470589,2.5294118],"tintindex":0,"rotation":0,"texture":"#0"},"up":{"uv":[6.117647,9.764706,5.470588,8.117647],"tintindex":0,"rotation":0,"texture":"#0"},"down":{"uv":[6.764706,8.117647,6.117647,9.764706],"tintindex":0,"rotation":0,"texture":"#0"}}}],"display":{"gui":{"rotation":[30,225,0]}}}