{"textures":{"0":"modelengine:entity/nocsy_drakonin"},"elements":[{"from":[4.0,4.7727404,3.373014],"to":[12.0,12.77274,15.3730135],"faces":{"east":{"uv":[6.0,2.625,6.75,3.125],"tintindex":0,"rotation":0,"texture":"#0"},"south":{"uv":[6.5,1.8125,7.0,2.3125],"tintindex":0,"rotation":0,"texture":"#0"},"north":{"uv":[6.5,1.25,7.0,1.75],"tintindex":0,"rotation":0,"texture":"#0"},"west":{"uv":[6.0,3.1875,6.75,3.6875],"tintindex":0,"rotation":0,"texture":"#0"},"up":{"uv":[6.5,4.5,6.0,3.75],"tintindex":0,"rotation":0,"texture":"#0"},"down":{"uv":[5.25,6.125,4.75,6.875],"tintindex":0,"rotation":0,"texture":"#0"}}},{"from":[4.01,2.811537,13.084082],"to":[11.99,10.791536,21.064081],"faces":{"east":{"uv":[5.3125,6.625,5.8125,7.125],"tintindex":0,"rotation":0,"texture":"#0"},"south":{"uv":[6.75,4.3125,7.25,4.8125],"tintindex":0,"rotation":0,"texture":"#0"},"north":{"uv":[6.5625,3.75,7.0625,4.25],"tintindex":0,"rotation":0,"texture":"#0"},"west":{"uv":[6.75,4.875,7.25,5.375],"tintindex":0,"rotation":0,"texture":"#0"},"up":{"uv":[7.25,5.9375,6.75,5.4375],"tintindex":0,"rotation":0,"texture":"#0"},"down":{"uv":[7.25,6.0,6.75,6.5],"tintindex":0,"rotation":0,"texture":"#0"}},"rotation":{"origin":[8.0,6.008381,19.178501],"angle":22.5,"axis":"x"}},{"from":[3.99,6.6163006,1.6555111],"to":[12.01,15.636302,9.675511],"faces":{"east":{"uv":[3.8125,6.3125,4.3125,6.875],"tintindex":0,"rotation":0,"texture":"#0"},"south":{"uv":[6.5,0.0,7.0,0.5625],"tintindex":0,"rotation":0,"texture":"#0"},"north":{"uv":[3.25,6.3125,3.75,6.875],"tintindex":0,"rotation":0,"texture":"#0"},"west":{"uv":[6.5,0.625,7.0,1.1875],"tintindex":0,"rotation":0,"texture":"#0"},"up":{"uv":[7.25,7.0625,6.75,6.5625],"tintindex":0,"rotation":0,"texture":"#0"},"down":{"uv":[7.3125,2.375,6.8125,2.875],"tintindex":0,"rotation":0,"texture":"#0"}},"rotation":{"origin":[7.5,9.991618,7.178502],"angle":-22.5,"axis":"x"}}],"display":{"gui":{"rotation":[30,225,0]}}}