{"textures":{"0":"modelengine:entity/nocsy_drakonin"},"elements":[{"from":[8.575,8.060514,3.3800054],"to":[11.575,15.060514,3.3800054],"faces":{"south":{"uv":[7.3125,9.0,7.5,9.4375],"tintindex":0,"rotation":0,"texture":"#0"},"north":{"uv":[7.5,9.0,7.3125,9.4375],"tintindex":0,"rotation":0,"texture":"#0"}}},{"from":[6.0,5.370228,-0.24030113],"to":[6.0,8.370228,5.759699],"faces":{"east":{"uv":[5.125,9.5625,5.5,9.75],"tintindex":0,"rotation":0,"texture":"#0"},"west":{"uv":[9.5625,5.125,9.9375,5.3125],"tintindex":0,"rotation":0,"texture":"#0"}}},{"from":[4.575,8.260515,3.3300052],"to":[6.075,15.660515,3.3300052],"faces":{"south":{"uv":[7.1875,10.625,7.0,11.0625],"tintindex":0,"rotation":0,"texture":"#0"},"north":{"uv":[7.0,10.625,7.1875,11.0625],"tintindex":0,"rotation":0,"texture":"#0"}}},{"from":[9.925,8.260515,3.3300052],"to":[11.425,15.660515,3.3300052],"faces":{"south":{"uv":[7.0,10.625,7.1875,11.0625],"tintindex":0,"rotation":0,"texture":"#0"},"north":{"uv":[7.1875,10.625,7.0,11.0625],"tintindex":0,"rotation":0,"texture":"#0"}}},{"from":[10.0,5.370228,-0.24030113],"to":[10.0,8.370228,5.759699],"faces":{"east":{"uv":[6.125,9.5625,6.5,9.75],"tintindex":0,"rotation":0,"texture":"#0"},"west":{"uv":[7.4375,9.5625,7.8125,9.75],"tintindex":0,"rotation":0,"texture":"#0"}}},{"from":[8.625,7.760515,3.280006],"to":[11.625,14.760515,3.280006],"faces":{"south":{"uv":[7.375,10.625,7.5625,11.0625],"tintindex":0,"rotation":0,"texture":"#0"},"north":{"uv":[7.5625,10.625,7.375,11.0625],"tintindex":0,"rotation":0,"texture":"#0"}}},{"from":[4.375,7.760515,3.280006],"to":[7.375,14.760515,3.280006],"faces":{"south":{"uv":[7.5625,10.625,7.375,11.0625],"tintindex":0,"rotation":0,"texture":"#0"},"north":{"uv":[7.375,10.625,7.5625,11.0625],"tintindex":0,"rotation":0,"texture":"#0"}}},{"from":[9.8,9.794107,-0.42298508],"to":[9.8,16.794107,3.5770154],"faces":{"east":{"uv":[1.0,8.25,1.25,8.6875],"tintindex":0,"rotation":0,"texture":"#0"},"west":{"uv":[1.3125,8.25,1.5625,8.6875],"tintindex":0,"rotation":0,"texture":"#0"}},"rotation":{"origin":[10.5,13.294107,2.0770154],"angle":22.5,"axis":"y"}},{"from":[12.007684,8.160515,3.2038856],"to":[12.007684,15.160515,5.203885],"faces":{"east":{"uv":[9.3125,10.625,9.4375,11.0625],"tintindex":0,"rotation":0,"texture":"#0"},"west":{"uv":[9.4375,10.625,9.3125,11.0625],"tintindex":0,"rotation":0,"texture":"#0"}},"rotation":{"origin":[12.007684,11.260515,4.203885],"angle":22.5,"axis":"y"}},{"from":[6.0,5.370228,-0.24030113],"to":[10.0,8.370228,-0.24030113],"faces":{"south":{"uv":[8.1875,2.125,8.4375,2.3125],"tintindex":0,"rotation":0,"texture":"#0"},"north":{"uv":[6.5,2.375,6.75,2.5625],"tintindex":0,"rotation":0,"texture":"#0"}}},{"from":[1.7083755,6.0605145,5.8694777],"to":[1.7083755,17.060514,12.869478],"faces":{"east":{"uv":[6.25,6.0625,6.6875,6.75],"tintindex":0,"rotation":0,"texture":"#0"},"west":{"uv":[2.75,6.3125,3.1875,7.0],"tintindex":0,"rotation":0,"texture":"#0"}},"rotation":{"origin":[4.208375,7.5605145,12.669477],"angle":-22.5,"axis":"y"}},{"from":[6.2,9.794107,-0.42298508],"to":[6.2,16.794107,3.5770154],"faces":{"east":{"uv":[1.625,8.25,1.875,8.6875],"tintindex":0,"rotation":0,"texture":"#0"},"west":{"uv":[1.9375,8.25,2.1875,8.6875],"tintindex":0,"rotation":0,"texture":"#0"}},"rotation":{"origin":[5.5,13.294107,2.0770154],"angle":-22.5,"axis":"y"}},{"from":[6.0,8.370228,-0.24030113],"to":[10.0,10.370228,5.759699],"faces":{"east":{"uv":[9.75,1.25,10.125,1.375],"tintindex":0,"rotation":0,"texture":"#0"},"south":{"uv":[10.3125,3.375,10.5625,3.5],"tintindex":0,"rotation":0,"texture":"#0"},"north":{"uv":[10.1875,9.5,10.4375,9.625],"tintindex":0,"rotation":0,"texture":"#0"},"west":{"uv":[9.75,1.4375,10.125,1.5625],"tintindex":0,"rotation":0,"texture":"#0"},"up":{"uv":[5.4375,9.0,5.1875,8.625],"tintindex":0,"rotation":0,"texture":"#0"},"down":{"uv":[5.75,8.625,5.5,9.0],"tintindex":0,"rotation":0,"texture":"#0"}}},{"from":[4.425,8.060514,3.3800054],"to":[7.4249997,15.060514,3.3800054],"faces":{"south":{"uv":[7.5,9.0,7.3125,9.4375],"tintindex":0,"rotation":0,"texture":"#0"},"north":{"uv":[7.3125,9.0,7.5,9.4375],"tintindex":0,"rotation":0,"texture":"#0"}}},{"from":[14.291624,6.0605145,5.8694777],"to":[14.291624,17.060514,12.869478],"faces":{"east":{"uv":[6.25,4.5625,6.6875,5.25],"tintindex":0,"rotation":0,"texture":"#0"},"west":{"uv":[6.25,5.3125,6.6875,6.0],"tintindex":0,"rotation":0,"texture":"#0"}},"rotation":{"origin":[11.791625,7.5605145,12.669477],"angle":22.5,"axis":"y"}},{"from":[11.625,7.760515,3.280006],"to":[11.625,14.760515,5.2800055],"faces":{"east":{"uv":[9.3125,10.625,9.4375,11.0625],"tintindex":0,"rotation":0,"texture":"#0"},"west":{"uv":[9.4375,10.625,9.3125,11.0625],"tintindex":0,"rotation":0,"texture":"#0"}}},{"from":[4.0,6.8605156,4.1300054],"to":[4.0,21.860516,11.130006],"faces":{"east":{"uv":[5.5,2.625,5.9375,3.5625],"tintindex":0,"rotation":0,"texture":"#0"},"west":{"uv":[5.5,3.625,5.9375,4.5625],"tintindex":0,"rotation":0,"texture":"#0"}},"rotation":{"origin":[6.5,14.360516,10.930006],"angle":-22.5,"axis":"y"}},{"from":[6.5,11.053123,0.0012459755],"to":[9.5,13.053123,7.001246],"faces":{"east":{"uv":[2.75,7.5625,3.1875,7.6875],"tintindex":0,"rotation":0,"texture":"#0"},"south":{"uv":[3.375,8.0,3.5625,8.125],"tintindex":0,"rotation":0,"texture":"#0"},"north":{"uv":[5.0,7.5,5.1875,7.625],"tintindex":0,"rotation":0,"texture":"#0"},"west":{"uv":[9.6875,1.0625,10.125,1.1875],"tintindex":0,"rotation":0,"texture":"#0"},"up":{"uv":[7.75,9.5,7.5625,9.0625],"tintindex":0,"rotation":0,"texture":"#0"},"down":{"uv":[8.0,9.0625,7.8125,9.5],"tintindex":0,"rotation":0,"texture":"#0"}},"rotation":{"origin":[8.0,12.053123,3.501246],"angle":-22.5,"axis":"x"}},{"from":[5.0,10.794107,-0.52298546],"to":[11.0,12.794107,1.477015],"faces":{"east":{"uv":[2.5625,8.375,2.6875,8.5],"tintindex":0,"rotation":0,"texture":"#0"},"south":{"uv":[9.6875,8.875,10.0625,9.0],"tintindex":0,"rotation":0,"texture":"#0"},"north":{"uv":[8.0625,9.6875,8.4375,9.8125],"tintindex":0,"rotation":0,"texture":"#0"},"west":{"uv":[4.0625,8.5625,4.1875,8.6875],"tintindex":0,"rotation":0,"texture":"#0"},"up":{"uv":[9.875,9.8125,9.5,9.6875],"tintindex":0,"rotation":0,"texture":"#0"},"down":{"uv":[0.625,9.75,0.25,9.875],"tintindex":0,"rotation":0,"texture":"#0"}},"rotation":{"origin":[8.5,10.294107,2.0770154],"angle":-45.0,"axis":"x"}},{"from":[11.575,8.060514,3.3800054],"to":[11.575,15.060514,5.3800054],"faces":{"east":{"uv":[9.4375,9.5625,9.3125,10.0],"tintindex":0,"rotation":0,"texture":"#0"},"west":{"uv":[9.3125,9.5625,9.4375,10.0],"tintindex":0,"rotation":0,"texture":"#0"}}},{"from":[4.5,8.060514,3.4300056],"to":[11.5,15.060514,11.430006],"faces":{"east":{"uv":[6.8125,2.9375,7.3125,3.375],"tintindex":0,"rotation":0,"texture":"#0"},"south":{"uv":[6.4375,7.125,6.875,7.5625],"tintindex":0,"rotation":0,"texture":"#0"},"north":{"uv":[2.75,7.0625,3.1875,7.5],"tintindex":0,"rotation":0,"texture":"#0"},"west":{"uv":[5.875,6.8125,6.375,7.25],"tintindex":0,"rotation":0,"texture":"#0"},"up":{"uv":[3.6875,7.4375,3.25,6.9375],"tintindex":0,"rotation":0,"texture":"#0"},"down":{"uv":[4.1875,6.9375,3.75,7.4375],"tintindex":0,"rotation":0,"texture":"#0"}}},{"from":[3.9923162,8.160515,3.2038856],"to":[3.9923162,15.160515,5.203885],"faces":{"east":{"uv":[9.3125,10.625,9.4375,11.0625],"tintindex":0,"rotation":0,"texture":"#0"},"west":{"uv":[9.4375,10.625,9.3125,11.0625],"tintindex":0,"rotation":0,"texture":"#0"}},"rotation":{"origin":[3.9923162,11.260515,4.203885],"angle":-22.5,"axis":"y"}},{"from":[4.425,8.060514,3.3800054],"to":[4.425,15.060514,5.3800054],"faces":{"east":{"uv":[9.4375,9.5625,9.3125,10.0],"tintindex":0,"rotation":0,"texture":"#0"},"west":{"uv":[9.3125,9.5625,9.4375,10.0],"tintindex":0,"rotation":0,"texture":"#0"}}},{"from":[4.375,7.760515,3.280006],"to":[4.375,14.760515,5.2800055],"faces":{"east":{"uv":[9.3125,10.625,9.4375,11.0625],"tintindex":0,"rotation":0,"texture":"#0"},"west":{"uv":[9.4375,10.625,9.3125,11.0625],"tintindex":0,"rotation":0,"texture":"#0"}}},{"from":[12.0,6.8605156,4.1300054],"to":[12.0,21.860516,11.130006],"faces":{"east":{"uv":[5.75,4.625,6.1875,5.5625],"tintindex":0,"rotation":0,"texture":"#0"},"west":{"uv":[5.75,5.625,6.1875,6.5625],"tintindex":0,"rotation":0,"texture":"#0"}},"rotation":{"origin":[9.5,14.360516,10.930006],"angle":22.5,"axis":"y"}},{"from":[5.5,9.794107,-0.42298508],"to":[10.5,11.794107,4.5770154],"faces":{"east":{"uv":[9.9375,9.6875,10.25,9.8125],"tintindex":0,"rotation":0,"texture":"#0"},"south":{"uv":[10.0625,2.5,10.375,2.625],"tintindex":0,"rotation":0,"texture":"#0"},"north":{"uv":[5.875,6.625,6.1875,6.75],"tintindex":0,"rotation":0,"texture":"#0"},"west":{"uv":[10.0625,2.6875,10.375,2.8125],"tintindex":0,"rotation":0,"texture":"#0"},"up":{"uv":[8.8125,6.5625,8.5,6.25],"tintindex":0,"rotation":0,"texture":"#0"},"down":{"uv":[8.8125,8.25,8.5,8.5625],"tintindex":0,"rotation":0,"texture":"#0"}},"rotation":{"origin":[8.0,10.294107,2.0770154],"angle":-22.5,"axis":"x"}}],"display":{"gui":{"rotation":[30,225,0]}}}