{"textures":{"0":"modelengine:entity/nocsy_drakonin"},"elements":[{"from":[5.0,2.9629807,5.3138895],"to":[9.0,9.96298,11.3138895],"faces":{"east":{"uv":[7.3125,6.1875,7.6875,6.625],"tintindex":0,"rotation":0,"texture":"#0"},"south":{"uv":[8.25,4.5,8.5,4.9375],"tintindex":0,"rotation":0,"texture":"#0"},"north":{"uv":[4.25,8.25,4.5,8.6875],"tintindex":0,"rotation":0,"texture":"#0"},"west":{"uv":[7.375,2.375,7.75,2.8125],"tintindex":0,"rotation":0,"texture":"#0"},"up":{"uv":[9.0,0.75,8.75,0.375],"tintindex":0,"rotation":0,"texture":"#0"},"down":{"uv":[1.125,8.75,0.875,9.125],"tintindex":0,"rotation":0,"texture":"#0"}},"rotation":{"origin":[11.5,7.9629803,9.3138895],"angle":-22.5,"axis":"x"}}],"display":{"gui":{"rotation":[30,225,0]}}}