{"textures":{"0":"modelengine:entity/nocsy_drakonin"},"elements":[{"from":[5.0,2.9629807,4.31389],"to":[9.0,10.96298,11.3138895],"faces":{"east":{"uv":[7.0625,0.0,7.5,0.5],"tintindex":0,"rotation":0,"texture":"#0"},"south":{"uv":[5.75,8.0625,6.0,8.5625],"tintindex":0,"rotation":0,"texture":"#0"},"north":{"uv":[5.4375,8.0625,5.6875,8.5625],"tintindex":0,"rotation":0,"texture":"#0"},"west":{"uv":[7.0625,0.5625,7.5,1.0625],"tintindex":0,"rotation":0,"texture":"#0"},"up":{"uv":[8.6875,0.8125,8.4375,0.375],"tintindex":0,"rotation":0,"texture":"#0"},"down":{"uv":[8.6875,5.0,8.4375,5.4375],"tintindex":0,"rotation":0,"texture":"#0"}},"rotation":{"origin":[11.5,7.9629803,9.3138895],"angle":-22.5,"axis":"x"}}],"display":{"gui":{"rotation":[30,225,0]}}}