{"textures":{"0":"modelengine:entity/nocsy_drakonin"},"elements":[{"from":[7.884174,5.3583155,11.14814],"to":[7.884174,9.358315,16.14814],"faces":{"east":{"uv":[9.4375,2.8125,9.75,3.0625],"tintindex":0,"rotation":0,"texture":"#0"},"west":{"uv":[3.5,9.4375,3.8125,9.6875],"tintindex":0,"rotation":0,"texture":"#0"}}},{"from":[11.541929,4.953557,-1.0409746],"to":[11.541929,8.953557,4.959026],"faces":{"east":{"uv":[8.9375,2.375,9.3125,2.625],"tintindex":0,"rotation":0,"texture":"#0"},"west":{"uv":[2.5625,8.9375,2.9375,9.1875],"tintindex":0,"rotation":0,"texture":"#0"}},"rotation":{"origin":[8.24193,6.9535565,1.9590254],"angle":-22.5,"axis":"y"}},{"from":[9.162161,5.1168184,3.7287323],"to":[12.182161,8.136819,7.7487326],"faces":{"east":{"uv":[10.0,1.625,10.25,1.8125],"tintindex":0,"rotation":0,"texture":"#0"},"south":{"uv":[10.3125,1.875,10.5,2.0625],"tintindex":0,"rotation":0,"texture":"#0"},"north":{"uv":[1.8125,10.3125,2.0,10.5],"tintindex":0,"rotation":0,"texture":"#0"},"west":{"uv":[10.0,3.3125,10.25,3.5],"tintindex":0,"rotation":0,"texture":"#0"},"up":{"uv":[2.0,10.25,1.8125,10.0],"tintindex":0,"rotation":0,"texture":"#0"},"down":{"uv":[5.5625,10.0,5.375,10.25],"tintindex":0,"rotation":0,"texture":"#0"}},"rotation":{"origin":[7.672161,6.626818,3.2387323],"angle":-22.5,"axis":"y"}},{"from":[4.5419292,4.953557,-1.0409746],"to":[4.5419292,8.953557,4.959026],"faces":{"east":{"uv":[8.9375,1.75,9.3125,2.0],"tintindex":0,"rotation":0,"texture":"#0"},"west":{"uv":[8.9375,2.0625,9.3125,2.3125],"tintindex":0,"rotation":0,"texture":"#0"}},"rotation":{"origin":[8.24193,6.9535565,1.9590254],"angle":22.5,"axis":"y"}},{"from":[3.5861876,5.1168184,3.7287323],"to":[6.606187,8.136819,7.7487326],"faces":{"east":{"uv":[9.9375,8.5,10.1875,8.6875],"tintindex":0,"rotation":0,"texture":"#0"},"south":{"uv":[7.125,10.25,7.3125,10.4375],"tintindex":0,"rotation":0,"texture":"#0"},"north":{"uv":[6.875,10.25,7.0625,10.4375],"tintindex":0,"rotation":0,"texture":"#0"},"west":{"uv":[8.75,9.9375,9.0,10.125],"tintindex":0,"rotation":0,"texture":"#0"},"up":{"uv":[10.125,9.3125,9.9375,9.0625],"tintindex":0,"rotation":0,"texture":"#0"},"down":{"uv":[10.125,9.375,9.9375,9.625],"tintindex":0,"rotation":0,"texture":"#0"}},"rotation":{"origin":[8.096187,6.626818,3.2387323],"angle":22.5,"axis":"y"}},{"from":[6.3941736,5.136819,9.908286],"to":[9.374174,8.116818,11.888286],"faces":{"east":{"uv":[10.3125,7.0625,10.4375,7.25],"tintindex":0,"rotation":0,"texture":"#0"},"south":{"uv":[10.3125,1.625,10.5,1.8125],"tintindex":0,"rotation":0,"texture":"#0"},"north":{"uv":[10.25,8.5,10.4375,8.6875],"tintindex":0,"rotation":0,"texture":"#0"},"west":{"uv":[10.3125,7.3125,10.4375,7.5],"tintindex":0,"rotation":0,"texture":"#0"},"up":{"uv":[10.5,7.6875,10.3125,7.5625],"tintindex":0,"rotation":0,"texture":"#0"},"down":{"uv":[7.875,10.3125,7.6875,10.4375],"tintindex":0,"rotation":0,"texture":"#0"}}},{"from":[8.041929,4.953557,-1.0409746],"to":[8.041929,8.953557,4.959026],"faces":{"east":{"uv":[8.875,8.25,9.25,8.5],"tintindex":0,"rotation":0,"texture":"#0"},"west":{"uv":[8.9375,1.4375,9.3125,1.6875],"tintindex":0,"rotation":0,"texture":"#0"}}},{"from":[6.4521604,5.1068187,3.7187324],"to":[9.492161,8.146819,7.7587323],"faces":{"east":{"uv":[10.0,5.125,10.25,5.3125],"tintindex":0,"rotation":0,"texture":"#0"},"south":{"uv":[10.3125,3.125,10.5,3.3125],"tintindex":0,"rotation":0,"texture":"#0"},"north":{"uv":[10.3125,2.125,10.5,2.3125],"tintindex":0,"rotation":0,"texture":"#0"},"west":{"uv":[10.0,5.6875,10.25,5.875],"tintindex":0,"rotation":0,"texture":"#0"},"up":{"uv":[5.8125,10.25,5.625,10.0],"tintindex":0,"rotation":0,"texture":"#0"},"down":{"uv":[8.5,10.0,8.3125,10.25],"tintindex":0,"rotation":0,"texture":"#0"}}},{"from":[5.3841734,5.1268187,5.498286],"to":[10.384174,9.126819,10.498285],"faces":{"east":{"uv":[9.4375,7.625,9.75,7.875],"tintindex":0,"rotation":0,"texture":"#0"},"south":{"uv":[1.1875,9.5,1.5,9.75],"tintindex":0,"rotation":0,"texture":"#0"},"north":{"uv":[4.75,9.4375,5.0625,9.6875],"tintindex":0,"rotation":0,"texture":"#0"},"west":{"uv":[2.0625,9.5,2.375,9.75],"tintindex":0,"rotation":0,"texture":"#0"},"up":{"uv":[3.625,8.875,3.3125,8.5625],"tintindex":0,"rotation":0,"texture":"#0"},"down":{"uv":[4.0,8.5625,3.6875,8.875],"tintindex":0,"rotation":0,"texture":"#0"}}}],"display":{"gui":{"rotation":[30,225,0]}}}