{"textures":{"0":"modelengine:entity/nocsy_drakonin"},"elements":[{"from":[-1.0271502,7.077788,3.4801264],"to":[0.46284962,8.567787,6.970126],"faces":{"east":{"uv":[8.875,6.375,9.3125,6.5625],"tintindex":0,"rotation":0,"texture":"#0"},"south":{"uv":[4.5625,10.0625,4.75,10.25],"tintindex":0,"rotation":0,"texture":"#0"},"north":{"uv":[10.0625,4.3125,10.25,4.5],"tintindex":0,"rotation":0,"texture":"#0"},"west":{"uv":[8.8125,8.9375,9.25,9.125],"tintindex":0,"rotation":0,"texture":"#0"},"up":{"uv":[5.6875,5.0625,5.5,4.625],"tintindex":0,"rotation":0,"texture":"#0"},"down":{"uv":[5.375,8.125,5.1875,8.5625],"tintindex":0,"rotation":0,"texture":"#0"}},"rotation":{"origin":[1.7178493,7.822788,6.2251263],"angle":45.0,"axis":"y"}},{"from":[0.3036356,7.072788,7.2],"to":[6.8036356,8.572788,8.7],"faces":{"east":{"uv":[3.4375,10.0625,3.625,10.25],"tintindex":0,"rotation":0,"texture":"#0"},"south":{"uv":[4.125,7.5,4.9375,7.6875],"tintindex":0,"rotation":0,"texture":"#0"},"north":{"uv":[3.25,7.5,4.0625,7.6875],"tintindex":0,"rotation":0,"texture":"#0"},"west":{"uv":[3.6875,10.0625,3.875,10.25],"tintindex":0,"rotation":0,"texture":"#0"},"up":{"uv":[8.375,0.5625,7.5625,0.375],"tintindex":0,"rotation":0,"texture":"#0"},"down":{"uv":[8.375,0.625,7.5625,0.8125],"tintindex":0,"rotation":0,"texture":"#0"}}},{"from":[6.3036356,6.822788,7.0],"to":[8.803636,8.822788,9.0],"faces":{"east":{"uv":[6.4375,6.8125,6.6875,7.0625],"tintindex":0,"rotation":0,"texture":"#0"},"south":{"uv":[8.0625,9.0625,8.375,9.3125],"tintindex":0,"rotation":0,"texture":"#0"},"north":{"uv":[9.0625,2.6875,9.375,2.9375],"tintindex":0,"rotation":0,"texture":"#0"},"west":{"uv":[9.625,5.375,9.875,5.625],"tintindex":0,"rotation":0,"texture":"#0"},"up":{"uv":[8.75,9.3125,8.4375,9.0625],"tintindex":0,"rotation":0,"texture":"#0"},"down":{"uv":[5.125,9.125,4.8125,9.375],"tintindex":0,"rotation":0,"texture":"#0"}}},{"from":[-2.783844,7.872788,3.1453495],"to":[7.7161565,7.972788,23.64535],"faces":{"east":{"uv":[7.375,3.3125,9.9375,3.375],"tintindex":0,"rotation":0,"texture":"#0"},"south":{"uv":[9.0,4.1875,10.3125,4.25],"tintindex":0,"rotation":0,"texture":"#0"},"north":{"uv":[8.5625,6.9375,9.875,7.0],"tintindex":0,"rotation":0,"texture":"#0"},"west":{"uv":[7.4375,7.125,10.0,7.1875],"tintindex":0,"rotation":0,"texture":"#0"},"up":{"uv":[5.4375,2.5625,4.125,0.0],"tintindex":0,"rotation":0,"texture":"#0"},"down":{"uv":[5.4375,2.625,4.125,5.1875],"tintindex":0,"rotation":0,"texture":"#0"}}},{"from":[-2.8980246,7.072788,2.5713243],"to":[-1.3980246,8.572788,6.0713243],"faces":{"east":{"uv":[9.0,3.6875,9.4375,3.875],"tintindex":0,"rotation":0,"texture":"#0"},"south":{"uv":[5.875,10.0625,6.0625,10.25],"tintindex":0,"rotation":0,"texture":"#0"},"north":{"uv":[4.8125,10.0625,5.0,10.25],"tintindex":0,"rotation":0,"texture":"#0"},"west":{"uv":[9.0,3.9375,9.4375,4.125],"tintindex":0,"rotation":0,"texture":"#0"},"up":{"uv":[0.8125,9.375,0.625,8.9375],"tintindex":0,"rotation":0,"texture":"#0"},"down":{"uv":[3.8125,8.9375,3.625,9.375],"tintindex":0,"rotation":0,"texture":"#0"}},"rotation":{"origin":[-2.1480246,7.822788,4.3213243],"angle":22.5,"axis":"y"}}],"display":{"gui":{"rotation":[30,225,0]}}}