{"textures":{"0":"modelengine:entity/nocsy_drakonin"},"elements":[{"from":[9.162161,5.1168184,3.7287323],"to":[12.182161,8.136819,7.7487326],"faces":{"east":{"uv":[9.8125,3.9375,10.0625,4.125],"tintindex":0,"rotation":0,"texture":"#0"},"south":{"uv":[6.625,10.1875,6.8125,10.375],"tintindex":0,"rotation":0,"texture":"#0"},"north":{"uv":[10.1875,5.9375,10.375,6.125],"tintindex":0,"rotation":0,"texture":"#0"},"west":{"uv":[9.8125,4.625,10.0625,4.8125],"tintindex":0,"rotation":0,"texture":"#0"},"up":{"uv":[5.3125,10.0625,5.125,9.8125],"tintindex":0,"rotation":0,"texture":"#0"},"down":{"uv":[6.3125,9.8125,6.125,10.0625],"tintindex":0,"rotation":0,"texture":"#0"}},"rotation":{"origin":[7.672161,6.626818,3.2387323],"angle":-22.5,"axis":"y"}},{"from":[8.041929,4.953557,-1.0409746],"to":[8.041929,8.953556,4.9590263],"faces":{"east":{"uv":[8.6875,7.9375,9.0625,8.1875],"tintindex":0,"rotation":0,"texture":"#0"},"west":{"uv":[1.8125,8.75,2.1875,9.0],"tintindex":0,"rotation":0,"texture":"#0"}}},{"from":[6.394174,5.136819,9.908286],"to":[9.374174,8.116818,11.888286],"faces":{"east":{"uv":[8.25,5.0,8.375,5.1875],"tintindex":0,"rotation":0,"texture":"#0"},"south":{"uv":[10.1875,5.375,10.375,5.5625],"tintindex":0,"rotation":0,"texture":"#0"},"north":{"uv":[4.1875,10.1875,4.375,10.375],"tintindex":0,"rotation":0,"texture":"#0"},"west":{"uv":[9.125,8.0,9.25,8.1875],"tintindex":0,"rotation":0,"texture":"#0"},"up":{"uv":[10.5,5.1875,10.3125,5.0625],"tintindex":0,"rotation":0,"texture":"#0"},"down":{"uv":[5.5,10.3125,5.3125,10.4375],"tintindex":0,"rotation":0,"texture":"#0"}}},{"from":[11.541929,4.953557,-1.0409746],"to":[11.541929,8.953556,4.9590263],"faces":{"east":{"uv":[8.75,5.125,9.125,5.375],"tintindex":0,"rotation":0,"texture":"#0"},"west":{"uv":[7.9375,8.75,8.3125,9.0],"tintindex":0,"rotation":0,"texture":"#0"}},"rotation":{"origin":[8.24193,6.953557,1.9590263],"angle":-22.5,"axis":"y"}},{"from":[5.384174,5.1268187,5.4982862],"to":[10.384174,9.126819,10.498286],"faces":{"east":{"uv":[9.375,1.5625,9.6875,1.8125],"tintindex":0,"rotation":0,"texture":"#0"},"south":{"uv":[9.375,1.875,9.6875,2.125],"tintindex":0,"rotation":0,"texture":"#0"},"north":{"uv":[9.375,1.25,9.6875,1.5],"tintindex":0,"rotation":0,"texture":"#0"},"west":{"uv":[9.375,2.1875,9.6875,2.4375],"tintindex":0,"rotation":0,"texture":"#0"},"up":{"uv":[8.875,2.3125,8.5625,2.0],"tintindex":0,"rotation":0,"texture":"#0"},"down":{"uv":[8.875,2.375,8.5625,2.6875],"tintindex":0,"rotation":0,"texture":"#0"}}},{"from":[7.884174,5.358316,11.14814],"to":[7.884174,9.358316,16.14814],"faces":{"east":{"uv":[9.3125,8.875,9.625,9.125],"tintindex":0,"rotation":0,"texture":"#0"},"west":{"uv":[0.0,9.375,0.3125,9.625],"tintindex":0,"rotation":0,"texture":"#0"}}},{"from":[6.452161,5.1068187,3.7187324],"to":[9.492162,8.146819,7.7587323],"faces":{"east":{"uv":[9.8125,4.875,10.0625,5.0625],"tintindex":0,"rotation":0,"texture":"#0"},"south":{"uv":[10.1875,7.875,10.375,8.0625],"tintindex":0,"rotation":0,"texture":"#0"},"north":{"uv":[10.1875,6.8125,10.375,7.0],"tintindex":0,"rotation":0,"texture":"#0"},"west":{"uv":[9.8125,6.3125,10.0625,6.5],"tintindex":0,"rotation":0,"texture":"#0"},"up":{"uv":[6.5625,10.0625,6.375,9.8125],"tintindex":0,"rotation":0,"texture":"#0"},"down":{"uv":[7.625,9.8125,7.4375,10.0625],"tintindex":0,"rotation":0,"texture":"#0"}}},{"from":[3.5861876,5.1168184,3.7287323],"to":[6.6061873,8.136819,7.7487326],"faces":{"east":{"uv":[3.6875,9.8125,3.9375,10.0],"tintindex":0,"rotation":0,"texture":"#0"},"south":{"uv":[10.1875,1.375,10.375,1.5625],"tintindex":0,"rotation":0,"texture":"#0"},"north":{"uv":[10.1875,1.125,10.375,1.3125],"tintindex":0,"rotation":0,"texture":"#0"},"west":{"uv":[9.8125,3.6875,10.0625,3.875],"tintindex":0,"rotation":0,"texture":"#0"},"up":{"uv":[4.1875,10.0625,4.0,9.8125],"tintindex":0,"rotation":0,"texture":"#0"},"down":{"uv":[10.0,4.3125,9.8125,4.5625],"tintindex":0,"rotation":0,"texture":"#0"}},"rotation":{"origin":[8.096188,6.626818,3.2387323],"angle":22.5,"axis":"y"}},{"from":[4.54193,4.953557,-1.0409746],"to":[4.54193,8.953556,4.9590263],"faces":{"east":{"uv":[4.0625,8.75,4.4375,9.0],"tintindex":0,"rotation":0,"texture":"#0"},"west":{"uv":[8.75,4.8125,9.125,5.0625],"tintindex":0,"rotation":0,"texture":"#0"}},"rotation":{"origin":[8.24193,6.953557,1.9590263],"angle":22.5,"axis":"y"}}],"display":{"gui":{"rotation":[30,225,0]}}}