{"textures":{"0":"modelengine:entity/nocsy_drakonin"},"elements":[{"from":[7.0,3.360055,5.889879],"to":[10.0,9.360056,9.889879],"faces":{"east":{"uv":[1.1875,8.75,1.4375,9.125],"tintindex":0,"rotation":0,"texture":"#0"},"south":{"uv":[0.0,9.6875,0.1875,10.0625],"tintindex":0,"rotation":0,"texture":"#0"},"north":{"uv":[2.4375,9.625,2.625,10.0],"tintindex":0,"rotation":0,"texture":"#0"},"west":{"uv":[1.5,8.75,1.75,9.125],"tintindex":0,"rotation":0,"texture":"#0"},"up":{"uv":[10.0,2.6875,9.8125,2.4375],"tintindex":0,"rotation":0,"texture":"#0"},"down":{"uv":[10.0,2.75,9.8125,3.0],"tintindex":0,"rotation":0,"texture":"#0"}},"rotation":{"origin":[7.5,9.160055,7.2898793],"angle":22.5,"axis":"x"}}],"display":{"gui":{"rotation":[30,225,0]}}}