{"textures":{"0":"modelengine:entity/nocsy_drakonin"},"elements":[{"from":[6.0,3.3600554,5.889879],"to":[9.0,9.360056,9.889879],"faces":{"east":{"uv":[2.25,8.75,2.5,9.125],"tintindex":0,"rotation":0,"texture":"#0"},"south":{"uv":[2.6875,9.6875,2.875,10.0625],"tintindex":0,"rotation":0,"texture":"#0"},"north":{"uv":[9.6875,0.625,9.875,1.0],"tintindex":0,"rotation":0,"texture":"#0"},"west":{"uv":[4.5,8.75,4.75,9.125],"tintindex":0,"rotation":0,"texture":"#0"},"up":{"uv":[10.0,7.875,9.8125,7.625],"tintindex":0,"rotation":0,"texture":"#0"},"down":{"uv":[8.25,9.875,8.0625,10.125],"tintindex":0,"rotation":0,"texture":"#0"}},"rotation":{"origin":[8.5,9.160055,7.28988],"angle":22.5,"axis":"x"}}],"display":{"gui":{"rotation":[30,225,0]}}}