{"textures":{"0":"modelengine:entity/nocsy_drakonin"},"elements":[{"from":[7.0,2.9629807,5.3138895],"to":[11.0,9.96298,11.3138895],"faces":{"east":{"uv":[7.3125,5.6875,7.6875,6.125],"tintindex":0,"rotation":0,"texture":"#0"},"south":{"uv":[8.25,3.6875,8.5,4.125],"tintindex":0,"rotation":0,"texture":"#0"},"north":{"uv":[2.25,8.25,2.5,8.6875],"tintindex":0,"rotation":0,"texture":"#0"},"west":{"uv":[5.75,7.3125,6.125,7.75],"tintindex":0,"rotation":0,"texture":"#0"},"up":{"uv":[7.875,9.0,7.625,8.625],"tintindex":0,"rotation":0,"texture":"#0"},"down":{"uv":[8.75,8.625,8.5,9.0],"tintindex":0,"rotation":0,"texture":"#0"}},"rotation":{"origin":[4.5,7.9629803,9.3138895],"angle":-22.5,"axis":"x"}}],"display":{"gui":{"rotation":[30,225,0]}}}