{"textures":{"0":"modelengine:entity/nocsy_drakonin"},"elements":[{"from":[6.0,3.360055,5.889879],"to":[9.0,9.360056,9.889879],"faces":{"east":{"uv":[8.6875,4.0,8.9375,4.375],"tintindex":0,"rotation":0,"texture":"#0"},"south":{"uv":[1.5625,9.625,1.75,10.0],"tintindex":0,"rotation":0,"texture":"#0"},"north":{"uv":[9.0625,9.5625,9.25,9.9375],"tintindex":0,"rotation":0,"texture":"#0"},"west":{"uv":[4.875,8.6875,5.125,9.0625],"tintindex":0,"rotation":0,"texture":"#0"},"up":{"uv":[8.6875,9.9375,8.5,9.6875],"tintindex":0,"rotation":0,"texture":"#0"},"down":{"uv":[9.9375,1.625,9.75,1.875],"tintindex":0,"rotation":0,"texture":"#0"}},"rotation":{"origin":[8.5,9.160055,7.2898793],"angle":22.5,"axis":"x"}}],"display":{"gui":{"rotation":[30,225,0]}}}