{"textures":{"0":"modelengine:entity/nocsy_drakonin"},"elements":[{"from":[4.4580703,4.953557,-1.0409746],"to":[4.4580703,8.953557,4.959026],"faces":{"east":{"uv":[8.875,5.75,9.25,6.0],"tintindex":0,"rotation":0,"texture":"#0"},"west":{"uv":[8.875,6.0625,9.25,6.3125],"tintindex":0,"rotation":0,"texture":"#0"}},"rotation":{"origin":[7.7580705,6.9535565,1.9590254],"angle":22.5,"axis":"y"}},{"from":[8.115826,5.3583155,11.14814],"to":[8.115826,9.358315,16.14814],"faces":{"east":{"uv":[2.75,9.375,3.0625,9.625],"tintindex":0,"rotation":0,"texture":"#0"},"west":{"uv":[3.125,9.375,3.4375,9.625],"tintindex":0,"rotation":0,"texture":"#0"}}},{"from":[3.8178394,5.1168184,3.7287323],"to":[6.837839,8.136819,7.7487326],"faces":{"east":{"uv":[9.9375,3.0625,10.1875,3.25],"tintindex":0,"rotation":0,"texture":"#0"},"south":{"uv":[0.25,10.25,0.4375,10.4375],"tintindex":0,"rotation":0,"texture":"#0"},"north":{"uv":[10.1875,9.25,10.375,9.4375],"tintindex":0,"rotation":0,"texture":"#0"},"west":{"uv":[4.25,9.9375,4.5,10.125],"tintindex":0,"rotation":0,"texture":"#0"},"up":{"uv":[10.125,5.625,9.9375,5.375],"tintindex":0,"rotation":0,"texture":"#0"},"down":{"uv":[10.125,6.0,9.9375,6.25],"tintindex":0,"rotation":0,"texture":"#0"}},"rotation":{"origin":[8.327839,6.626818,3.2387323],"angle":22.5,"axis":"y"}},{"from":[9.393813,5.1168184,3.7287323],"to":[12.413813,8.136819,7.7487326],"faces":{"east":{"uv":[9.5,9.875,9.75,10.0625],"tintindex":0,"rotation":0,"texture":"#0"},"south":{"uv":[8.5625,10.1875,8.75,10.375],"tintindex":0,"rotation":0,"texture":"#0"},"north":{"uv":[7.9375,10.1875,8.125,10.375],"tintindex":0,"rotation":0,"texture":"#0"},"west":{"uv":[9.8125,9.875,10.0625,10.0625],"tintindex":0,"rotation":0,"texture":"#0"},"up":{"uv":[0.4375,10.1875,0.25,9.9375],"tintindex":0,"rotation":0,"texture":"#0"},"down":{"uv":[10.125,0.625,9.9375,0.875],"tintindex":0,"rotation":0,"texture":"#0"}},"rotation":{"origin":[7.9038134,6.626818,3.2387323],"angle":-22.5,"axis":"y"}},{"from":[6.6258264,5.136819,9.908286],"to":[9.605826,8.116818,11.888286],"faces":{"east":{"uv":[7.6875,9.8125,7.8125,10.0],"tintindex":0,"rotation":0,"texture":"#0"},"south":{"uv":[10.1875,9.0,10.375,9.1875],"tintindex":0,"rotation":0,"texture":"#0"},"north":{"uv":[8.8125,10.1875,9.0,10.375],"tintindex":0,"rotation":0,"texture":"#0"},"west":{"uv":[5.5625,10.3125,5.6875,10.5],"tintindex":0,"rotation":0,"texture":"#0"},"up":{"uv":[10.5,5.75,10.3125,5.625],"tintindex":0,"rotation":0,"texture":"#0"},"down":{"uv":[5.9375,10.3125,5.75,10.4375],"tintindex":0,"rotation":0,"texture":"#0"}}},{"from":[5.615826,5.1268187,5.498286],"to":[10.615827,9.126819,10.498285],"faces":{"east":{"uv":[8.4375,9.375,8.75,9.625],"tintindex":0,"rotation":0,"texture":"#0"},"south":{"uv":[0.375,9.4375,0.6875,9.6875],"tintindex":0,"rotation":0,"texture":"#0"},"north":{"uv":[8.0625,9.375,8.375,9.625],"tintindex":0,"rotation":0,"texture":"#0"},"west":{"uv":[9.4375,2.5,9.75,2.75],"tintindex":0,"rotation":0,"texture":"#0"},"up":{"uv":[2.875,8.875,2.5625,8.5625],"tintindex":0,"rotation":0,"texture":"#0"},"down":{"uv":[3.25,8.5625,2.9375,8.875],"tintindex":0,"rotation":0,"texture":"#0"}}},{"from":[7.9580703,4.953557,-1.0409746],"to":[7.9580703,8.953557,4.959026],"faces":{"east":{"uv":[8.8125,5.4375,9.1875,5.6875],"tintindex":0,"rotation":0,"texture":"#0"},"west":{"uv":[8.8125,8.625,9.1875,8.875],"tintindex":0,"rotation":0,"texture":"#0"}}},{"from":[11.458071,4.953557,-1.0409746],"to":[11.458071,8.953557,4.959026],"faces":{"east":{"uv":[8.875,0.8125,9.25,1.0625],"tintindex":0,"rotation":0,"texture":"#0"},"west":{"uv":[8.875,1.125,9.25,1.375],"tintindex":0,"rotation":0,"texture":"#0"}},"rotation":{"origin":[7.7580705,6.9535565,1.9590254],"angle":-22.5,"axis":"y"}},{"from":[6.507839,5.1068187,3.7187324],"to":[9.54784,8.146819,7.7587323],"faces":{"east":{"uv":[9.9375,6.5625,10.1875,6.75],"tintindex":0,"rotation":0,"texture":"#0"},"south":{"uv":[10.25,6.5625,10.4375,6.75],"tintindex":0,"rotation":0,"texture":"#0"},"north":{"uv":[10.25,2.875,10.4375,3.0625],"tintindex":0,"rotation":0,"texture":"#0"},"west":{"uv":[6.625,9.9375,6.875,10.125],"tintindex":0,"rotation":0,"texture":"#0"},"up":{"uv":[10.125,7.0625,9.9375,6.8125],"tintindex":0,"rotation":0,"texture":"#0"},"down":{"uv":[7.125,9.9375,6.9375,10.1875],"tintindex":0,"rotation":0,"texture":"#0"}}}],"display":{"gui":{"rotation":[30,225,0]}}}