{"textures":{"0":"modelengine:entity/nocsy_drakonin"},"elements":[{"from":[7.0,2.9629807,4.31389],"to":[11.0,10.96298,11.3138895],"faces":{"east":{"uv":[4.25,6.9375,4.6875,7.4375],"tintindex":0,"rotation":0,"texture":"#0"},"south":{"uv":[3.0625,8.0,3.3125,8.5],"tintindex":0,"rotation":0,"texture":"#0"},"north":{"uv":[2.75,8.0,3.0,8.5],"tintindex":0,"rotation":0,"texture":"#0"},"west":{"uv":[4.75,6.9375,5.1875,7.4375],"tintindex":0,"rotation":0,"texture":"#0"},"up":{"uv":[4.8125,8.6875,4.5625,8.25],"tintindex":0,"rotation":0,"texture":"#0"},"down":{"uv":[8.4375,8.25,8.1875,8.6875],"tintindex":0,"rotation":0,"texture":"#0"}},"rotation":{"origin":[4.5,7.9629803,9.3138895],"angle":-22.5,"axis":"x"}}],"display":{"gui":{"rotation":[30,225,0]}}}