{"textures":{"0":"modelengine:entity/nocsy_drakonin"},"elements":[{"from":[6.5078387,5.1068187,3.7187324],"to":[9.54784,8.146819,7.7587323],"faces":{"east":{"uv":[0.6875,9.8125,0.9375,10.0],"tintindex":0,"rotation":0,"texture":"#0"},"south":{"uv":[10.1875,0.875,10.375,1.0625],"tintindex":0,"rotation":0,"texture":"#0"},"north":{"uv":[10.1875,0.625,10.375,0.8125],"tintindex":0,"rotation":0,"texture":"#0"},"west":{"uv":[1.0,9.8125,1.25,10.0],"tintindex":0,"rotation":0,"texture":"#0"},"up":{"uv":[1.5,10.0625,1.3125,9.8125],"tintindex":0,"rotation":0,"texture":"#0"},"down":{"uv":[2.25,9.8125,2.0625,10.0625],"tintindex":0,"rotation":0,"texture":"#0"}}},{"from":[8.115826,5.358316,11.14814],"to":[8.115826,9.358316,16.14814],"faces":{"east":{"uv":[9.25,8.5625,9.5625,8.8125],"tintindex":0,"rotation":0,"texture":"#0"},"west":{"uv":[9.3125,0.625,9.625,0.875],"tintindex":0,"rotation":0,"texture":"#0"}}},{"from":[5.6158257,5.1268187,5.4982862],"to":[10.615826,9.126819,10.498286],"faces":{"east":{"uv":[9.3125,5.75,9.625,6.0],"tintindex":0,"rotation":0,"texture":"#0"},"south":{"uv":[9.3125,6.0625,9.625,6.3125],"tintindex":0,"rotation":0,"texture":"#0"},"north":{"uv":[9.3125,0.9375,9.625,1.1875],"tintindex":0,"rotation":0,"texture":"#0"},"west":{"uv":[9.3125,8.0,9.625,8.25],"tintindex":0,"rotation":0,"texture":"#0"},"up":{"uv":[0.8125,8.875,0.5,8.5625],"tintindex":0,"rotation":0,"texture":"#0"},"down":{"uv":[8.875,1.625,8.5625,1.9375],"tintindex":0,"rotation":0,"texture":"#0"}}},{"from":[11.45807,4.953557,-1.0409746],"to":[11.45807,8.953556,4.9590263],"faces":{"east":{"uv":[6.25,8.6875,6.625,8.9375],"tintindex":0,"rotation":0,"texture":"#0"},"west":{"uv":[6.6875,8.6875,7.0625,8.9375],"tintindex":0,"rotation":0,"texture":"#0"}},"rotation":{"origin":[7.75807,6.953557,1.9590263],"angle":-22.5,"axis":"y"}},{"from":[6.625826,5.136819,9.908286],"to":[9.605825,8.116818,11.888286],"faces":{"east":{"uv":[6.5625,4.3125,6.6875,4.5],"tintindex":0,"rotation":0,"texture":"#0"},"south":{"uv":[10.125,9.875,10.3125,10.0625],"tintindex":0,"rotation":0,"texture":"#0"},"north":{"uv":[9.8125,10.125,10.0,10.3125],"tintindex":0,"rotation":0,"texture":"#0"},"west":{"uv":[2.5625,8.125,2.6875,8.3125],"tintindex":0,"rotation":0,"texture":"#0"},"up":{"uv":[9.25,0.75,9.0625,0.625],"tintindex":0,"rotation":0,"texture":"#0"},"down":{"uv":[4.875,10.3125,4.6875,10.4375],"tintindex":0,"rotation":0,"texture":"#0"}}},{"from":[3.817839,5.1168184,3.7287323],"to":[6.837839,8.136819,7.7487326],"faces":{"east":{"uv":[5.5625,9.75,5.8125,9.9375],"tintindex":0,"rotation":0,"texture":"#0"},"south":{"uv":[10.1875,0.0,10.375,0.1875],"tintindex":0,"rotation":0,"texture":"#0"},"north":{"uv":[10.0625,10.125,10.25,10.3125],"tintindex":0,"rotation":0,"texture":"#0"},"west":{"uv":[9.75,8.25,10.0,8.4375],"tintindex":0,"rotation":0,"texture":"#0"},"up":{"uv":[5.0625,10.0,4.875,9.75],"tintindex":0,"rotation":0,"texture":"#0"},"down":{"uv":[6.0625,9.75,5.875,10.0],"tintindex":0,"rotation":0,"texture":"#0"}},"rotation":{"origin":[8.327839,6.626818,3.2387323],"angle":22.5,"axis":"y"}},{"from":[7.9580703,4.953557,-1.0409746],"to":[7.9580703,8.953556,4.9590263],"faces":{"east":{"uv":[8.625,2.75,9.0,3.0],"tintindex":0,"rotation":0,"texture":"#0"},"west":{"uv":[5.8125,8.6875,6.1875,8.9375],"tintindex":0,"rotation":0,"texture":"#0"}}},{"from":[4.4580703,4.953557,-1.0409746],"to":[4.4580703,8.953556,4.9590263],"faces":{"east":{"uv":[7.125,8.6875,7.5,8.9375],"tintindex":0,"rotation":0,"texture":"#0"},"west":{"uv":[8.6875,7.625,9.0625,7.875],"tintindex":0,"rotation":0,"texture":"#0"}},"rotation":{"origin":[7.75807,6.953557,1.9590263],"angle":22.5,"axis":"y"}},{"from":[9.393812,5.1168184,3.7287323],"to":[12.413813,8.136819,7.7487326],"faces":{"east":{"uv":[9.75,1.9375,10.0,2.125],"tintindex":0,"rotation":0,"texture":"#0"},"south":{"uv":[9.5625,10.125,9.75,10.3125],"tintindex":0,"rotation":0,"texture":"#0"},"north":{"uv":[9.3125,10.125,9.5,10.3125],"tintindex":0,"rotation":0,"texture":"#0"},"west":{"uv":[9.75,2.1875,10.0,2.375],"tintindex":0,"rotation":0,"texture":"#0"},"up":{"uv":[3.625,10.0,3.4375,9.75],"tintindex":0,"rotation":0,"texture":"#0"},"down":{"uv":[4.8125,9.75,4.625,10.0],"tintindex":0,"rotation":0,"texture":"#0"}},"rotation":{"origin":[7.903813,6.626818,3.2387323],"angle":-22.5,"axis":"y"}}],"display":{"gui":{"rotation":[30,225,0]}}}