{"textures":{"0":"modelengine:entity/nocsy_drakonin"},"elements":[{"from":[6.2,6.7390833,14.529315],"to":[8.8,10.339084,17.129313],"faces":{"east":{"uv":[10.0625,1.875,10.25,2.125],"tintindex":0,"rotation":0,"texture":"#0"},"south":{"uv":[10.0625,2.1875,10.25,2.4375],"tintindex":0,"rotation":0,"texture":"#0"},"north":{"uv":[1.5625,10.0625,1.75,10.3125],"tintindex":0,"rotation":0,"texture":"#0"},"west":{"uv":[2.3125,10.0625,2.5,10.3125],"tintindex":0,"rotation":0,"texture":"#0"},"up":{"uv":[10.5,4.5,10.3125,4.3125],"tintindex":0,"rotation":0,"texture":"#0"},"down":{"uv":[4.625,10.3125,4.4375,10.5],"tintindex":0,"rotation":0,"texture":"#0"}},"rotation":{"origin":[7.5,7.921784,15.5204525],"angle":-22.5,"axis":"x"}},{"from":[10.4,6.8504305,8.54854],"to":[14.4,6.8504305,16.54854],"faces":{"up":{"uv":[6.9375,8.625,6.6875,8.125],"tintindex":0,"rotation":0,"texture":"#0"},"down":{"uv":[7.25,8.125,7.0,8.625],"tintindex":0,"rotation":0,"texture":"#0"}},"rotation":{"origin":[12.0,9.55043,6.54854],"angle":-22.5,"axis":"z"}},{"from":[6.0,6.2650437,12.133898],"to":[9.0,10.265043,15.133898],"faces":{"east":{"uv":[0.5,10.0625,0.6875,10.3125],"tintindex":0,"rotation":0,"texture":"#0"},"south":{"uv":[0.75,10.0625,0.9375,10.3125],"tintindex":0,"rotation":0,"texture":"#0"},"north":{"uv":[9.0625,10.0,9.25,10.25],"tintindex":0,"rotation":0,"texture":"#0"},"west":{"uv":[1.0,10.0625,1.1875,10.3125],"tintindex":0,"rotation":0,"texture":"#0"},"up":{"uv":[3.5,10.5,3.3125,10.3125],"tintindex":0,"rotation":0,"texture":"#0"},"down":{"uv":[3.75,10.3125,3.5625,10.5],"tintindex":0,"rotation":0,"texture":"#0"}}},{"from":[5.5,5.7650437,6.133898],"to":[9.5,10.765043,12.133898],"faces":{"east":{"uv":[3.375,8.1875,3.75,8.5],"tintindex":0,"rotation":0,"texture":"#0"},"south":{"uv":[9.5,4.3125,9.75,4.625],"tintindex":0,"rotation":0,"texture":"#0"},"north":{"uv":[9.5,3.6875,9.75,4.0],"tintindex":0,"rotation":0,"texture":"#0"},"west":{"uv":[3.8125,8.1875,4.1875,8.5],"tintindex":0,"rotation":0,"texture":"#0"},"up":{"uv":[3.25,9.3125,3.0,8.9375],"tintindex":0,"rotation":0,"texture":"#0"},"down":{"uv":[3.5625,8.9375,3.3125,9.3125],"tintindex":0,"rotation":0,"texture":"#0"}}},{"from":[0.5999999,6.8504305,8.54854],"to":[4.6,6.8504305,16.54854],"faces":{"up":{"uv":[7.5625,8.625,7.3125,8.125],"tintindex":0,"rotation":0,"texture":"#0"},"down":{"uv":[8.4375,1.125,8.1875,1.625],"tintindex":0,"rotation":0,"texture":"#0"}},"rotation":{"origin":[3.0,9.55043,6.54854],"angle":22.5,"axis":"z"}},{"from":[7.5,1.8390837,15.129314],"to":[7.5,17.839085,30.129316],"faces":{"east":{"uv":[2.75,5.25,3.6875,6.25],"tintindex":0,"rotation":0,"texture":"#0"},"west":{"uv":[3.75,5.25,4.6875,6.25],"tintindex":0,"rotation":0,"texture":"#0"}},"rotation":{"origin":[8.0,7.921784,15.5204525],"angle":-22.5,"axis":"x"}}],"display":{"gui":{"rotation":[30,225,0]}}}