{"textures":{"0":"modelengine:entity/nocsy_drakonin"},"elements":[{"from":[4.5,1.7750573,5.8549156],"to":[11.5,8.775057,10.854915],"faces":{"east":{"uv":[4.375,6.3125,4.6875,6.75],"tintindex":0,"rotation":0,"texture":"#0"},"south":{"uv":[5.25,7.1875,5.6875,7.625],"tintindex":0,"rotation":0,"texture":"#0"},"north":{"uv":[6.9375,7.125,7.375,7.5625],"tintindex":0,"rotation":0,"texture":"#0"},"west":{"uv":[4.5,7.75,4.8125,8.1875],"tintindex":0,"rotation":0,"texture":"#0"},"up":{"uv":[8.1875,4.9375,7.75,4.625],"tintindex":0,"rotation":0,"texture":"#0"},"down":{"uv":[8.1875,5.0,7.75,5.3125],"tintindex":0,"rotation":0,"texture":"#0"}},"rotation":{"origin":[6.5,4.3819013,15.059337],"angle":22.5,"axis":"x"}}],"display":{"gui":{"rotation":[30,225,0]}}}