{"textures":{"0":"modelengine:entity/nocsy_drakonin5"},"elements":[{"from":[11.55,8.560514,3.3550057],"to":[11.55,15.560514,6.3550057],"faces":{"east":{"uv":[7.375,9.4375,7.5625,9.875],"tintindex":0,"rotation":0,"texture":"#0"},"west":{"uv":[7.625,9.4375,7.8125,9.875],"tintindex":0,"rotation":0,"texture":"#0"}}},{"from":[4.5,8.870228,-2.0403004],"to":[4.5,13.870228,4.9596987],"faces":{"east":{"uv":[6.0625,7.75,5.625,8.0625],"tintindex":0,"rotation":0,"texture":"#0"},"west":{"uv":[5.625,7.75,6.0625,8.0625],"tintindex":0,"rotation":0,"texture":"#0"}}},{"from":[8.55,8.560514,3.3550057],"to":[11.55,15.560514,3.3550057],"faces":{"south":{"uv":[0.0,9.5,0.1875,9.9375],"tintindex":0,"rotation":0,"texture":"#0"},"north":{"uv":[9.25,9.4375,9.4375,9.875],"tintindex":0,"rotation":0,"texture":"#0"}}},{"from":[10.35,7.0605145,3.2550054],"to":[10.95,14.760515,3.2550054],"faces":{"south":{"uv":[3.8125,6.75,3.75,7.125],"tintindex":0,"rotation":0,"texture":"#0"},"north":{"uv":[5.5625,4.75,5.5,5.125],"tintindex":0,"rotation":0,"texture":"#0"}}},{"from":[4.0,8.060514,0.43000555],"to":[6.0,13.060514,5.4300056],"faces":{"east":{"uv":[8.625,6.8125,8.9375,7.125],"tintindex":0,"rotation":0,"texture":"#0"},"south":{"uv":[3.0,9.5,3.125,9.8125],"tintindex":0,"rotation":0,"texture":"#0"},"north":{"uv":[6.0625,9.4375,6.1875,9.75],"tintindex":0,"rotation":0,"texture":"#0"},"west":{"uv":[8.625,7.1875,8.9375,7.5],"tintindex":0,"rotation":0,"texture":"#0"},"up":{"uv":[5.75,10.9375,5.625,10.625],"tintindex":0,"rotation":0,"texture":"#0"},"down":{"uv":[4.0625,10.6875,3.9375,11.0],"tintindex":0,"rotation":0,"texture":"#0"}},"rotation":{"origin":[8.0,11.560514,7.4300056],"angle":-45.0,"axis":"x"}},{"from":[4.45,8.560514,3.3550057],"to":[7.45,15.560514,3.3550057],"faces":{"south":{"uv":[3.9375,9.4375,4.125,9.875],"tintindex":0,"rotation":0,"texture":"#0"},"north":{"uv":[3.6875,9.4375,3.875,9.875],"tintindex":0,"rotation":0,"texture":"#0"}}},{"from":[4.5,8.870228,-2.0403004],"to":[11.5,13.870228,-2.0403004],"faces":{"south":{"uv":[7.125,7.75,6.6875,8.0625],"tintindex":0,"rotation":0,"texture":"#0"},"north":{"uv":[6.6875,7.75,7.125,8.0625],"tintindex":0,"rotation":0,"texture":"#0"}}},{"from":[4.45,8.560514,3.3550057],"to":[4.45,15.560514,6.3550057],"faces":{"east":{"uv":[4.1875,9.4375,4.375,9.875],"tintindex":0,"rotation":0,"texture":"#0"},"west":{"uv":[5.8125,9.4375,6.0,9.875],"tintindex":0,"rotation":0,"texture":"#0"}}},{"from":[4.5,8.060514,3.4300056],"to":[11.5,15.060514,11.430006],"faces":{"east":{"uv":[6.1875,4.5625,6.6875,5.0],"tintindex":0,"rotation":0,"texture":"#0"},"south":{"uv":[4.375,6.6875,4.8125,7.125],"tintindex":0,"rotation":0,"texture":"#0"},"north":{"uv":[6.6875,3.9375,7.125,4.375],"tintindex":0,"rotation":0,"texture":"#0"},"west":{"uv":[6.1875,5.0625,6.6875,5.5],"tintindex":0,"rotation":0,"texture":"#0"},"up":{"uv":[6.625,6.0625,6.1875,5.5625],"tintindex":0,"rotation":0,"texture":"#0"},"down":{"uv":[6.6875,0.0,6.25,0.5],"tintindex":0,"rotation":0,"texture":"#0"}}},{"from":[5.5,9.294107,-1.7229843],"to":[10.5,12.294107,3.2770152],"faces":{"east":{"uv":[8.625,10.4375,8.9375,10.625],"tintindex":0,"rotation":0,"texture":"#0"},"south":{"uv":[9.0,10.4375,9.3125,10.625],"tintindex":0,"rotation":0,"texture":"#0"},"north":{"uv":[10.4375,7.375,10.75,7.5625],"tintindex":0,"rotation":0,"texture":"#0"},"west":{"uv":[0.9375,10.5,1.25,10.6875],"tintindex":0,"rotation":0,"texture":"#0"},"up":{"uv":[0.3125,9.0,0.0,8.6875],"tintindex":0,"rotation":0,"texture":"#0"},"down":{"uv":[1.4375,8.6875,1.125,9.0],"tintindex":0,"rotation":0,"texture":"#0"}}},{"from":[10.0,8.060514,0.43000555],"to":[12.0,13.060514,5.4300056],"faces":{"east":{"uv":[7.4375,8.625,7.75,8.9375],"tintindex":0,"rotation":0,"texture":"#0"},"south":{"uv":[3.1875,10.75,3.3125,11.0625],"tintindex":0,"rotation":0,"texture":"#0"},"north":{"uv":[7.375,10.6875,7.5,11.0],"tintindex":0,"rotation":0,"texture":"#0"},"west":{"uv":[7.8125,8.625,8.125,8.9375],"tintindex":0,"rotation":0,"texture":"#0"},"up":{"uv":[3.5,11.0625,3.375,10.75],"tintindex":0,"rotation":0,"texture":"#0"},"down":{"uv":[4.25,10.75,4.125,11.0625],"tintindex":0,"rotation":0,"texture":"#0"}},"rotation":{"origin":[8.0,11.560514,7.4300056],"angle":-45.0,"axis":"x"}},{"from":[5.05,7.0605145,3.2550054],"to":[5.65,14.760515,3.2550054],"faces":{"south":{"uv":[3.75,6.75,3.8125,7.125],"tintindex":0,"rotation":0,"texture":"#0"},"north":{"uv":[5.5,4.75,5.5625,5.125],"tintindex":0,"rotation":0,"texture":"#0"}}},{"from":[11.499001,8.870228,-2.0403004],"to":[11.499001,13.870228,4.9596987],"faces":{"east":{"uv":[7.75,6.0625,8.1875,6.375],"tintindex":0,"rotation":0,"texture":"#0"},"west":{"uv":[8.1875,6.0625,7.75,6.375],"tintindex":0,"rotation":0,"texture":"#0"}}},{"from":[4.5,5.870228,-2.0403004],"to":[11.5,8.870228,4.9596987],"faces":{"east":{"uv":[9.4375,7.125,9.875,7.3125],"tintindex":0,"rotation":0,"texture":"#0"},"south":{"uv":[9.5,1.0,9.9375,1.1875],"tintindex":0,"rotation":0,"texture":"#0"},"north":{"uv":[9.4375,6.0625,9.875,6.25],"tintindex":0,"rotation":0,"texture":"#0"},"west":{"uv":[4.9375,9.5625,5.375,9.75],"tintindex":0,"rotation":0,"texture":"#0"},"up":{"uv":[5.9375,7.125,5.5,6.6875],"tintindex":0,"rotation":0,"texture":"#0"},"down":{"uv":[7.125,5.5625,6.6875,6.0],"tintindex":0,"rotation":0,"texture":"#0"}}}],"display":{"gui":{"rotation":[30,225,0]}}}