{"textures":{"0":"modelengine:entity/nocsy_drakonin5"},"elements":[{"from":[6.0000005,3.3600554,5.889879],"to":[10.0,9.360055,9.889879],"faces":{"east":{"uv":[8.1875,8.6875,8.4375,9.0625],"tintindex":0,"rotation":0,"texture":"#0"},"south":{"uv":[8.5,8.6875,8.75,9.0625],"tintindex":0,"rotation":0,"texture":"#0"},"north":{"uv":[5.625,8.6875,5.875,9.0625],"tintindex":0,"rotation":0,"texture":"#0"},"west":{"uv":[8.75,4.75,9.0,5.125],"tintindex":0,"rotation":0,"texture":"#0"},"up":{"uv":[5.75,10.5625,5.5,10.3125],"tintindex":0,"rotation":0,"texture":"#0"},"down":{"uv":[8.25,10.3125,8.0,10.5625],"tintindex":0,"rotation":0,"texture":"#0"}},"rotation":{"origin":[7.5,9.160055,7.2898793],"angle":22.5,"axis":"x"}}],"display":{"gui":{"rotation":[30,225,0]}}}