{"textures":{"0":"modelengine:entity/nocsy_drakonin5"},"elements":[{"from":[5.9999995,3.3600554,5.889879],"to":[10.0,9.360056,9.889879],"faces":{"east":{"uv":[7.6875,9.0,7.9375,9.375],"tintindex":0,"rotation":0,"texture":"#0"},"south":{"uv":[0.0,9.0625,0.25,9.4375],"tintindex":0,"rotation":0,"texture":"#0"},"north":{"uv":[7.375,9.0,7.625,9.375],"tintindex":0,"rotation":0,"texture":"#0"},"west":{"uv":[1.0,9.0625,1.25,9.4375],"tintindex":0,"rotation":0,"texture":"#0"},"up":{"uv":[8.5625,10.625,8.3125,10.375],"tintindex":0,"rotation":0,"texture":"#0"},"down":{"uv":[10.125,10.375,9.875,10.625],"tintindex":0,"rotation":0,"texture":"#0"}},"rotation":{"origin":[7.5,9.160055,7.28988],"angle":22.5,"axis":"x"}}],"display":{"gui":{"rotation":[30,225,0]}}}