{"textures":{"0":"modelengine:entity/nocsy_drakonin5"},"elements":[{"from":[10.784174,10.126819,6.098286],"to":[10.784174,13.126818,11.098286],"faces":{"east":{"uv":[4.5,10.5,4.8125,10.6875],"tintindex":0,"rotation":0,"texture":"#0"},"west":{"uv":[4.8125,10.5,4.5,10.6875],"tintindex":0,"rotation":0,"texture":"#0"}}},{"from":[6.394174,5.136819,11.208286],"to":[9.374174,9.116818,13.188286],"faces":{"east":{"uv":[6.5,7.8125,6.625,8.0625],"tintindex":0,"rotation":0,"texture":"#0"},"south":{"uv":[10.5625,5.625,10.75,5.875],"tintindex":0,"rotation":0,"texture":"#0"},"north":{"uv":[5.125,10.5625,5.3125,10.8125],"tintindex":0,"rotation":0,"texture":"#0"},"west":{"uv":[2.6875,8.6875,2.8125,8.9375],"tintindex":0,"rotation":0,"texture":"#0"},"up":{"uv":[4.0625,6.375,3.875,6.25],"tintindex":0,"rotation":0,"texture":"#0"},"down":{"uv":[4.3125,6.25,4.125,6.375],"tintindex":0,"rotation":0,"texture":"#0"}}},{"from":[4.784174,9.126819,6.098286],"to":[10.784174,10.126819,11.098286],"faces":{"east":{"uv":[9.375,5.4375,9.6875,5.5],"tintindex":0,"rotation":0,"texture":"#0"},"south":{"uv":[7.25,4.8125,7.625,4.875],"tintindex":0,"rotation":0,"texture":"#0"},"north":{"uv":[4.375,6.25,4.75,6.3125],"tintindex":0,"rotation":0,"texture":"#0"},"west":{"uv":[10.125,6.8125,10.4375,6.875],"tintindex":0,"rotation":0,"texture":"#0"},"up":{"uv":[8.5625,1.0625,8.1875,0.75],"tintindex":0,"rotation":0,"texture":"#0"},"down":{"uv":[3.25,8.1875,2.875,8.5],"tintindex":0,"rotation":0,"texture":"#0"}}},{"from":[11.54193,4.9535565,-1.0409737],"to":[11.54193,8.953557,4.959026],"faces":{"east":{"uv":[5.0,8.8125,5.375,9.0625],"tintindex":0,"rotation":0,"texture":"#0"},"west":{"uv":[8.8125,7.5625,9.1875,7.8125],"tintindex":0,"rotation":0,"texture":"#0"}},"rotation":{"origin":[8.24193,6.9535565,1.9590259],"angle":-22.5,"axis":"y"}},{"from":[4.784174,10.126819,6.098286],"to":[4.784174,13.126818,11.098286],"faces":{"east":{"uv":[4.4375,10.5,4.125,10.6875],"tintindex":0,"rotation":0,"texture":"#0"},"west":{"uv":[4.125,10.5,4.4375,10.6875],"tintindex":0,"rotation":0,"texture":"#0"}}},{"from":[6.452161,5.106818,3.7187328],"to":[9.492161,9.146819,7.7587323],"faces":{"east":{"uv":[10.3125,8.0625,10.5625,8.3125],"tintindex":0,"rotation":0,"texture":"#0"},"south":{"uv":[10.625,1.25,10.8125,1.5],"tintindex":0,"rotation":0,"texture":"#0"},"north":{"uv":[10.5625,9.875,10.75,10.125],"tintindex":0,"rotation":0,"texture":"#0"},"west":{"uv":[10.3125,8.375,10.5625,8.625],"tintindex":0,"rotation":0,"texture":"#0"},"up":{"uv":[10.8125,1.8125,10.625,1.5625],"tintindex":0,"rotation":0,"texture":"#0"},"down":{"uv":[1.9375,10.625,1.75,10.875],"tintindex":0,"rotation":0,"texture":"#0"}}},{"from":[4.3841743,5.1268187,5.498286],"to":[11.384174,9.126819,11.498286],"faces":{"east":{"uv":[8.8125,8.5,9.1875,8.75],"tintindex":0,"rotation":0,"texture":"#0"},"south":{"uv":[8.5625,4.4375,9.0,4.6875],"tintindex":0,"rotation":0,"texture":"#0"},"north":{"uv":[8.5625,1.125,9.0,1.375],"tintindex":0,"rotation":0,"texture":"#0"},"west":{"uv":[8.8125,8.8125,9.1875,9.0625],"tintindex":0,"rotation":0,"texture":"#0"},"up":{"uv":[7.625,4.3125,7.1875,3.9375],"tintindex":0,"rotation":0,"texture":"#0"},"down":{"uv":[4.6875,7.1875,4.25,7.5625],"tintindex":0,"rotation":0,"texture":"#0"}}},{"from":[9.162161,5.116818,3.7287328],"to":[12.182161,8.136818,7.7487326],"faces":{"east":{"uv":[10.5625,6.5625,10.8125,6.75],"tintindex":0,"rotation":0,"texture":"#0"},"south":{"uv":[10.9375,2.6875,11.125,2.875],"tintindex":0,"rotation":0,"texture":"#0"},"north":{"uv":[2.25,10.9375,2.4375,11.125],"tintindex":0,"rotation":0,"texture":"#0"},"west":{"uv":[7.5625,10.5625,7.8125,10.75],"tintindex":0,"rotation":0,"texture":"#0"},"up":{"uv":[6.25,10.8125,6.0625,10.5625],"tintindex":0,"rotation":0,"texture":"#0"},"down":{"uv":[10.75,9.5625,10.5625,9.8125],"tintindex":0,"rotation":0,"texture":"#0"}},"rotation":{"origin":[7.672161,6.626818,3.2387328],"angle":-22.5,"axis":"y"}},{"from":[4.784174,10.126819,6.098286],"to":[10.784174,13.126818,6.098286],"faces":{"south":{"uv":[10.3125,6.0625,9.9375,6.25],"tintindex":0,"rotation":0,"texture":"#0"},"north":{"uv":[9.9375,6.0625,10.3125,6.25],"tintindex":0,"rotation":0,"texture":"#0"}}},{"from":[4.784174,10.126819,11.098286],"to":[10.784174,13.126818,11.098286],"faces":{"south":{"uv":[9.5625,9.9375,9.9375,10.125],"tintindex":0,"rotation":0,"texture":"#0"},"north":{"uv":[9.9375,9.9375,9.5625,10.125],"tintindex":0,"rotation":0,"texture":"#0"}}},{"from":[7.884174,5.3583155,12.44814],"to":[7.884174,9.358315,17.44814],"faces":{"east":{"uv":[9.75,5.1875,10.0625,5.4375],"tintindex":0,"rotation":0,"texture":"#0"},"west":{"uv":[9.75,6.625,10.0625,6.875],"tintindex":0,"rotation":0,"texture":"#0"}}},{"from":[3.5861876,5.116818,3.7287328],"to":[6.6061873,8.136818,7.7487326],"faces":{"east":{"uv":[8.5625,3.5625,8.8125,3.75],"tintindex":0,"rotation":0,"texture":"#0"},"south":{"uv":[1.6875,10.9375,1.875,11.125],"tintindex":0,"rotation":0,"texture":"#0"},"north":{"uv":[10.9375,0.5,11.125,0.6875],"tintindex":0,"rotation":0,"texture":"#0"},"west":{"uv":[8.75,5.1875,9.0,5.375],"tintindex":0,"rotation":0,"texture":"#0"},"up":{"uv":[10.75,4.0625,10.5625,3.8125],"tintindex":0,"rotation":0,"texture":"#0"},"down":{"uv":[10.75,5.0,10.5625,5.25],"tintindex":0,"rotation":0,"texture":"#0"}},"rotation":{"origin":[8.096188,6.626818,3.2387328],"angle":22.5,"axis":"y"}},{"from":[4.54193,4.9535565,-1.0409737],"to":[4.54193,8.953557,4.959026],"faces":{"east":{"uv":[4.125,8.8125,4.5,9.0625],"tintindex":0,"rotation":0,"texture":"#0"},"west":{"uv":[4.5625,8.8125,4.9375,9.0625],"tintindex":0,"rotation":0,"texture":"#0"}},"rotation":{"origin":[8.24193,6.9535565,1.9590259],"angle":22.5,"axis":"y"}},{"from":[8.041929,4.9535565,-1.0409737],"to":[8.041929,8.953557,4.959026],"faces":{"east":{"uv":[8.75,6.4375,9.125,6.6875],"tintindex":0,"rotation":0,"texture":"#0"},"west":{"uv":[8.75,8.1875,9.125,8.4375],"tintindex":0,"rotation":0,"texture":"#0"}}}],"display":{"gui":{"rotation":[30,225,0]}}}