{"textures":{"0":"modelengine:entity/nocsy_drakonin5"},"elements":[{"from":[6.452161,5.106818,3.7187324],"to":[9.492161,8.146819,7.7587323],"faces":{"east":{"uv":[8.1875,10.6875,8.4375,10.875],"tintindex":0,"rotation":0,"texture":"#0"},"south":{"uv":[11.0,1.0,11.1875,1.1875],"tintindex":0,"rotation":0,"texture":"#0"},"north":{"uv":[11.0,0.75,11.1875,0.9375],"tintindex":0,"rotation":0,"texture":"#0"},"west":{"uv":[8.5,10.6875,8.75,10.875],"tintindex":0,"rotation":0,"texture":"#0"},"up":{"uv":[9.0,10.9375,8.8125,10.6875],"tintindex":0,"rotation":0,"texture":"#0"},"down":{"uv":[9.25,10.6875,9.0625,10.9375],"tintindex":0,"rotation":0,"texture":"#0"}}},{"from":[10.884174,8.126819,5.498286],"to":[10.884174,11.126819,11.498285],"faces":{"east":{"uv":[10.1875,1.25,10.5625,1.4375],"tintindex":0,"rotation":0,"texture":"#0"},"west":{"uv":[10.5625,1.25,10.1875,1.4375],"tintindex":0,"rotation":0,"texture":"#0"}}},{"from":[3.5861871,5.116818,3.7287323],"to":[6.6061873,8.136819,7.7487326],"faces":{"east":{"uv":[2.3125,10.6875,2.5625,10.875],"tintindex":0,"rotation":0,"texture":"#0"},"south":{"uv":[9.8125,10.9375,10.0,11.125],"tintindex":0,"rotation":0,"texture":"#0"},"north":{"uv":[9.5625,10.9375,9.75,11.125],"tintindex":0,"rotation":0,"texture":"#0"},"west":{"uv":[3.625,10.6875,3.875,10.875],"tintindex":0,"rotation":0,"texture":"#0"},"up":{"uv":[10.875,6.1875,10.6875,5.9375],"tintindex":0,"rotation":0,"texture":"#0"},"down":{"uv":[6.5,10.6875,6.3125,10.9375],"tintindex":0,"rotation":0,"texture":"#0"}},"rotation":{"origin":[8.096188,6.626818,3.2387323],"angle":22.5,"axis":"y"}},{"from":[6.394174,5.136819,10.408286],"to":[9.374174,8.116818,12.388286],"faces":{"east":{"uv":[5.1875,7.375,5.3125,7.5625],"tintindex":0,"rotation":0,"texture":"#0"},"south":{"uv":[10.3125,10.9375,10.5,11.125],"tintindex":0,"rotation":0,"texture":"#0"},"north":{"uv":[10.0625,10.9375,10.25,11.125],"tintindex":0,"rotation":0,"texture":"#0"},"west":{"uv":[1.5625,9.6875,1.6875,9.875],"tintindex":0,"rotation":0,"texture":"#0"},"up":{"uv":[8.0,7.6875,7.8125,7.5625],"tintindex":0,"rotation":0,"texture":"#0"},"down":{"uv":[8.375,1.125,8.1875,1.25],"tintindex":0,"rotation":0,"texture":"#0"}}},{"from":[9.162161,5.116818,3.7287323],"to":[12.182161,8.136819,7.7487326],"faces":{"east":{"uv":[6.5625,10.6875,6.8125,10.875],"tintindex":0,"rotation":0,"texture":"#0"},"south":{"uv":[0.75,11.0,0.9375,11.1875],"tintindex":0,"rotation":0,"texture":"#0"},"north":{"uv":[0.5,11.0,0.6875,11.1875],"tintindex":0,"rotation":0,"texture":"#0"},"west":{"uv":[10.6875,6.8125,10.9375,7.0],"tintindex":0,"rotation":0,"texture":"#0"},"up":{"uv":[7.0625,10.9375,6.875,10.6875],"tintindex":0,"rotation":0,"texture":"#0"},"down":{"uv":[7.3125,10.6875,7.125,10.9375],"tintindex":0,"rotation":0,"texture":"#0"}},"rotation":{"origin":[7.672161,6.626818,3.2387323],"angle":-22.5,"axis":"y"}},{"from":[7.884174,5.3583155,11.64814],"to":[7.884174,9.358315,16.64814],"faces":{"east":{"uv":[9.875,0.0,10.1875,0.25],"tintindex":0,"rotation":0,"texture":"#0"},"west":{"uv":[9.875,0.3125,10.1875,0.5625],"tintindex":0,"rotation":0,"texture":"#0"}}},{"from":[8.041929,4.9535565,-1.0409746],"to":[8.041929,8.953557,4.959026],"faces":{"east":{"uv":[9.0,2.75,9.375,3.0],"tintindex":0,"rotation":0,"texture":"#0"},"west":{"uv":[9.0,6.0625,9.375,6.3125],"tintindex":0,"rotation":0,"texture":"#0"}}},{"from":[4.884174,8.126819,11.498285],"to":[10.884174,11.126819,11.498285],"faces":{"south":{"uv":[10.125,5.125,10.5,5.3125],"tintindex":0,"rotation":0,"texture":"#0"},"north":{"uv":[10.5,5.125,10.125,5.3125],"tintindex":0,"rotation":0,"texture":"#0"}}},{"from":[4.884174,8.126819,5.498286],"to":[4.884174,11.126819,11.498285],"faces":{"east":{"uv":[0.875,10.1875,0.5,10.375],"tintindex":0,"rotation":0,"texture":"#0"},"west":{"uv":[0.5,10.1875,0.875,10.375],"tintindex":0,"rotation":0,"texture":"#0"}}},{"from":[11.541929,4.9535565,-1.0409746],"to":[11.541929,8.953557,4.959026],"faces":{"east":{"uv":[1.3125,9.0625,1.6875,9.3125],"tintindex":0,"rotation":0,"texture":"#0"},"west":{"uv":[1.75,9.0625,2.125,9.3125],"tintindex":0,"rotation":0,"texture":"#0"}},"rotation":{"origin":[8.24193,6.9535565,1.9590259],"angle":-22.5,"axis":"y"}},{"from":[4.5419297,4.9535565,-1.0409746],"to":[4.5419297,8.953557,4.959026],"faces":{"east":{"uv":[9.0,7.1875,9.375,7.4375],"tintindex":0,"rotation":0,"texture":"#0"},"west":{"uv":[9.0625,1.0625,9.4375,1.3125],"tintindex":0,"rotation":0,"texture":"#0"}},"rotation":{"origin":[8.24193,6.9535565,1.9590259],"angle":22.5,"axis":"y"}},{"from":[4.884174,8.126819,5.498286],"to":[10.884174,11.126819,5.498286],"faces":{"south":{"uv":[10.4375,3.25,10.0625,3.4375],"tintindex":0,"rotation":0,"texture":"#0"},"north":{"uv":[10.0625,3.25,10.4375,3.4375],"tintindex":0,"rotation":0,"texture":"#0"}}},{"from":[4.884174,5.1268187,5.498286],"to":[10.884174,9.126819,11.498285],"faces":{"east":{"uv":[9.0625,4.75,9.4375,5.0],"tintindex":0,"rotation":0,"texture":"#0"},"south":{"uv":[9.0625,5.0625,9.4375,5.3125],"tintindex":0,"rotation":0,"texture":"#0"},"north":{"uv":[9.0625,4.4375,9.4375,4.6875],"tintindex":0,"rotation":0,"texture":"#0"},"west":{"uv":[4.125,9.125,4.5,9.375],"tintindex":0,"rotation":0,"texture":"#0"},"up":{"uv":[7.75,7.6875,7.375,7.3125],"tintindex":0,"rotation":0,"texture":"#0"},"down":{"uv":[7.8125,6.875,7.4375,7.25],"tintindex":0,"rotation":0,"texture":"#0"}}}],"display":{"gui":{"rotation":[30,225,0]}}}