{"textures":{"0":"modelengine:entity/nocsy_drakonin5"},"elements":[{"from":[-1.0271502,7.077788,3.4801264],"to":[0.46284962,8.567787,6.970126],"faces":{"east":{"uv":[8.8125,0.375,9.25,0.5625],"tintindex":0,"rotation":0,"texture":"#0"},"south":{"uv":[4.3125,10.75,4.5,10.9375],"tintindex":0,"rotation":0,"texture":"#0"},"north":{"uv":[10.75,4.125,10.9375,4.3125],"tintindex":0,"rotation":0,"texture":"#0"},"west":{"uv":[9.3125,0.375,9.75,0.5625],"tintindex":0,"rotation":0,"texture":"#0"},"up":{"uv":[2.5625,8.5625,2.375,8.125],"tintindex":0,"rotation":0,"texture":"#0"},"down":{"uv":[0.9375,9.3125,0.75,9.75],"tintindex":0,"rotation":0,"texture":"#0"}},"rotation":{"origin":[1.7178493,7.822788,6.2251263],"angle":45.0,"axis":"y"}},{"from":[0.3036356,7.072788,7.2],"to":[6.8036356,8.572788,8.7],"faces":{"east":{"uv":[8.1875,4.9375,8.375,5.125],"tintindex":0,"rotation":0,"texture":"#0"},"south":{"uv":[7.25,1.9375,8.0625,2.125],"tintindex":0,"rotation":0,"texture":"#0"},"north":{"uv":[7.25,1.6875,8.0625,1.875],"tintindex":0,"rotation":0,"texture":"#0"},"west":{"uv":[4.875,8.5625,5.0625,8.75],"tintindex":0,"rotation":0,"texture":"#0"},"up":{"uv":[8.0625,2.375,7.25,2.1875],"tintindex":0,"rotation":0,"texture":"#0"},"down":{"uv":[8.0625,2.4375,7.25,2.625],"tintindex":0,"rotation":0,"texture":"#0"}}},{"from":[6.3036356,6.822788,7.0],"to":[8.803636,8.822788,9.0],"faces":{"east":{"uv":[4.875,10.1875,5.125,10.4375],"tintindex":0,"rotation":0,"texture":"#0"},"south":{"uv":[9.5625,7.375,9.875,7.625],"tintindex":0,"rotation":0,"texture":"#0"},"north":{"uv":[5.4375,9.5625,5.75,9.8125],"tintindex":0,"rotation":0,"texture":"#0"},"west":{"uv":[9.5625,10.1875,9.8125,10.4375],"tintindex":0,"rotation":0,"texture":"#0"},"up":{"uv":[8.1875,9.8125,7.875,9.5625],"tintindex":0,"rotation":0,"texture":"#0"},"down":{"uv":[8.5625,9.5625,8.25,9.8125],"tintindex":0,"rotation":0,"texture":"#0"}}},{"from":[-2.783844,7.872788,3.1453495],"to":[7.7161565,7.972788,23.64535],"faces":{"east":{"uv":[6.75,5.4375,9.3125,5.5],"tintindex":0,"rotation":0,"texture":"#0"},"south":{"uv":[8.8125,7.9375,10.125,8.0],"tintindex":0,"rotation":0,"texture":"#0"},"north":{"uv":[8.5625,1.4375,9.875,1.5],"tintindex":0,"rotation":0,"texture":"#0"},"west":{"uv":[7.1875,5.5625,9.75,5.625],"tintindex":0,"rotation":0,"texture":"#0"},"up":{"uv":[5.4375,2.5625,4.125,0.0],"tintindex":0,"rotation":0,"texture":"#0"},"down":{"uv":[5.4375,2.625,4.125,5.1875],"tintindex":0,"rotation":0,"texture":"#0"}}},{"from":[-2.8980246,7.072788,2.5713243],"to":[-1.3980246,8.572788,6.0713243],"faces":{"east":{"uv":[1.75,9.375,2.1875,9.5625],"tintindex":0,"rotation":0,"texture":"#0"},"south":{"uv":[5.8125,10.75,6.0,10.9375],"tintindex":0,"rotation":0,"texture":"#0"},"north":{"uv":[4.5625,10.75,4.75,10.9375],"tintindex":0,"rotation":0,"texture":"#0"},"west":{"uv":[9.375,1.8125,9.8125,2.0],"tintindex":0,"rotation":0,"texture":"#0"},"up":{"uv":[6.4375,9.75,6.25,9.3125],"tintindex":0,"rotation":0,"texture":"#0"},"down":{"uv":[9.5625,2.0625,9.375,2.5],"tintindex":0,"rotation":0,"texture":"#0"}},"rotation":{"origin":[-2.1480246,7.822788,4.3213243],"angle":22.5,"axis":"y"}}],"display":{"gui":{"rotation":[30,225,0]}}}