{"textures":{"0":"modelengine:entity/nocsy_drakonin5"},"elements":[{"from":[6.0,3.3600554,5.889879],"to":[10.0,9.360055,9.889879],"faces":{"east":{"uv":[9.0,4.75,8.75,5.125],"tintindex":0,"rotation":0,"texture":"#0"},"south":{"uv":[8.75,8.6875,8.5,9.0625],"tintindex":0,"rotation":0,"texture":"#0"},"north":{"uv":[5.875,8.6875,5.625,9.0625],"tintindex":0,"rotation":0,"texture":"#0"},"west":{"uv":[8.4375,8.6875,8.1875,9.0625],"tintindex":0,"rotation":0,"texture":"#0"},"up":{"uv":[5.5,10.5625,5.75,10.3125],"tintindex":0,"rotation":0,"texture":"#0"},"down":{"uv":[8.0,10.3125,8.25,10.5625],"tintindex":0,"rotation":0,"texture":"#0"}},"rotation":{"origin":[8.5,9.160055,7.2898793],"angle":22.5,"axis":"x"}}],"display":{"gui":{"rotation":[30,225,0]}}}