{"textures":{"0":"modelengine:entity/nocsy_drakonin5"},"elements":[{"from":[6.507839,5.106818,3.7187328],"to":[9.54784,9.146819,7.7587323],"faces":{"east":{"uv":[10.5625,8.375,10.3125,8.625],"tintindex":0,"rotation":0,"texture":"#0"},"south":{"uv":[10.8125,1.25,10.625,1.5],"tintindex":0,"rotation":0,"texture":"#0"},"north":{"uv":[10.75,9.875,10.5625,10.125],"tintindex":0,"rotation":0,"texture":"#0"},"west":{"uv":[10.5625,8.0625,10.3125,8.3125],"tintindex":0,"rotation":0,"texture":"#0"},"up":{"uv":[10.625,1.8125,10.8125,1.5625],"tintindex":0,"rotation":0,"texture":"#0"},"down":{"uv":[1.75,10.625,1.9375,10.875],"tintindex":0,"rotation":0,"texture":"#0"}}},{"from":[11.215826,10.126819,6.098286],"to":[11.215826,13.126818,11.098286],"faces":{"east":{"uv":[4.4375,10.5,4.125,10.6875],"tintindex":0,"rotation":0,"texture":"#0"},"west":{"uv":[4.125,10.5,4.4375,10.6875],"tintindex":0,"rotation":0,"texture":"#0"}}},{"from":[5.215826,10.126819,6.098286],"to":[5.215826,13.126818,11.098286],"faces":{"east":{"uv":[4.5,10.5,4.8125,10.6875],"tintindex":0,"rotation":0,"texture":"#0"},"west":{"uv":[4.8125,10.5,4.5,10.6875],"tintindex":0,"rotation":0,"texture":"#0"}}},{"from":[5.215826,10.126819,6.098286],"to":[11.215826,13.126818,6.098286],"faces":{"south":{"uv":[9.9375,6.0625,10.3125,6.25],"tintindex":0,"rotation":0,"texture":"#0"},"north":{"uv":[10.3125,6.0625,9.9375,6.25],"tintindex":0,"rotation":0,"texture":"#0"}}},{"from":[11.45807,4.9535565,-1.0409737],"to":[11.45807,8.953557,4.959026],"faces":{"east":{"uv":[4.9375,8.8125,4.5625,9.0625],"tintindex":0,"rotation":0,"texture":"#0"},"west":{"uv":[4.5,8.8125,4.125,9.0625],"tintindex":0,"rotation":0,"texture":"#0"}},"rotation":{"origin":[7.75807,6.9535565,1.9590259],"angle":-22.5,"axis":"y"}},{"from":[4.6158257,5.1268187,5.498286],"to":[11.615826,9.126819,11.498286],"faces":{"east":{"uv":[9.1875,8.8125,8.8125,9.0625],"tintindex":0,"rotation":0,"texture":"#0"},"south":{"uv":[9.0,4.4375,8.5625,4.6875],"tintindex":0,"rotation":0,"texture":"#0"},"north":{"uv":[9.0,1.125,8.5625,1.375],"tintindex":0,"rotation":0,"texture":"#0"},"west":{"uv":[9.1875,8.5,8.8125,8.75],"tintindex":0,"rotation":0,"texture":"#0"},"up":{"uv":[7.1875,4.3125,7.625,3.9375],"tintindex":0,"rotation":0,"texture":"#0"},"down":{"uv":[4.25,7.1875,4.6875,7.5625],"tintindex":0,"rotation":0,"texture":"#0"}}},{"from":[5.215826,10.126819,11.098286],"to":[11.215826,13.126818,11.098286],"faces":{"south":{"uv":[9.9375,9.9375,9.5625,10.125],"tintindex":0,"rotation":0,"texture":"#0"},"north":{"uv":[9.5625,9.9375,9.9375,10.125],"tintindex":0,"rotation":0,"texture":"#0"}}},{"from":[3.817839,5.116818,3.7287328],"to":[6.837839,8.136818,7.7487326],"faces":{"east":{"uv":[7.8125,10.5625,7.5625,10.75],"tintindex":0,"rotation":0,"texture":"#0"},"south":{"uv":[11.125,2.6875,10.9375,2.875],"tintindex":0,"rotation":0,"texture":"#0"},"north":{"uv":[2.4375,10.9375,2.25,11.125],"tintindex":0,"rotation":0,"texture":"#0"},"west":{"uv":[10.8125,6.5625,10.5625,6.75],"tintindex":0,"rotation":0,"texture":"#0"},"up":{"uv":[6.0625,10.8125,6.25,10.5625],"tintindex":0,"rotation":0,"texture":"#0"},"down":{"uv":[10.5625,9.5625,10.75,9.8125],"tintindex":0,"rotation":0,"texture":"#0"}},"rotation":{"origin":[8.327839,6.626818,3.2387328],"angle":22.5,"axis":"y"}},{"from":[5.215826,9.126819,6.098286],"to":[11.215826,10.126819,11.098286],"faces":{"east":{"uv":[10.4375,6.8125,10.125,6.875],"tintindex":0,"rotation":0,"texture":"#0"},"south":{"uv":[7.625,4.8125,7.25,4.875],"tintindex":0,"rotation":0,"texture":"#0"},"north":{"uv":[4.75,6.25,4.375,6.3125],"tintindex":0,"rotation":0,"texture":"#0"},"west":{"uv":[9.6875,5.4375,9.375,5.5],"tintindex":0,"rotation":0,"texture":"#0"},"up":{"uv":[8.1875,1.0625,8.5625,0.75],"tintindex":0,"rotation":0,"texture":"#0"},"down":{"uv":[2.875,8.1875,3.25,8.5],"tintindex":0,"rotation":0,"texture":"#0"}}},{"from":[4.45807,4.9535565,-1.0409737],"to":[4.45807,8.953557,4.959026],"faces":{"east":{"uv":[9.1875,7.5625,8.8125,7.8125],"tintindex":0,"rotation":0,"texture":"#0"},"west":{"uv":[5.375,8.8125,5.0,9.0625],"tintindex":0,"rotation":0,"texture":"#0"}},"rotation":{"origin":[7.75807,6.9535565,1.9590259],"angle":22.5,"axis":"y"}},{"from":[8.115826,5.3583155,12.44814],"to":[8.115826,9.358315,17.44814],"faces":{"east":{"uv":[10.0625,6.625,9.75,6.875],"tintindex":0,"rotation":0,"texture":"#0"},"west":{"uv":[10.0625,5.1875,9.75,5.4375],"tintindex":0,"rotation":0,"texture":"#0"}}},{"from":[9.393812,5.116818,3.7287328],"to":[12.413813,8.136818,7.7487326],"faces":{"east":{"uv":[9.0,5.1875,8.75,5.375],"tintindex":0,"rotation":0,"texture":"#0"},"south":{"uv":[1.875,10.9375,1.6875,11.125],"tintindex":0,"rotation":0,"texture":"#0"},"north":{"uv":[11.125,0.5,10.9375,0.6875],"tintindex":0,"rotation":0,"texture":"#0"},"west":{"uv":[8.8125,3.5625,8.5625,3.75],"tintindex":0,"rotation":0,"texture":"#0"},"up":{"uv":[10.5625,4.0625,10.75,3.8125],"tintindex":0,"rotation":0,"texture":"#0"},"down":{"uv":[10.5625,5.0,10.75,5.25],"tintindex":0,"rotation":0,"texture":"#0"}},"rotation":{"origin":[7.903813,6.626818,3.2387328],"angle":-22.5,"axis":"y"}},{"from":[6.6258264,5.136819,11.208286],"to":[9.605825,9.116818,13.188286],"faces":{"east":{"uv":[2.8125,8.6875,2.6875,8.9375],"tintindex":0,"rotation":0,"texture":"#0"},"south":{"uv":[10.75,5.625,10.5625,5.875],"tintindex":0,"rotation":0,"texture":"#0"},"north":{"uv":[5.3125,10.5625,5.125,10.8125],"tintindex":0,"rotation":0,"texture":"#0"},"west":{"uv":[6.625,7.8125,6.5,8.0625],"tintindex":0,"rotation":0,"texture":"#0"},"up":{"uv":[3.875,6.375,4.0625,6.25],"tintindex":0,"rotation":0,"texture":"#0"},"down":{"uv":[4.125,6.25,4.3125,6.375],"tintindex":0,"rotation":0,"texture":"#0"}}},{"from":[7.9580703,4.9535565,-1.0409737],"to":[7.9580703,8.953557,4.959026],"faces":{"east":{"uv":[9.125,8.1875,8.75,8.4375],"tintindex":0,"rotation":0,"texture":"#0"},"west":{"uv":[9.125,6.4375,8.75,6.6875],"tintindex":0,"rotation":0,"texture":"#0"}}}],"display":{"gui":{"rotation":[30,225,0]}}}