{"textures":{"0":"modelengine:entity/nocsy_drakonin5"},"elements":[{"from":[11.115826,8.126819,5.498286],"to":[11.115826,11.126819,11.498285],"faces":{"east":{"uv":[0.875,10.1875,0.5,10.375],"tintindex":0,"rotation":0,"texture":"#0"},"west":{"uv":[0.5,10.1875,0.875,10.375],"tintindex":0,"rotation":0,"texture":"#0"}}},{"from":[9.393812,5.116818,3.7287323],"to":[12.413813,8.136819,7.7487326],"faces":{"east":{"uv":[3.875,10.6875,3.625,10.875],"tintindex":0,"rotation":0,"texture":"#0"},"south":{"uv":[10.0,10.9375,9.8125,11.125],"tintindex":0,"rotation":0,"texture":"#0"},"north":{"uv":[9.75,10.9375,9.5625,11.125],"tintindex":0,"rotation":0,"texture":"#0"},"west":{"uv":[2.5625,10.6875,2.3125,10.875],"tintindex":0,"rotation":0,"texture":"#0"},"up":{"uv":[10.6875,6.1875,10.875,5.9375],"tintindex":0,"rotation":0,"texture":"#0"},"down":{"uv":[6.3125,10.6875,6.5,10.9375],"tintindex":0,"rotation":0,"texture":"#0"}},"rotation":{"origin":[7.903813,6.626818,3.2387323],"angle":-22.5,"axis":"y"}},{"from":[5.115826,8.126819,5.498286],"to":[11.115826,11.126819,5.498286],"faces":{"south":{"uv":[10.0625,3.25,10.4375,3.4375],"tintindex":0,"rotation":0,"texture":"#0"},"north":{"uv":[10.4375,3.25,10.0625,3.4375],"tintindex":0,"rotation":0,"texture":"#0"}}},{"from":[11.458071,4.9535565,-1.0409746],"to":[11.458071,8.953557,4.959026],"faces":{"east":{"uv":[9.4375,1.0625,9.0625,1.3125],"tintindex":0,"rotation":0,"texture":"#0"},"west":{"uv":[9.375,7.1875,9.0,7.4375],"tintindex":0,"rotation":0,"texture":"#0"}},"rotation":{"origin":[7.7580705,6.9535565,1.9590259],"angle":-22.5,"axis":"y"}},{"from":[6.6258264,5.136819,10.408286],"to":[9.605825,8.116818,12.388286],"faces":{"east":{"uv":[1.6875,9.6875,1.5625,9.875],"tintindex":0,"rotation":0,"texture":"#0"},"south":{"uv":[10.5,10.9375,10.3125,11.125],"tintindex":0,"rotation":0,"texture":"#0"},"north":{"uv":[10.25,10.9375,10.0625,11.125],"tintindex":0,"rotation":0,"texture":"#0"},"west":{"uv":[5.3125,7.375,5.1875,7.5625],"tintindex":0,"rotation":0,"texture":"#0"},"up":{"uv":[7.8125,7.6875,8.0,7.5625],"tintindex":0,"rotation":0,"texture":"#0"},"down":{"uv":[8.1875,1.125,8.375,1.25],"tintindex":0,"rotation":0,"texture":"#0"}}},{"from":[5.115826,5.1268187,5.498286],"to":[11.115826,9.126819,11.498285],"faces":{"east":{"uv":[4.5,9.125,4.125,9.375],"tintindex":0,"rotation":0,"texture":"#0"},"south":{"uv":[9.4375,5.0625,9.0625,5.3125],"tintindex":0,"rotation":0,"texture":"#0"},"north":{"uv":[9.4375,4.4375,9.0625,4.6875],"tintindex":0,"rotation":0,"texture":"#0"},"west":{"uv":[9.4375,4.75,9.0625,5.0],"tintindex":0,"rotation":0,"texture":"#0"},"up":{"uv":[7.375,7.6875,7.75,7.3125],"tintindex":0,"rotation":0,"texture":"#0"},"down":{"uv":[7.4375,6.875,7.8125,7.25],"tintindex":0,"rotation":0,"texture":"#0"}}},{"from":[3.817839,5.116818,3.7287323],"to":[6.837839,8.136819,7.7487326],"faces":{"east":{"uv":[10.9375,6.8125,10.6875,7.0],"tintindex":0,"rotation":0,"texture":"#0"},"south":{"uv":[0.9375,11.0,0.75,11.1875],"tintindex":0,"rotation":0,"texture":"#0"},"north":{"uv":[0.6875,11.0,0.5,11.1875],"tintindex":0,"rotation":0,"texture":"#0"},"west":{"uv":[6.8125,10.6875,6.5625,10.875],"tintindex":0,"rotation":0,"texture":"#0"},"up":{"uv":[6.875,10.9375,7.0625,10.6875],"tintindex":0,"rotation":0,"texture":"#0"},"down":{"uv":[7.125,10.6875,7.3125,10.9375],"tintindex":0,"rotation":0,"texture":"#0"}},"rotation":{"origin":[8.327839,6.626818,3.2387323],"angle":22.5,"axis":"y"}},{"from":[8.115826,5.3583155,11.64814],"to":[8.115826,9.358315,16.64814],"faces":{"east":{"uv":[10.1875,0.3125,9.875,0.5625],"tintindex":0,"rotation":0,"texture":"#0"},"west":{"uv":[10.1875,0.0,9.875,0.25],"tintindex":0,"rotation":0,"texture":"#0"}}},{"from":[6.507839,5.106818,3.7187324],"to":[9.54784,8.146819,7.7587323],"faces":{"east":{"uv":[8.75,10.6875,8.5,10.875],"tintindex":0,"rotation":0,"texture":"#0"},"south":{"uv":[11.1875,1.0,11.0,1.1875],"tintindex":0,"rotation":0,"texture":"#0"},"north":{"uv":[11.1875,0.75,11.0,0.9375],"tintindex":0,"rotation":0,"texture":"#0"},"west":{"uv":[8.4375,10.6875,8.1875,10.875],"tintindex":0,"rotation":0,"texture":"#0"},"up":{"uv":[8.8125,10.9375,9.0,10.6875],"tintindex":0,"rotation":0,"texture":"#0"},"down":{"uv":[9.0625,10.6875,9.25,10.9375],"tintindex":0,"rotation":0,"texture":"#0"}}},{"from":[7.9580703,4.9535565,-1.0409746],"to":[7.9580703,8.953557,4.959026],"faces":{"east":{"uv":[9.375,6.0625,9.0,6.3125],"tintindex":0,"rotation":0,"texture":"#0"},"west":{"uv":[9.375,2.75,9.0,3.0],"tintindex":0,"rotation":0,"texture":"#0"}}},{"from":[5.115826,8.126819,5.498286],"to":[5.115826,11.126819,11.498285],"faces":{"east":{"uv":[10.1875,1.25,10.5625,1.4375],"tintindex":0,"rotation":0,"texture":"#0"},"west":{"uv":[10.5625,1.25,10.1875,1.4375],"tintindex":0,"rotation":0,"texture":"#0"}}},{"from":[4.4580703,4.9535565,-1.0409746],"to":[4.4580703,8.953557,4.959026],"faces":{"east":{"uv":[2.125,9.0625,1.75,9.3125],"tintindex":0,"rotation":0,"texture":"#0"},"west":{"uv":[1.6875,9.0625,1.3125,9.3125],"tintindex":0,"rotation":0,"texture":"#0"}},"rotation":{"origin":[7.7580705,6.9535565,1.9590259],"angle":22.5,"axis":"y"}},{"from":[5.115826,8.126819,11.498285],"to":[11.115826,11.126819,11.498285],"faces":{"south":{"uv":[10.5,5.125,10.125,5.3125],"tintindex":0,"rotation":0,"texture":"#0"},"north":{"uv":[10.125,5.125,10.5,5.3125],"tintindex":0,"rotation":0,"texture":"#0"}}}],"display":{"gui":{"rotation":[30,225,0]}}}