{"textures":{"0":"modelengine:entity/nocsy_drakonin5"},"elements":[{"from":[4.0,0.7750573,5.8549156],"to":[12.0,8.775057,10.854916],"faces":{"east":{"uv":[5.875,7.1875,6.1875,7.6875],"tintindex":0,"rotation":0,"texture":"#0"},"south":{"uv":[6.0625,6.125,6.5625,6.625],"tintindex":0,"rotation":0,"texture":"#0"},"north":{"uv":[5.5,6.125,6.0,6.625],"tintindex":0,"rotation":0,"texture":"#0"},"west":{"uv":[7.25,0.375,7.5625,0.875],"tintindex":0,"rotation":0,"texture":"#0"},"up":{"uv":[7.75,1.25,7.25,0.9375],"tintindex":0,"rotation":0,"texture":"#0"},"down":{"uv":[7.75,1.3125,7.25,1.625],"tintindex":0,"rotation":0,"texture":"#0"}},"rotation":{"origin":[6.0,4.3819013,15.059338],"angle":22.5,"axis":"x"}}],"display":{"gui":{"rotation":[30,225,0]}}}