{"textures":{"0":"modelengine:entity/nocsy_drakonin5"},"elements":[{"from":[5.2,6.0390835,14.229314],"to":[9.8,10.639084,16.829313],"faces":{"east":{"uv":[4.875,10.5,5.0625,10.8125],"tintindex":0,"rotation":0,"texture":"#0"},"south":{"uv":[1.875,8.6875,2.1875,9.0],"tintindex":0,"rotation":0,"texture":"#0"},"north":{"uv":[1.5,8.6875,1.8125,9.0],"tintindex":0,"rotation":0,"texture":"#0"},"west":{"uv":[10.5625,0.25,10.75,0.5625],"tintindex":0,"rotation":0,"texture":"#0"},"up":{"uv":[10.875,3.5,10.5625,3.3125],"tintindex":0,"rotation":0,"texture":"#0"},"down":{"uv":[10.875,3.5625,10.5625,3.75],"tintindex":0,"rotation":0,"texture":"#0"}},"rotation":{"origin":[6.5,7.921784,15.5204525],"angle":-22.5,"axis":"x"}},{"from":[7.5,1.939084,15.529314],"to":[7.5,16.939083,31.529316],"faces":{"east":{"uv":[2.75,5.25,3.75,6.1875],"tintindex":0,"rotation":0,"texture":"#0"},"west":{"uv":[3.8125,5.25,4.8125,6.1875],"tintindex":0,"rotation":0,"texture":"#0"}}},{"from":[5.7,7.139084,15.729314],"to":[9.3,10.739083,19.329315],"faces":{"east":{"uv":[10.4375,2.375,10.6875,2.625],"tintindex":0,"rotation":0,"texture":"#0"},"south":{"uv":[2.6875,10.4375,2.9375,10.6875],"tintindex":0,"rotation":0,"texture":"#0"},"north":{"uv":[10.4375,2.0625,10.6875,2.3125],"tintindex":0,"rotation":0,"texture":"#0"},"west":{"uv":[3.0,10.4375,3.25,10.6875],"tintindex":0,"rotation":0,"texture":"#0"},"up":{"uv":[3.5625,10.6875,3.3125,10.4375],"tintindex":0,"rotation":0,"texture":"#0"},"down":{"uv":[10.6875,6.25,10.4375,6.5],"tintindex":0,"rotation":0,"texture":"#0"}}},{"from":[10.4,6.8504305,8.54854],"to":[14.4,6.8504305,16.54854],"faces":{"up":{"uv":[2.3125,8.625,2.0625,8.125],"tintindex":0,"rotation":0,"texture":"#0"},"down":{"uv":[8.375,2.375,8.125,2.875],"tintindex":0,"rotation":0,"texture":"#0"}},"rotation":{"origin":[12.0,9.55043,6.54854],"angle":-22.5,"axis":"z"}},{"from":[5.5,5.2650437,12.133896],"to":[9.5,10.265043,15.133896],"faces":{"east":{"uv":[6.6875,7.375,6.875,7.6875],"tintindex":0,"rotation":0,"texture":"#0"},"south":{"uv":[7.875,9.875,8.125,10.1875],"tintindex":0,"rotation":0,"texture":"#0"},"north":{"uv":[5.25,9.875,5.5,10.1875],"tintindex":0,"rotation":0,"texture":"#0"},"west":{"uv":[5.8125,10.375,6.0,10.6875],"tintindex":0,"rotation":0,"texture":"#0"},"up":{"uv":[11.0,2.625,10.75,2.4375],"tintindex":0,"rotation":0,"texture":"#0"},"down":{"uv":[3.125,10.75,2.875,10.9375],"tintindex":0,"rotation":0,"texture":"#0"}}},{"from":[4.5,4.7650437,6.133896],"to":[10.5,10.765043,12.133896],"faces":{"east":{"uv":[3.625,7.625,4.0,8.0],"tintindex":0,"rotation":0,"texture":"#0"},"south":{"uv":[4.0625,7.625,4.4375,8.0],"tintindex":0,"rotation":0,"texture":"#0"},"north":{"uv":[7.625,0.375,8.0,0.75],"tintindex":0,"rotation":0,"texture":"#0"},"west":{"uv":[5.1875,7.625,5.5625,8.0],"tintindex":0,"rotation":0,"texture":"#0"},"up":{"uv":[8.0625,4.3125,7.6875,3.9375],"tintindex":0,"rotation":0,"texture":"#0"},"down":{"uv":[8.0625,4.375,7.6875,4.75],"tintindex":0,"rotation":0,"texture":"#0"}}},{"from":[0.5999999,6.8504305,8.54854],"to":[4.6,6.8504305,16.54854],"faces":{"up":{"uv":[8.375,4.4375,8.125,3.9375],"tintindex":0,"rotation":0,"texture":"#0"},"down":{"uv":[5.875,8.125,5.625,8.625],"tintindex":0,"rotation":0,"texture":"#0"}},"rotation":{"origin":[3.0,9.55043,6.54854],"angle":22.5,"axis":"z"}}],"display":{"gui":{"rotation":[30,225,0]}}}