{"textures":{"0":"modelengine:entity/qmob_silkfang"},"elements":[{"from":[2.75,7.4781456,6.484745],"to":[13.25,15.728146,17.734745],"faces":{"east":{"uv":[6.75,4.75,7.75,5.5],"tintindex":0,"rotation":0,"texture":"#0"},"south":{"uv":[7.25,3.0,8.125,3.75],"tintindex":0,"rotation":0,"texture":"#0"},"north":{"uv":[7.25,2.25,8.125,3.0],"tintindex":0,"rotation":0,"texture":"#0"},"west":{"uv":[5.125,6.75,6.125,7.5],"tintindex":0,"rotation":0,"texture":"#0"},"up":{"uv":[7.25,7.5,6.375,6.5],"tintindex":0,"rotation":0,"texture":"#0"},"down":{"uv":[4.125,6.75,3.25,7.75],"tintindex":0,"rotation":0,"texture":"#0"}}},{"from":[4.25,2.4698944,11.590453],"to":[11.75,9.219894,16.840454],"faces":{"east":{"uv":[2.0,10.0,2.375,10.625],"tintindex":0,"rotation":0,"texture":"#0"},"south":{"uv":[9.0,7.375,9.625,8.0],"tintindex":0,"rotation":0,"texture":"#0"},"north":{"uv":[6.5,9.0,7.125,9.625],"tintindex":0,"rotation":0,"texture":"#0"},"west":{"uv":[10.0,3.0,10.375,3.625],"tintindex":0,"rotation":0,"texture":"#0"},"up":{"uv":[5.5,1.125,4.875,0.75],"tintindex":0,"rotation":0,"texture":"#0"},"down":{"uv":[6.625,1.625,6.0,2.0],"tintindex":0,"rotation":0,"texture":"#0"}},"rotation":{"origin":[8.0,1.3448944,7.465454],"angle":-45.0,"axis":"x"}}],"display":{"gui":{"rotation":[30,225,0]}}}