{"textures":{"0":"modelengine:entity/qmob_silkfang"},"elements":[{"from":[-6.7049522,-14.681055,6.238425],"to":[-2.5799513,3.318945,9.238424],"faces":{"east":{"uv":[9.125,1.875,9.375,3.375],"tintindex":0,"rotation":0,"texture":"#0"},"south":{"uv":[6.0,7.5,6.375,9.0],"tintindex":0,"rotation":0,"texture":"#0"},"north":{"uv":[5.625,7.5,6.0,9.0],"tintindex":0,"rotation":0,"texture":"#0"},"west":{"uv":[4.0,9.125,4.25,10.625],"tintindex":0,"rotation":0,"texture":"#0"},"up":{"uv":[10.875,1.125,10.5,0.875],"tintindex":0,"rotation":0,"texture":"#0"},"down":{"uv":[1.375,10.5,1.0,10.75],"tintindex":0,"rotation":0,"texture":"#0"}}},{"from":[-3.625,0.43658638,5.863425],"to":[0.125,13.936586,9.613424],"faces":{"east":{"uv":[0.0,8.375,0.375,9.5],"tintindex":0,"rotation":0,"texture":"#0"},"south":{"uv":[0.375,8.375,0.75,9.5],"tintindex":0,"rotation":0,"texture":"#0"},"north":{"uv":[2.375,8.25,2.75,9.375],"tintindex":0,"rotation":0,"texture":"#0"},"west":{"uv":[2.75,8.375,3.125,9.5],"tintindex":0,"rotation":0,"texture":"#0"},"up":{"uv":[0.375,10.5,0.0,10.125],"tintindex":0,"rotation":0,"texture":"#0"},"down":{"uv":[10.5,0.0,10.125,0.375],"tintindex":0,"rotation":0,"texture":"#0"}},"rotation":{"origin":[6.875,4.5615864,7.738425],"angle":45.0,"axis":"z"}},{"from":[3.875,-4.4384136,6.238425],"to":[7.625,9.061586,9.238424],"faces":{"east":{"uv":[9.625,4.0,9.875,5.125],"tintindex":0,"rotation":0,"texture":"#0"},"south":{"uv":[2.0,8.25,2.375,9.375],"tintindex":0,"rotation":0,"texture":"#0"},"north":{"uv":[1.625,8.25,2.0,9.375],"tintindex":0,"rotation":0,"texture":"#0"},"west":{"uv":[5.875,9.625,6.125,10.75],"tintindex":0,"rotation":0,"texture":"#0"},"up":{"uv":[1.0,10.75,0.625,10.5],"tintindex":0,"rotation":0,"texture":"#0"},"down":{"uv":[10.875,0.625,10.5,0.875],"tintindex":0,"rotation":0,"texture":"#0"}},"rotation":{"origin":[6.875,5.3115864,7.738425],"angle":-22.5,"axis":"z"}}],"display":{"gui":{"rotation":[30,225,0]}}}