{"textures":{"0":"modelengine:entity/qmob_silkfang"},"elements":[{"from":[18.579952,-14.681055,6.238425],"to":[22.704952,3.318945,9.238424],"faces":{"east":{"uv":[5.375,9.125,5.625,10.625],"tintindex":0,"rotation":0,"texture":"#0"},"south":{"uv":[6.75,7.5,7.125,9.0],"tintindex":0,"rotation":0,"texture":"#0"},"north":{"uv":[6.375,7.5,6.75,9.0],"tintindex":0,"rotation":0,"texture":"#0"},"west":{"uv":[9.375,1.875,9.625,3.375],"tintindex":0,"rotation":0,"texture":"#0"},"up":{"uv":[10.875,4.875,10.5,4.625],"tintindex":0,"rotation":0,"texture":"#0"},"down":{"uv":[10.875,5.25,10.5,5.5],"tintindex":0,"rotation":0,"texture":"#0"}}},{"from":[15.875,0.43658638,5.863425],"to":[19.625,13.936586,9.613424],"faces":{"east":{"uv":[7.125,8.625,7.5,9.75],"tintindex":0,"rotation":0,"texture":"#0"},"south":{"uv":[8.625,7.375,9.0,8.5],"tintindex":0,"rotation":0,"texture":"#0"},"north":{"uv":[8.5,6.25,8.875,7.375],"tintindex":0,"rotation":0,"texture":"#0"},"west":{"uv":[7.5,8.625,7.875,9.75],"tintindex":0,"rotation":0,"texture":"#0"},"up":{"uv":[1.5,10.5,1.125,10.125],"tintindex":0,"rotation":0,"texture":"#0"},"down":{"uv":[2.75,10.125,2.375,10.5],"tintindex":0,"rotation":0,"texture":"#0"}},"rotation":{"origin":[9.125,4.5615864,7.738425],"angle":-45.0,"axis":"z"}},{"from":[8.375,-4.4384136,6.238425],"to":[12.125,9.061586,9.238424],"faces":{"east":{"uv":[9.125,9.75,9.375,10.875],"tintindex":0,"rotation":0,"texture":"#0"},"south":{"uv":[8.5,5.125,8.875,6.25],"tintindex":0,"rotation":0,"texture":"#0"},"north":{"uv":[3.125,8.375,3.5,9.5],"tintindex":0,"rotation":0,"texture":"#0"},"west":{"uv":[9.875,0.0,10.125,1.125],"tintindex":0,"rotation":0,"texture":"#0"},"up":{"uv":[3.5,10.75,3.125,10.5],"tintindex":0,"rotation":0,"texture":"#0"},"down":{"uv":[4.625,10.5,4.25,10.75],"tintindex":0,"rotation":0,"texture":"#0"}},"rotation":{"origin":[9.125,5.3115864,7.738425],"angle":22.5,"axis":"z"}}],"display":{"gui":{"rotation":[30,225,0]}}}