{"textures":{"0":"modelengine:entity/nocsy_drakonin_roots"},"elements":[{"from":[16.61694,15.414022,0.12713242],"to":[23.11694,18.914022,3.627132],"faces":{"east":{"uv":[2.75,6.25,3.625,7.125],"tintindex":0,"rotation":0,"texture":"#0"},"south":{"uv":[4.75,4.375,3.125,5.25],"tintindex":0,"rotation":0,"texture":"#0"},"north":{"uv":[3.125,4.375,4.75,5.25],"tintindex":0,"rotation":0,"texture":"#0"},"west":{"uv":[3.75,6.25,4.625,7.125],"tintindex":0,"rotation":0,"texture":"#0"},"up":{"uv":[6.5,5.25,4.875,4.375],"tintindex":0,"rotation":0,"texture":"#0"},"down":{"uv":[6.5,4.375,4.875,5.25],"tintindex":0,"rotation":0,"texture":"#0"}},"rotation":{"origin":[10.6746235,9.757555,7.6058645],"angle":22.5,"axis":"z"}},{"from":[25.211885,19.853428,0.8271322],"to":[27.211885,24.353428,2.8271322],"faces":{"east":{"uv":[1.125,6.5,0.625,7.625],"tintindex":0,"rotation":0,"texture":"#0"},"south":{"uv":[6.875,6.25,6.375,7.375],"tintindex":0,"rotation":0,"texture":"#0"},"north":{"uv":[6.375,6.25,6.875,7.375],"tintindex":0,"rotation":0,"texture":"#0"},"west":{"uv":[0.625,6.5,1.125,7.625],"tintindex":0,"rotation":0,"texture":"#0"},"up":{"uv":[6.125,7.25,5.625,6.75],"tintindex":0,"rotation":0,"texture":"#0"},"down":{"uv":[7.5,6.25,7.0,6.75],"tintindex":0,"rotation":0,"texture":"#0"}},"rotation":{"origin":[15.274588,18.470882,7.8558645],"angle":45.0,"axis":"z"}},{"from":[20.70564,22.039825,1.4271326],"to":[23.20564,23.039825,2.4271321],"faces":{"east":{"uv":[1.75,3.25,2.0,3.5],"tintindex":0,"rotation":0,"texture":"#0"},"south":{"uv":[7.5,1.75,6.875,2.0],"tintindex":0,"rotation":0,"texture":"#0"},"north":{"uv":[6.875,1.75,7.5,2.0],"tintindex":0,"rotation":0,"texture":"#0"},"west":{"uv":[1.75,3.625,2.0,3.875],"tintindex":0,"rotation":0,"texture":"#0"},"up":{"uv":[7.75,0.375,7.125,0.625],"tintindex":0,"rotation":0,"texture":"#0"},"down":{"uv":[7.75,0.375,7.125,0.625],"tintindex":0,"rotation":0,"texture":"#0"}},"rotation":{"origin":[10.168343,18.407278,7.9058647],"angle":45.0,"axis":"z"}},{"from":[24.086866,14.15597,0.37713242],"to":[28.586868,17.15597,3.377132],"faces":{"east":{"uv":[4.75,6.25,5.5,7.0],"tintindex":0,"rotation":0,"texture":"#0"},"south":{"uv":[4.25,5.375,3.125,6.125],"tintindex":0,"rotation":0,"texture":"#0"},"north":{"uv":[3.125,5.375,4.25,6.125],"tintindex":0,"rotation":0,"texture":"#0"},"west":{"uv":[6.375,5.375,7.125,6.125],"tintindex":0,"rotation":0,"texture":"#0"},"up":{"uv":[1.125,6.375,0.0,5.625],"tintindex":0,"rotation":0,"texture":"#0"},"down":{"uv":[1.125,5.625,0.0,6.375],"tintindex":0,"rotation":0,"texture":"#0"}},"rotation":{"origin":[15.29957,12.023422,7.3558645],"angle":45.0,"axis":"z"}},{"from":[22.586868,8.65597,2.4271321],"to":[30.586868,14.15597,2.4271321],"faces":{"south":{"uv":[4.125,0.0,2.125,1.375],"tintindex":0,"rotation":0,"texture":"#0"},"north":{"uv":[2.125,0.0,4.125,1.375],"tintindex":0,"rotation":0,"texture":"#0"}},"rotation":{"origin":[15.29957,12.023422,7.3558645],"angle":45.0,"axis":"z"}},{"from":[14.3113985,25.747261,-1.7726946],"to":[22.311398,31.747261,-1.7726946],"faces":{"south":{"uv":[2.0,0.0,0.0,1.5],"tintindex":0,"rotation":0,"texture":"#0"},"north":{"uv":[0.0,0.0,2.0,1.5],"tintindex":0,"rotation":0,"texture":"#0"}},"rotation":{"origin":[12.625449,19.425045,7.9058647],"angle":22.5,"axis":"x"}},{"from":[26.089945,20.444729,1.0771322],"to":[31.589945,25.444729,1.0771322],"faces":{"south":{"uv":[5.25,3.0,3.875,4.25],"tintindex":0,"rotation":0,"texture":"#0"},"north":{"uv":[3.875,3.0,5.25,4.25],"tintindex":0,"rotation":0,"texture":"#0"}},"rotation":{"origin":[19.897629,14.788261,7.6058645],"angle":22.5,"axis":"z"}},{"from":[19.247051,23.014961,-4.9214754],"to":[19.247051,28.014961,1.5785246],"faces":{"east":{"uv":[1.625,3.25,0.0,4.5],"tintindex":0,"rotation":0,"texture":"#0"},"west":{"uv":[0.0,3.25,1.625,4.5],"tintindex":0,"rotation":0,"texture":"#0"}},"rotation":{"origin":[15.197627,14.788261,5.8558645],"angle":-22.5,"axis":"y"}},{"from":[16.111399,29.401745,1.1771317],"to":[19.611399,30.901745,2.6771321],"faces":{"east":{"uv":[7.125,0.75,7.5,1.125],"tintindex":0,"rotation":0,"texture":"#0"},"south":{"uv":[6.25,3.75,5.375,4.125],"tintindex":0,"rotation":0,"texture":"#0"},"north":{"uv":[5.375,3.75,6.25,4.125],"tintindex":0,"rotation":0,"texture":"#0"},"west":{"uv":[1.25,7.125,1.625,7.5],"tintindex":0,"rotation":0,"texture":"#0"},"up":{"uv":[7.75,1.625,6.875,1.25],"tintindex":0,"rotation":0,"texture":"#0"},"down":{"uv":[7.75,1.25,6.875,1.625],"tintindex":0,"rotation":0,"texture":"#0"}}},{"from":[20.433577,23.014961,0.6271324],"to":[22.933577,28.014961,3.127132],"faces":{"east":{"uv":[2.625,5.75,2.0,7.0],"tintindex":0,"rotation":0,"texture":"#0"},"south":{"uv":[6.25,5.375,5.625,6.625],"tintindex":0,"rotation":0,"texture":"#0"},"north":{"uv":[5.625,5.375,6.25,6.625],"tintindex":0,"rotation":0,"texture":"#0"},"west":{"uv":[2.0,5.75,2.625,7.0],"tintindex":0,"rotation":0,"texture":"#0"},"up":{"uv":[7.25,4.375,6.625,3.75],"tintindex":0,"rotation":0,"texture":"#0"},"down":{"uv":[2.0,7.0,2.625,5.75],"tintindex":0,"rotation":0,"texture":"#0"}}},{"from":[15.70564,20.039825,1.9271326],"to":[20.70564,25.039825,1.9271326],"faces":{"south":{"uv":[5.5,1.375,4.25,2.625],"tintindex":0,"rotation":0,"texture":"#0"},"north":{"uv":[4.25,1.375,5.5,2.625],"tintindex":0,"rotation":0,"texture":"#0"}},"rotation":{"origin":[10.168343,18.407278,7.9058647],"angle":45.0,"axis":"z"}}],"display":{"gui":{"rotation":[30,225,0]}}}