{"textures":{"0":"modelengine:entity/nocsy_drakonin_roots"},"elements":[{"from":[-6.3113985,25.747261,17.772694],"to":[1.6886015,31.747261,17.772694],"faces":{"south":{"uv":[0.0,0.0,2.0,1.5],"tintindex":0,"rotation":0,"texture":"#0"},"north":{"uv":[2.0,0.0,0.0,1.5],"tintindex":0,"rotation":0,"texture":"#0"}},"rotation":{"origin":[3.3745508,19.425045,8.094135],"angle":-22.5,"axis":"x"}},{"from":[-15.589945,20.444729,14.922868],"to":[-10.089945,25.444729,14.922868],"faces":{"south":{"uv":[3.875,3.0,5.25,4.25],"tintindex":0,"rotation":0,"texture":"#0"},"north":{"uv":[5.25,3.0,3.875,4.25],"tintindex":0,"rotation":0,"texture":"#0"}},"rotation":{"origin":[-3.8976278,14.788261,8.394135],"angle":-22.5,"axis":"z"}},{"from":[-14.586868,8.65597,13.572868],"to":[-6.5868673,14.15597,13.572868],"faces":{"south":{"uv":[2.125,0.0,4.125,1.375],"tintindex":0,"rotation":0,"texture":"#0"},"north":{"uv":[4.125,0.0,2.125,1.375],"tintindex":0,"rotation":0,"texture":"#0"}},"rotation":{"origin":[0.7004299,12.023422,8.644135],"angle":-45.0,"axis":"z"}},{"from":[-4.705641,20.039825,14.072867],"to":[0.29436016,25.039825,14.072867],"faces":{"south":{"uv":[4.25,1.375,5.5,2.625],"tintindex":0,"rotation":0,"texture":"#0"},"north":{"uv":[5.5,1.375,4.25,2.625],"tintindex":0,"rotation":0,"texture":"#0"}},"rotation":{"origin":[5.8316574,18.407278,8.094135],"angle":-45.0,"axis":"z"}},{"from":[-3.2470522,23.014961,14.421475],"to":[-3.2470522,28.014961,20.921474],"faces":{"east":{"uv":[0.0,3.25,1.625,4.5],"tintindex":0,"rotation":0,"texture":"#0"},"west":{"uv":[1.625,3.25,0.0,4.5],"tintindex":0,"rotation":0,"texture":"#0"}},"rotation":{"origin":[0.80237293,14.788261,10.144135],"angle":-22.5,"axis":"y"}},{"from":[-7.1169405,15.414022,12.372868],"to":[-0.6169405,18.914022,15.872868],"faces":{"east":{"uv":[3.75,6.25,4.625,7.125],"tintindex":0,"rotation":0,"texture":"#0"},"south":{"uv":[3.125,4.375,4.75,5.25],"tintindex":0,"rotation":0,"texture":"#0"},"north":{"uv":[4.75,4.375,3.125,5.25],"tintindex":0,"rotation":0,"texture":"#0"},"west":{"uv":[2.75,6.25,3.625,7.125],"tintindex":0,"rotation":0,"texture":"#0"},"up":{"uv":[4.875,4.375,6.5,5.25],"tintindex":0,"rotation":0,"texture":"#0"},"down":{"uv":[4.875,5.25,6.5,4.375],"tintindex":0,"rotation":0,"texture":"#0"}},"rotation":{"origin":[5.3253765,9.757555,8.394135],"angle":-22.5,"axis":"z"}},{"from":[-6.9335766,23.014961,12.872868],"to":[-4.4335766,28.014961,15.372868],"faces":{"east":{"uv":[2.0,5.75,2.625,7.0],"tintindex":0,"rotation":0,"texture":"#0"},"south":{"uv":[5.625,5.375,6.25,6.625],"tintindex":0,"rotation":0,"texture":"#0"},"north":{"uv":[6.25,5.375,5.625,6.625],"tintindex":0,"rotation":0,"texture":"#0"},"west":{"uv":[2.625,5.75,2.0,7.0],"tintindex":0,"rotation":0,"texture":"#0"},"up":{"uv":[6.625,3.75,7.25,4.375],"tintindex":0,"rotation":0,"texture":"#0"},"down":{"uv":[2.625,5.75,2.0,7.0],"tintindex":0,"rotation":0,"texture":"#0"}}},{"from":[-7.205641,22.039825,13.572868],"to":[-4.705641,23.039825,14.572867],"faces":{"east":{"uv":[1.75,3.625,2.0,3.875],"tintindex":0,"rotation":0,"texture":"#0"},"south":{"uv":[6.875,1.75,7.5,2.0],"tintindex":0,"rotation":0,"texture":"#0"},"north":{"uv":[7.5,1.75,6.875,2.0],"tintindex":0,"rotation":0,"texture":"#0"},"west":{"uv":[1.75,3.25,2.0,3.5],"tintindex":0,"rotation":0,"texture":"#0"},"up":{"uv":[7.125,0.625,7.75,0.375],"tintindex":0,"rotation":0,"texture":"#0"},"down":{"uv":[7.125,0.625,7.75,0.375],"tintindex":0,"rotation":0,"texture":"#0"}},"rotation":{"origin":[5.8316574,18.407278,8.094135],"angle":-45.0,"axis":"z"}},{"from":[-12.586868,14.15597,12.622868],"to":[-8.086866,17.15597,15.622868],"faces":{"east":{"uv":[6.375,5.375,7.125,6.125],"tintindex":0,"rotation":0,"texture":"#0"},"south":{"uv":[3.125,5.375,4.25,6.125],"tintindex":0,"rotation":0,"texture":"#0"},"north":{"uv":[4.25,5.375,3.125,6.125],"tintindex":0,"rotation":0,"texture":"#0"},"west":{"uv":[4.75,6.25,5.5,7.0],"tintindex":0,"rotation":0,"texture":"#0"},"up":{"uv":[0.0,5.625,1.125,6.375],"tintindex":0,"rotation":0,"texture":"#0"},"down":{"uv":[0.0,6.375,1.125,5.625],"tintindex":0,"rotation":0,"texture":"#0"}},"rotation":{"origin":[0.7004299,12.023422,8.644135],"angle":-45.0,"axis":"z"}},{"from":[-3.6113987,29.401745,13.322868],"to":[-0.1113987,30.901745,14.822868],"faces":{"east":{"uv":[1.25,7.125,1.625,7.5],"tintindex":0,"rotation":0,"texture":"#0"},"south":{"uv":[5.375,3.75,6.25,4.125],"tintindex":0,"rotation":0,"texture":"#0"},"north":{"uv":[6.25,3.75,5.375,4.125],"tintindex":0,"rotation":0,"texture":"#0"},"west":{"uv":[7.125,0.75,7.5,1.125],"tintindex":0,"rotation":0,"texture":"#0"},"up":{"uv":[6.875,1.25,7.75,1.625],"tintindex":0,"rotation":0,"texture":"#0"},"down":{"uv":[6.875,1.625,7.75,1.25],"tintindex":0,"rotation":0,"texture":"#0"}}},{"from":[-11.211885,19.853428,13.172868],"to":[-9.211885,24.353428,15.172868],"faces":{"east":{"uv":[0.625,6.5,1.125,7.625],"tintindex":0,"rotation":0,"texture":"#0"},"south":{"uv":[6.375,6.25,6.875,7.375],"tintindex":0,"rotation":0,"texture":"#0"},"north":{"uv":[6.875,6.25,6.375,7.375],"tintindex":0,"rotation":0,"texture":"#0"},"west":{"uv":[1.125,6.5,0.625,7.625],"tintindex":0,"rotation":0,"texture":"#0"},"up":{"uv":[5.625,6.75,6.125,7.25],"tintindex":0,"rotation":0,"texture":"#0"},"down":{"uv":[7.0,6.75,7.5,6.25],"tintindex":0,"rotation":0,"texture":"#0"}},"rotation":{"origin":[0.72541237,18.470882,8.144135],"angle":-45.0,"axis":"z"}}],"display":{"gui":{"rotation":[30,225,0]}}}