{"textures":{"0":"modelengine:entity/gargoylespawn"},"elements":[{"from":[-2.4408703,-11.984091,8.0],"to":[7.225797,24.682577,8.0],"faces":{"south":{"uv":[2.7058823,6.470588,3.5588236,9.705882],"tintindex":0,"rotation":0,"texture":"#0"},"north":{"uv":[1.8529412,6.470588,2.7058823,9.705882],"tintindex":0,"rotation":0,"texture":"#0"}}},{"from":[5.7966995,5.3909707,6.6666665],"to":[8.4633665,26.057638,9.333333],"faces":{"east":{"uv":[7.852941,11.6470585,8.088235,13.470589],"tintindex":0,"rotation":0,"texture":"#0"},"south":{"uv":[0.64705884,11.970589,0.88235295,13.794118],"tintindex":0,"rotation":0,"texture":"#0"},"north":{"uv":[7.617647,11.6470585,7.852941,13.470589],"tintindex":0,"rotation":0,"texture":"#0"},"west":{"uv":[5.7352943,12.029412,5.970588,13.8529415],"tintindex":0,"rotation":0,"texture":"#0"},"up":{"uv":[15.411765,11.058824,15.176471,10.823529],"tintindex":0,"rotation":0,"texture":"#0"},"down":{"uv":[15.411765,11.058824,15.176471,11.294118],"tintindex":0,"rotation":0,"texture":"#0"}},"rotation":{"origin":[3.6962304,10.841289,8.0],"angle":22.5,"axis":"z"}}],"display":{"gui":{"rotation":[30,225,0]}}}