{"textures":{"0":"modelengine:entity/gargoylespawn"},"elements":[{"from":[-6.333334,4.6666665,6.333333],"to":[12.0,12.0,12.666667],"faces":{"east":{"uv":[12.941176,4.117647,13.5,4.764706],"tintindex":0,"rotation":0,"texture":"#0"},"south":{"uv":[8.382353,8.117647,10.0,8.764706],"tintindex":0,"rotation":0,"texture":"#0"},"north":{"uv":[6.764706,8.117647,8.382353,8.764706],"tintindex":0,"rotation":0,"texture":"#0"},"west":{"uv":[12.941176,4.764706,13.5,5.4117646],"tintindex":0,"rotation":0,"texture":"#0"},"up":{"uv":[6.617647,10.323529,5.0,9.764706],"tintindex":0,"rotation":0,"texture":"#0"},"down":{"uv":[11.5,9.6470585,9.882353,10.205882],"tintindex":0,"rotation":0,"texture":"#0"}}},{"from":[-10.333334,4.0,4.0],"to":[9.666667,11.0,10.666667],"faces":{"east":{"uv":[12.735294,10.823529,13.323529,11.441176],"tintindex":0,"rotation":0,"texture":"#0"},"south":{"uv":[7.8235292,0.61764705,9.588235,1.2352941],"tintindex":0,"rotation":0,"texture":"#0"},"north":{"uv":[7.8235292,0.0,9.588235,0.61764705],"tintindex":0,"rotation":0,"texture":"#0"},"west":{"uv":[12.911765,12.294118,13.5,12.911765],"tintindex":0,"rotation":0,"texture":"#0"},"up":{"uv":[10.205882,4.9411764,8.441176,4.352941],"tintindex":0,"rotation":0,"texture":"#0"},"down":{"uv":[10.205882,4.9411764,8.441176,5.529412],"tintindex":0,"rotation":0,"texture":"#0"}}}],"display":{"gui":{"rotation":[30,225,0]}}}