{"textures":{"0":"modelengine:entity/gargoylespawn"},"elements":[{"from":[6.8125,3.9279099,3.7312841],"to":[19.3125,11.92791,11.731284],"faces":{"east":{"uv":[10.323529,14.205882,10.794118,14.676471],"tintindex":0,"rotation":0,"texture":"#0"},"south":{"uv":[12.970589,0.0,13.705882,0.47058824],"tintindex":0,"rotation":0,"texture":"#0"},"north":{"uv":[12.941176,9.294118,13.676471,9.764706],"tintindex":0,"rotation":0,"texture":"#0"},"west":{"uv":[8.705882,14.235294,9.176471,14.705882],"tintindex":0,"rotation":0,"texture":"#0"},"up":{"uv":[10.823529,13.558824,10.088235,13.088235],"tintindex":0,"rotation":0,"texture":"#0"},"down":{"uv":[11.558824,13.088235,10.823529,13.558824],"tintindex":0,"rotation":0,"texture":"#0"}}},{"from":[20.8125,10.42791,-8.768715],"to":[25.8125,22.92791,-3.7687159],"faces":{"east":{"uv":[2.0,14.411765,2.2941177,15.1470585],"tintindex":0,"rotation":0,"texture":"#0"},"south":{"uv":[4.2352943,14.411765,4.529412,15.1470585],"tintindex":0,"rotation":0,"texture":"#0"},"north":{"uv":[8.117647,9.3529415,8.411765,10.088235],"tintindex":0,"rotation":0,"texture":"#0"},"west":{"uv":[4.529412,14.411765,4.8235292,15.1470585],"tintindex":0,"rotation":0,"texture":"#0"},"up":{"uv":[4.970588,10.294118,4.6764708,10.0],"tintindex":0,"rotation":0,"texture":"#0"},"down":{"uv":[8.411765,10.088235,8.117647,10.382353],"tintindex":0,"rotation":0,"texture":"#0"}},"rotation":{"origin":[22.3125,7.92791,2.4812841],"angle":-22.5,"axis":"x"}},{"from":[18.8125,1.4279099,-7.768716],"to":[24.8125,7.42791,3.7312841],"faces":{"east":{"uv":[13.970589,4.117647,14.6470585,4.470588],"tintindex":0,"rotation":0,"texture":"#0"},"south":{"uv":[10.323529,15.029412,10.676471,15.382353],"tintindex":0,"rotation":0,"texture":"#0"},"north":{"uv":[2.5294118,15.029412,2.882353,15.382353],"tintindex":0,"rotation":0,"texture":"#0"},"west":{"uv":[11.764706,14.029412,12.441176,14.382353],"tintindex":0,"rotation":0,"texture":"#0"},"up":{"uv":[12.794118,14.705882,12.441176,14.029412],"tintindex":0,"rotation":0,"texture":"#0"},"down":{"uv":[13.1470585,14.029412,12.794118,14.705882],"tintindex":0,"rotation":0,"texture":"#0"}},"rotation":{"origin":[22.3125,7.92791,2.4812841],"angle":22.5,"axis":"x"}},{"from":[15.8125,1.4279099,-1.7687159],"to":[23.8125,9.42791,9.731284],"faces":{"east":{"uv":[2.6470587,13.470589,3.3235295,13.941176],"tintindex":0,"rotation":0,"texture":"#0"},"south":{"uv":[14.294118,14.029412,14.764706,14.5],"tintindex":0,"rotation":0,"texture":"#0"},"north":{"uv":[14.294118,13.558824,14.764706,14.029412],"tintindex":0,"rotation":0,"texture":"#0"},"west":{"uv":[3.3235295,13.470589,4.0,13.941176],"tintindex":0,"rotation":0,"texture":"#0"},"up":{"uv":[4.470588,14.1470585,4.0,13.470589],"tintindex":0,"rotation":0,"texture":"#0"},"down":{"uv":[8.0,13.470589,7.529412,14.1470585],"tintindex":0,"rotation":0,"texture":"#0"}},"rotation":{"origin":[20.3125,7.92791,2.4812841],"angle":-22.5,"axis":"x"}}],"display":{"gui":{"rotation":[30,225,0]}}}