{"textures":{"0":"modelengine:entity/gargoylespawn"},"elements":[{"from":[-1.0,8.75,3.5],"to":[16.5,23.75,13.0],"faces":{"east":{"uv":[2.235294,11.941176,2.7941177,12.823529],"tintindex":0,"rotation":0,"texture":"#0"},"south":{"uv":[9.470589,2.1176472,10.5,3.0],"tintindex":0,"rotation":0,"texture":"#0"},"north":{"uv":[9.470589,1.2352941,10.5,2.1176472],"tintindex":0,"rotation":0,"texture":"#0"},"west":{"uv":[4.470588,11.970589,5.029412,12.8529415],"tintindex":0,"rotation":0,"texture":"#0"},"up":{"uv":[12.5,10.764706,11.470589,10.205882],"tintindex":0,"rotation":0,"texture":"#0"},"down":{"uv":[12.588235,0.85294116,11.558824,1.4117647],"tintindex":0,"rotation":0,"texture":"#0"}}},{"from":[1.75,2.75,5.25],"to":[13.75,25.75,16.75],"faces":{"east":{"uv":[6.764706,9.3529415,7.4411764,10.705882],"tintindex":0,"rotation":0,"texture":"#0"},"south":{"uv":[0.7058824,8.911765,1.4117647,10.264706],"tintindex":0,"rotation":0,"texture":"#0"},"north":{"uv":[0.0,8.911765,0.7058824,10.264706],"tintindex":0,"rotation":0,"texture":"#0"},"west":{"uv":[7.4411764,9.3529415,8.117647,10.705882],"tintindex":0,"rotation":0,"texture":"#0"},"up":{"uv":[5.7352943,12.705882,5.029412,12.029412],"tintindex":0,"rotation":0,"texture":"#0"},"down":{"uv":[12.735294,10.764706,12.029412,11.441176],"tintindex":0,"rotation":0,"texture":"#0"}}}],"display":{"gui":{"rotation":[30,225,0]}}}