{"textures":{"0":"modelengine:entity/nocsy_drakonin_shadowspell"},"elements":[{"from":[-4.5,-9.0,14.333334],"to":[20.5,32.0,14.333334],"faces":{"south":{"uv":[0.0,3.25,5.125,6.375],"tintindex":0,"rotation":270,"texture":"#0"},"north":{"uv":[5.125,3.25,0.0,6.375],"tintindex":0,"rotation":90,"texture":"#0"}}},{"from":[3.5,-3.0,10.333334],"to":[12.5,6.0,19.333334],"faces":{"east":{"uv":[6.375,2.5,5.25,3.625],"tintindex":0,"rotation":90,"texture":"#0"},"south":{"uv":[5.25,3.625,6.375,2.5],"tintindex":0,"rotation":270,"texture":"#0"},"north":{"uv":[5.25,2.5,6.375,3.625],"tintindex":0,"rotation":270,"texture":"#0"},"west":{"uv":[5.25,2.5,6.375,3.625],"tintindex":0,"rotation":270,"texture":"#0"},"up":{"uv":[5.25,1.25,6.375,2.375],"tintindex":0,"rotation":0,"texture":"#0"},"down":{"uv":[5.25,3.75,6.375,4.875],"tintindex":0,"rotation":180,"texture":"#0"}}},{"from":[8.0,-9.0,2.3333335],"to":[8.0,32.0,27.333334],"faces":{"east":{"uv":[5.125,3.25,0.0,6.375],"tintindex":0,"rotation":90,"texture":"#0"},"west":{"uv":[0.0,3.25,5.125,6.375],"tintindex":0,"rotation":270,"texture":"#0"}}}],"display":{"gui":{"rotation":[30,225,0]}}}