{"textures":{"0":"modelengine:entity/golem_de_hierro"},"elements":[{"from":[2.5,-7.000002,2.0],"to":[13.5,7.0,14.0],"faces":{"east":{"uv":[7.40625,9.875,8.15625,10.75],"tintindex":0,"rotation":0,"texture":"#0"},"south":{"uv":[9.59375,10.25,10.28125,11.125],"tintindex":0,"rotation":0,"texture":"#0"},"north":{"uv":[8.90625,10.25,9.59375,11.125],"tintindex":0,"rotation":0,"texture":"#0"},"west":{"uv":[8.15625,9.875,8.90625,10.75],"tintindex":0,"rotation":0,"texture":"#0"},"up":{"uv":[11.34375,4.375,10.65625,3.625],"tintindex":0,"rotation":0,"texture":"#0"},"down":{"uv":[8.09375,10.75,7.40625,11.5],"tintindex":0,"rotation":0,"texture":"#0"}}},{"from":[2.0,-1.5000019,1.5],"to":[14.0,11.5,14.5],"faces":{"east":{"uv":[0.625,9.8125,1.4375,10.625],"tintindex":0,"rotation":0,"texture":"#0"},"south":{"uv":[10.15625,5.34375,10.90625,6.15625],"tintindex":0,"rotation":0,"texture":"#0"},"north":{"uv":[10.15625,2.40625,10.90625,3.21875],"tintindex":0,"rotation":0,"texture":"#0"},"west":{"uv":[9.84375,1.59375,10.65625,2.40625],"tintindex":0,"rotation":0,"texture":"#0"},"up":{"uv":[10.90625,6.96875,10.15625,6.15625],"tintindex":0,"rotation":0,"texture":"#0"},"down":{"uv":[5.875,10.1875,5.125,11.0],"tintindex":0,"rotation":0,"texture":"#0"}}},{"from":[6.5,-14.500002,2.0],"to":[9.0,-13.000002,14.0],"faces":{"east":{"uv":[13.21875,10.9375,13.96875,11.03125],"tintindex":0,"rotation":0,"texture":"#0"},"south":{"uv":[5.21875,1.25,5.375,1.34375],"tintindex":0,"rotation":0,"texture":"#0"},"north":{"uv":[5.0625,1.25,5.21875,1.34375],"tintindex":0,"rotation":0,"texture":"#0"},"west":{"uv":[13.28125,9.875,14.03125,9.96875],"tintindex":0,"rotation":0,"texture":"#0"},"up":{"uv":[7.125,13.9375,6.96875,13.1875],"tintindex":0,"rotation":0,"texture":"#0"},"down":{"uv":[7.28125,13.1875,7.125,13.9375],"tintindex":0,"rotation":0,"texture":"#0"}}},{"from":[9.5,-14.500002,2.0],"to":[12.0,-13.000002,14.0],"faces":{"east":{"uv":[13.28125,9.96875,14.03125,10.0625],"tintindex":0,"rotation":0,"texture":"#0"},"south":{"uv":[1.375,6.125,1.53125,6.21875],"tintindex":0,"rotation":0,"texture":"#0"},"north":{"uv":[1.375,6.03125,1.53125,6.125],"tintindex":0,"rotation":0,"texture":"#0"},"west":{"uv":[13.28125,10.0625,14.03125,10.15625],"tintindex":0,"rotation":0,"texture":"#0"},"up":{"uv":[7.4375,13.9375,7.28125,13.1875],"tintindex":0,"rotation":0,"texture":"#0"},"down":{"uv":[8.03125,13.1875,7.875,13.9375],"tintindex":0,"rotation":0,"texture":"#0"}}},{"from":[2.6000004,-14.000002,2.5],"to":[13.4,-5.500002,13.5],"faces":{"east":{"uv":[10.75,11.90625,11.4375,12.4375],"tintindex":0,"rotation":0,"texture":"#0"},"south":{"uv":[11.9375,3.5,12.625,4.03125],"tintindex":0,"rotation":0,"texture":"#0"},"north":{"uv":[9.46875,6.53125,10.15625,7.0625],"tintindex":0,"rotation":0,"texture":"#0"},"west":{"uv":[2.84375,11.96875,3.53125,12.5],"tintindex":0,"rotation":0,"texture":"#0"},"up":{"uv":[11.78125,7.53125,11.09375,6.84375],"tintindex":0,"rotation":0,"texture":"#0"},"down":{"uv":[9.46875,11.125,8.78125,11.8125],"tintindex":0,"rotation":0,"texture":"#0"}}},{"from":[3.5,-14.500002,2.0],"to":[6.0,-13.000002,14.0],"faces":{"east":{"uv":[3.5625,7.625,4.3125,7.71875],"tintindex":0,"rotation":0,"texture":"#0"},"south":{"uv":[4.46875,2.96875,4.625,3.0625],"tintindex":0,"rotation":0,"texture":"#0"},"north":{"uv":[1.71875,4.4375,1.875,4.53125],"tintindex":0,"rotation":0,"texture":"#0"},"west":{"uv":[7.96875,7.0625,8.71875,7.15625],"tintindex":0,"rotation":0,"texture":"#0"},"up":{"uv":[1.40625,11.375,1.25,10.625],"tintindex":0,"rotation":0,"texture":"#0"},"down":{"uv":[6.96875,13.1875,6.8125,13.9375],"tintindex":0,"rotation":0,"texture":"#0"}}}],"display":{"gui":{"rotation":[30,225,0]}}}