{"textures":{"0":"modelengine:entity/golem_de_hierro"},"elements":[{"from":[3.333333,4.6666665,4.0],"to":[13.0,13.0,12.0],"faces":{"east":{"uv":[3.125,10.3125,3.875,11.09375],"tintindex":0,"rotation":0,"texture":"#0"},"south":{"uv":[9.4375,8.46875,10.34375,9.25],"tintindex":0,"rotation":0,"texture":"#0"},"north":{"uv":[9.4375,7.6875,10.34375,8.46875],"tintindex":0,"rotation":0,"texture":"#0"},"west":{"uv":[10.34375,6.96875,11.09375,7.75],"tintindex":0,"rotation":0,"texture":"#0"},"up":{"uv":[2.4375,6.78125,1.53125,6.03125],"tintindex":0,"rotation":0,"texture":"#0"},"down":{"uv":[4.1875,9.5625,3.28125,10.3125],"tintindex":0,"rotation":0,"texture":"#0"}}},{"from":[3.333333,-3.333334,4.0],"to":[10.666667,-1.333334,12.0],"faces":{"east":{"uv":[9.90625,1.40625,10.65625,1.59375],"tintindex":0,"rotation":0,"texture":"#0"},"south":{"uv":[13.125,12.75,13.8125,12.9375],"tintindex":0,"rotation":0,"texture":"#0"},"north":{"uv":[13.125,8.15625,13.8125,8.34375],"tintindex":0,"rotation":0,"texture":"#0"},"west":{"uv":[10.53125,0.8125,11.28125,1.0],"tintindex":0,"rotation":0,"texture":"#0"},"up":{"uv":[11.53125,10.46875,10.84375,9.71875],"tintindex":0,"rotation":0,"texture":"#0"},"down":{"uv":[11.53125,10.46875,10.84375,11.21875],"tintindex":0,"rotation":0,"texture":"#0"}}},{"from":[3.333333,-1.0,4.0],"to":[10.666667,1.0,12.0],"faces":{"east":{"uv":[8.15625,0.625,8.90625,0.8125],"tintindex":0,"rotation":0,"texture":"#0"},"south":{"uv":[13.125,7.96875,13.8125,8.15625],"tintindex":0,"rotation":0,"texture":"#0"},"north":{"uv":[8.09375,1.78125,8.78125,1.96875],"tintindex":0,"rotation":0,"texture":"#0"},"west":{"uv":[9.09375,1.59375,9.84375,1.78125],"tintindex":0,"rotation":0,"texture":"#0"},"up":{"uv":[8.78125,11.5,8.09375,10.75],"tintindex":0,"rotation":0,"texture":"#0"},"down":{"uv":[11.4375,8.96875,10.75,9.71875],"tintindex":0,"rotation":0,"texture":"#0"}}},{"from":[3.6666665,-3.666667,4.333333],"to":[10.333334,7.0,11.666667],"faces":{"east":{"uv":[9.4375,9.25,10.125,10.25],"tintindex":0,"rotation":0,"texture":"#0"},"south":{"uv":[10.03125,3.65625,10.65625,4.65625],"tintindex":0,"rotation":0,"texture":"#0"},"north":{"uv":[9.90625,0.0,10.53125,1.0],"tintindex":0,"rotation":0,"texture":"#0"},"west":{"uv":[9.46875,2.65625,10.15625,3.65625],"tintindex":0,"rotation":0,"texture":"#0"},"up":{"uv":[8.46875,12.1875,7.84375,11.5],"tintindex":0,"rotation":0,"texture":"#0"},"down":{"uv":[12.15625,9.625,11.53125,10.3125],"tintindex":0,"rotation":0,"texture":"#0"}}},{"from":[2.6666665,-8.666668,3.333333],"to":[11.333334,-3.666667,12.666667],"faces":{"east":{"uv":[11.03125,8.09375,11.90625,8.5625],"tintindex":0,"rotation":0,"texture":"#0"},"south":{"uv":[8.46875,11.8125,9.28125,12.28125],"tintindex":0,"rotation":0,"texture":"#0"},"north":{"uv":[4.34375,11.8125,5.15625,12.28125],"tintindex":0,"rotation":0,"texture":"#0"},"west":{"uv":[11.40625,0.8125,12.28125,1.28125],"tintindex":0,"rotation":0,"texture":"#0"},"up":{"uv":[2.46875,10.3125,1.65625,9.4375],"tintindex":0,"rotation":0,"texture":"#0"},"down":{"uv":[3.28125,9.4375,2.46875,10.3125],"tintindex":0,"rotation":0,"texture":"#0"}}}],"display":{"gui":{"rotation":[30,225,0]}}}