{"textures":{"0":"modelengine:entity/golem_de_hierro"},"elements":[{"from":[2.25,14.0,9.0],"to":[3.0749998,24.574997,9.775],"faces":{"east":{"uv":[1.34375,4.75,1.375,5.09375],"tintindex":0,"rotation":0,"texture":"#0"},"south":{"uv":[3.21875,4.90625,3.25,5.25],"tintindex":0,"rotation":0,"texture":"#0"},"north":{"uv":[3.21875,4.5625,3.25,4.90625],"tintindex":0,"rotation":0,"texture":"#0"},"west":{"uv":[1.34375,5.09375,1.375,5.4375],"tintindex":0,"rotation":0,"texture":"#0"},"up":{"uv":[4.46875,3.0625,4.4375,3.03125],"tintindex":0,"rotation":0,"texture":"#0"},"down":{"uv":[1.875,4.53125,1.84375,4.5625],"tintindex":0,"rotation":0,"texture":"#0"}}},{"from":[2.4,23.800003,9.0],"to":[8.875,24.574997,9.775],"faces":{"east":{"uv":[3.21875,5.25,3.25,5.28125],"tintindex":0,"rotation":0,"texture":"#0"},"south":{"uv":[6.65625,4.3125,6.875,4.34375],"tintindex":0,"rotation":0,"texture":"#0"},"north":{"uv":[6.4375,4.3125,6.65625,4.34375],"tintindex":0,"rotation":0,"texture":"#0"},"west":{"uv":[3.21875,5.28125,3.25,5.3125],"tintindex":0,"rotation":0,"texture":"#0"},"up":{"uv":[3.96875,6.78125,3.75,6.75],"tintindex":0,"rotation":0,"texture":"#0"},"down":{"uv":[4.1875,6.75,3.96875,6.78125],"tintindex":0,"rotation":0,"texture":"#0"}}},{"from":[2.0,5.0,2.0],"to":[15.0,19.0,15.0],"faces":{"east":{"uv":[6.5,10.5,6.90625,10.9375],"tintindex":0,"rotation":0,"texture":"#0"},"south":{"uv":[2.1875,13.0625,2.59375,13.5],"tintindex":0,"rotation":0,"texture":"#0"},"north":{"uv":[9.5625,5.09375,9.96875,5.53125],"tintindex":0,"rotation":0,"texture":"#0"},"west":{"uv":[8.59375,13.0625,9.0,13.5],"tintindex":0,"rotation":0,"texture":"#0"},"up":{"uv":[11.375,13.46875,10.96875,13.0625],"tintindex":0,"rotation":0,"texture":"#0"},"down":{"uv":[3.0,13.125,2.59375,13.53125],"tintindex":0,"rotation":0,"texture":"#0"}}},{"from":[13.95,14.0,9.0],"to":[14.775,24.574997,9.775],"faces":{"east":{"uv":[1.34375,5.4375,1.375,5.78125],"tintindex":0,"rotation":0,"texture":"#0"},"south":{"uv":[7.9375,4.8125,7.96875,5.15625],"tintindex":0,"rotation":0,"texture":"#0"},"north":{"uv":[5.40625,1.0,5.4375,1.34375],"tintindex":0,"rotation":0,"texture":"#0"},"west":{"uv":[5.71875,8.6875,5.75,9.03125],"tintindex":0,"rotation":0,"texture":"#0"},"up":{"uv":[4.6875,3.03125,4.65625,3.0],"tintindex":0,"rotation":0,"texture":"#0"},"down":{"uv":[4.6875,3.03125,4.65625,3.0625],"tintindex":0,"rotation":0,"texture":"#0"}}},{"from":[7.2,14.0,14.0],"to":[9.075,24.574997,14.775],"faces":{"east":{"uv":[8.8125,2.65625,8.84375,3.0],"tintindex":0,"rotation":0,"texture":"#0"},"south":{"uv":[7.75,8.5625,7.8125,8.90625],"tintindex":0,"rotation":0,"texture":"#0"},"north":{"uv":[4.6875,2.71875,4.75,3.0625],"tintindex":0,"rotation":0,"texture":"#0"},"west":{"uv":[8.8125,3.0,8.84375,3.34375],"tintindex":0,"rotation":0,"texture":"#0"},"up":{"uv":[1.78125,4.4375,1.71875,4.40625],"tintindex":0,"rotation":0,"texture":"#0"},"down":{"uv":[1.78125,4.53125,1.71875,4.5625],"tintindex":0,"rotation":0,"texture":"#0"}}},{"from":[7.9,23.800003,9.0],"to":[14.775,24.574997,9.775],"faces":{"east":{"uv":[4.625,3.0,4.65625,3.03125],"tintindex":0,"rotation":0,"texture":"#0"},"south":{"uv":[2.75,5.375,2.96875,5.40625],"tintindex":0,"rotation":0,"texture":"#0"},"north":{"uv":[2.53125,5.375,2.75,5.40625],"tintindex":0,"rotation":0,"texture":"#0"},"west":{"uv":[4.625,3.03125,4.65625,3.0625],"tintindex":0,"rotation":0,"texture":"#0"},"up":{"uv":[3.1875,5.40625,2.96875,5.375],"tintindex":0,"rotation":0,"texture":"#0"},"down":{"uv":[1.375,6.1875,1.15625,6.21875],"tintindex":0,"rotation":0,"texture":"#0"}}},{"from":[7.2,14.0,3.0],"to":[9.075,24.574997,3.775],"faces":{"east":{"uv":[8.8125,3.34375,8.84375,3.6875],"tintindex":0,"rotation":0,"texture":"#0"},"south":{"uv":[9.46875,3.65625,9.53125,4.0],"tintindex":0,"rotation":0,"texture":"#0"},"north":{"uv":[5.65625,8.6875,5.71875,9.03125],"tintindex":0,"rotation":0,"texture":"#0"},"west":{"uv":[8.78125,9.0625,8.8125,9.40625],"tintindex":0,"rotation":0,"texture":"#0"},"up":{"uv":[1.84375,4.5625,1.78125,4.53125],"tintindex":0,"rotation":0,"texture":"#0"},"down":{"uv":[4.6875,2.96875,4.625,3.0],"tintindex":0,"rotation":0,"texture":"#0"}}},{"from":[7.2,23.774994,3.25],"to":[9.075,24.574997,14.775],"faces":{"east":{"uv":[3.5625,3.03125,3.9375,3.0625],"tintindex":0,"rotation":0,"texture":"#0"},"south":{"uv":[4.375,3.03125,4.4375,3.0625],"tintindex":0,"rotation":0,"texture":"#0"},"north":{"uv":[4.3125,3.03125,4.375,3.0625],"tintindex":0,"rotation":0,"texture":"#0"},"west":{"uv":[3.9375,3.03125,4.3125,3.0625],"tintindex":0,"rotation":0,"texture":"#0"},"up":{"uv":[4.75,2.71875,4.6875,2.34375],"tintindex":0,"rotation":0,"texture":"#0"},"down":{"uv":[7.9375,4.8125,7.875,5.1875],"tintindex":0,"rotation":0,"texture":"#0"}}}],"display":{"gui":{"rotation":[30,225,0]}}}