{"textures":{"0":"modelengine:entity/golem_de_hierro"},"elements":[{"from":[7.3999996,-0.67499924,21.0],"to":[8.85,-0.07499981,31.0],"faces":{"east":{"uv":[13.1875,12.28125,14.4375,12.34375],"tintindex":0,"rotation":0,"texture":"#0"},"south":{"uv":[4.9375,4.34375,5.125,4.40625],"tintindex":0,"rotation":0,"texture":"#0"},"north":{"uv":[4.75,4.34375,4.9375,4.40625],"tintindex":0,"rotation":0,"texture":"#0"},"west":{"uv":[13.21875,0.625,14.46875,0.6875],"tintindex":0,"rotation":0,"texture":"#0"},"up":{"uv":[1.34375,6.0,1.15625,4.75],"tintindex":0,"rotation":0,"texture":"#0"},"down":{"uv":[6.8125,12.28125,6.625,13.53125],"tintindex":0,"rotation":0,"texture":"#0"}}},{"from":[7.75,-1.1749992,20.5],"to":[8.5,-0.3249998,31.5],"faces":{"east":{"uv":[13.0625,8.78125,14.4375,8.875],"tintindex":0,"rotation":0,"texture":"#0"},"south":{"uv":[4.3125,7.625,4.40625,7.71875],"tintindex":0,"rotation":0,"texture":"#0"},"north":{"uv":[2.4375,6.625,2.53125,6.71875],"tintindex":0,"rotation":0,"texture":"#0"},"west":{"uv":[13.09375,3.09375,14.46875,3.1875],"tintindex":0,"rotation":0,"texture":"#0"},"up":{"uv":[3.09375,14.5,3.0,13.125],"tintindex":0,"rotation":0,"texture":"#0"},"down":{"uv":[4.34375,13.125,4.25,14.5],"tintindex":0,"rotation":0,"texture":"#0"}}},{"from":[7.25,7.25,8.25],"to":[9.0,8.75,16.5],"faces":{"east":{"uv":[3.75,6.5625,4.78125,6.75],"tintindex":0,"rotation":0,"texture":"#0"},"south":{"uv":[7.65625,4.125,7.875,4.3125],"tintindex":0,"rotation":0,"texture":"#0"},"north":{"uv":[1.15625,6.0,1.375,6.1875],"tintindex":0,"rotation":0,"texture":"#0"},"west":{"uv":[12.625,3.84375,13.65625,4.03125],"tintindex":0,"rotation":0,"texture":"#0"},"up":{"uv":[5.59375,13.625,5.375,12.59375],"tintindex":0,"rotation":0,"texture":"#0"},"down":{"uv":[1.875,12.8125,1.65625,13.84375],"tintindex":0,"rotation":0,"texture":"#0"}}},{"from":[7.325,7.325,13.75],"to":[8.925,8.675,22.0],"faces":{"east":{"uv":[13.0,5.71875,14.03125,5.875],"tintindex":0,"rotation":0,"texture":"#0"},"south":{"uv":[9.96875,5.34375,10.15625,5.5],"tintindex":0,"rotation":0,"texture":"#0"},"north":{"uv":[8.90625,0.625,9.09375,0.78125],"tintindex":0,"rotation":0,"texture":"#0"},"west":{"uv":[13.09375,2.9375,14.125,3.09375],"tintindex":0,"rotation":0,"texture":"#0"},"up":{"uv":[4.53125,13.9375,4.34375,12.90625],"tintindex":0,"rotation":0,"texture":"#0"},"down":{"uv":[4.71875,12.90625,4.53125,13.9375],"tintindex":0,"rotation":0,"texture":"#0"}}},{"from":[7.325,-0.17499924,21.5],"to":[8.925,1.1750002,30.5],"faces":{"east":{"uv":[11.09375,7.59375,12.21875,7.75],"tintindex":0,"rotation":0,"texture":"#0"},"south":{"uv":[3.875,10.625,4.0625,10.78125],"tintindex":0,"rotation":0,"texture":"#0"},"north":{"uv":[3.875,10.46875,4.0625,10.625],"tintindex":0,"rotation":0,"texture":"#0"},"west":{"uv":[12.875,12.59375,14.0,12.75],"tintindex":0,"rotation":0,"texture":"#0"},"up":{"uv":[7.6875,14.0,7.5,12.875],"tintindex":0,"rotation":0,"texture":"#0"},"down":{"uv":[7.875,12.875,7.6875,14.0],"tintindex":0,"rotation":0,"texture":"#0"}}},{"from":[7.325,6.825,21.075],"to":[8.925,9.225,30.425],"faces":{"east":{"uv":[11.9375,4.03125,13.09375,4.34375],"tintindex":0,"rotation":0,"texture":"#0"},"south":{"uv":[5.4375,8.6875,5.625,9.0],"tintindex":0,"rotation":0,"texture":"#0"},"north":{"uv":[5.75,7.71875,5.9375,8.03125],"tintindex":0,"rotation":0,"texture":"#0"},"west":{"uv":[12.1875,11.46875,13.34375,11.78125],"tintindex":0,"rotation":0,"texture":"#0"},"up":{"uv":[0.53125,13.78125,0.34375,12.625],"tintindex":0,"rotation":0,"texture":"#0"},"down":{"uv":[2.0625,12.8125,1.875,13.96875],"tintindex":0,"rotation":0,"texture":"#0"}}},{"from":[7.25,7.25,21.0],"to":[9.0,8.75,22.5],"faces":{"east":{"uv":[5.75,8.03125,5.9375,8.21875],"tintindex":0,"rotation":0,"texture":"#0"},"south":{"uv":[1.4375,9.8125,1.65625,10.0],"tintindex":0,"rotation":0,"texture":"#0"},"north":{"uv":[5.4375,9.0,5.65625,9.1875],"tintindex":0,"rotation":0,"texture":"#0"},"west":{"uv":[6.78125,8.3125,6.96875,8.5],"tintindex":0,"rotation":0,"texture":"#0"},"up":{"uv":[10.0625,2.59375,9.84375,2.40625],"tintindex":0,"rotation":0,"texture":"#0"},"down":{"uv":[1.65625,10.0,1.4375,10.1875],"tintindex":0,"rotation":0,"texture":"#0"}}},{"from":[7.5,0.5750003,22.0],"to":[8.75,7.4750004,30.25],"faces":{"east":{"uv":[4.40625,8.6875,5.4375,9.5625],"tintindex":0,"rotation":0,"texture":"#0"},"south":{"uv":[4.09375,13.125,4.25,14.0],"tintindex":0,"rotation":0,"texture":"#0"},"north":{"uv":[3.9375,13.125,4.09375,14.0],"tintindex":0,"rotation":0,"texture":"#0"},"west":{"uv":[8.8125,1.78125,9.84375,2.65625],"tintindex":0,"rotation":0,"texture":"#0"},"up":{"uv":[6.40625,14.09375,6.25,13.0625],"tintindex":0,"rotation":0,"texture":"#0"},"down":{"uv":[6.5625,13.0625,6.40625,14.09375],"tintindex":0,"rotation":0,"texture":"#0"}}},{"from":[7.9750004,-1.9249992,20.0],"to":[8.275,-1.0749998,32.0],"faces":{"east":{"uv":[12.6875,11.34375,14.1875,11.4375],"tintindex":0,"rotation":0,"texture":"#0"},"south":{"uv":[1.75,4.3125,1.78125,4.40625],"tintindex":0,"rotation":0,"texture":"#0"},"north":{"uv":[1.71875,4.3125,1.75,4.40625],"tintindex":0,"rotation":0,"texture":"#0"},"west":{"uv":[12.78125,9.3125,14.28125,9.40625],"tintindex":0,"rotation":0,"texture":"#0"},"up":{"uv":[6.59375,14.5625,6.5625,13.0625],"tintindex":0,"rotation":0,"texture":"#0"},"down":{"uv":[6.625,13.0625,6.59375,14.5625],"tintindex":0,"rotation":0,"texture":"#0"}}}],"display":{"gui":{"rotation":[30,225,0]}}}