{"textures":{},"elements":[{"from":[2.8571424,22.857147,3.0],"to":[13.714286,32.0,14.142858],"rotation":{"angle":0.0,"axis":"y","origin":[8.0,-51.428574,8.0]},"faces":{"east":{"uv":[0.0,0.0,0.609375,0.5],"rotation":0,"texture":"#missing","tintindex":0},"south":{"uv":[0.0,0.0,0.59375,0.5],"rotation":0,"texture":"#missing","tintindex":0},"north":{"uv":[0.0,0.0,0.59375,0.5],"rotation":0,"texture":"#missing","tintindex":0},"west":{"uv":[0.0,0.0,0.609375,0.5],"rotation":0,"texture":"#missing","tintindex":0},"up":{"uv":[0.0,0.0,0.59375,0.609375],"rotation":0,"texture":"#missing","tintindex":0},"down":{"uv":[0.0,0.0,0.59375,0.609375],"rotation":0,"texture":"#missing","tintindex":0}}}],"display":{"head":{"translation":[0.0,231.3143,0.0],"scale":[4.0,4.0,4.0]}}}