{"textures":{},"elements":[{"from":[12.628572,-12.371433,2.7999997],"to":[20.8,32.0,22.342857],"rotation":{"angle":0.0,"axis":"y","origin":[8.0,-12.371433,8.0]},"faces":{"east":{"uv":[0.0,0.0,1.06875,2.4265625],"rotation":0,"texture":"#missing","tintindex":0},"south":{"uv":[0.0,0.0,0.446875,2.4265625],"rotation":0,"texture":"#missing","tintindex":0},"north":{"uv":[0.0,0.0,0.446875,2.4265625],"rotation":0,"texture":"#missing","tintindex":0},"west":{"uv":[0.0,0.0,1.06875,2.4265625],"rotation":0,"texture":"#missing","tintindex":0},"up":{"uv":[0.0,0.0,0.446875,1.06875],"rotation":0,"texture":"#missing","tintindex":0},"down":{"uv":[0.0,0.0,0.446875,1.06875],"rotation":0,"texture":"#missing","tintindex":0}}}],"display":{"head":{"translation":[0.0,75.08573,0.0],"scale":[4.0,4.0,4.0]}}}