{"textures":{"0":"modelengine:entity/golem_de_hierro"},"elements":[{"from":[5.625,3.2624998,7.0875],"to":[11.15,7.2625,20.625],"faces":{"east":{"uv":[13.0,5.21875,13.84375,5.46875],"tintindex":0,"rotation":0,"texture":"#0"},"south":{"uv":[7.40625,9.5,7.75,9.75],"tintindex":0,"rotation":0,"texture":"#0"},"north":{"uv":[4.78125,6.5625,5.125,6.8125],"tintindex":0,"rotation":0,"texture":"#0"},"west":{"uv":[13.0,5.46875,13.84375,5.71875],"tintindex":0,"rotation":0,"texture":"#0"},"up":{"uv":[10.3125,13.4375,9.96875,12.59375],"tintindex":0,"rotation":0,"texture":"#0"},"down":{"uv":[0.34375,12.625,0.0,13.46875],"tintindex":0,"rotation":0,"texture":"#0"}}},{"from":[4.625,3.2624998,3.5875],"to":[12.15,8.2625,16.125],"faces":{"east":{"uv":[0.875,12.65625,1.65625,12.96875],"tintindex":0,"rotation":0,"texture":"#0"},"south":{"uv":[13.125,6.90625,13.59375,7.21875],"tintindex":0,"rotation":0,"texture":"#0"},"north":{"uv":[13.125,6.59375,13.59375,6.90625],"tintindex":0,"rotation":0,"texture":"#0"},"west":{"uv":[12.6875,1.15625,13.46875,1.46875],"tintindex":0,"rotation":0,"texture":"#0"},"up":{"uv":[12.375,0.78125,11.90625,0.0],"tintindex":0,"rotation":0,"texture":"#0"},"down":{"uv":[12.375,8.09375,11.90625,8.875],"tintindex":0,"rotation":0,"texture":"#0"}}},{"from":[5.125,3.2624998,5.5875],"to":[11.65,7.7625,18.125],"faces":{"east":{"uv":[12.8125,1.75,13.59375,2.03125],"tintindex":0,"rotation":0,"texture":"#0"},"south":{"uv":[10.34375,8.96875,10.75,9.25],"tintindex":0,"rotation":0,"texture":"#0"},"north":{"uv":[6.25,9.21875,6.65625,9.5],"tintindex":0,"rotation":0,"texture":"#0"},"west":{"uv":[12.8125,2.03125,13.59375,2.3125],"tintindex":0,"rotation":0,"texture":"#0"},"up":{"uv":[3.9375,13.125,3.53125,12.34375],"tintindex":0,"rotation":0,"texture":"#0"},"down":{"uv":[4.34375,12.34375,3.9375,13.125],"tintindex":0,"rotation":0,"texture":"#0"}}}],"display":{"gui":{"rotation":[30,225,0]}}}