{"textures":{"0":"modelengine:entity/golem_de_hierro"},"elements":[{"from":[4.8500004,3.2624998,5.5875],"to":[11.375,7.7625,18.125],"faces":{"east":{"uv":[12.6875,1.46875,13.46875,1.75],"tintindex":0,"rotation":0,"texture":"#0"},"south":{"uv":[8.9375,5.53125,9.34375,5.8125],"tintindex":0,"rotation":0,"texture":"#0"},"north":{"uv":[5.9375,6.875,6.34375,7.15625],"tintindex":0,"rotation":0,"texture":"#0"},"west":{"uv":[12.6875,11.0625,13.46875,11.34375],"tintindex":0,"rotation":0,"texture":"#0"},"up":{"uv":[6.625,13.0625,6.21875,12.28125],"tintindex":0,"rotation":0,"texture":"#0"},"down":{"uv":[9.03125,12.28125,8.625,13.0625],"tintindex":0,"rotation":0,"texture":"#0"}}},{"from":[5.3500004,3.2624998,7.0875],"to":[10.875,7.2625,20.625],"faces":{"east":{"uv":[12.875,12.34375,13.71875,12.59375],"tintindex":0,"rotation":0,"texture":"#0"},"south":{"uv":[5.0625,1.0,5.40625,1.25],"tintindex":0,"rotation":0,"texture":"#0"},"north":{"uv":[1.375,4.3125,1.71875,4.5625],"tintindex":0,"rotation":0,"texture":"#0"},"west":{"uv":[12.96875,4.96875,13.8125,5.21875],"tintindex":0,"rotation":0,"texture":"#0"},"up":{"uv":[3.46875,13.34375,3.125,12.5],"tintindex":0,"rotation":0,"texture":"#0"},"down":{"uv":[0.875,12.5625,0.53125,13.40625],"tintindex":0,"rotation":0,"texture":"#0"}}},{"from":[4.3500004,3.2624998,3.5875],"to":[11.875,8.2625,16.125],"faces":{"east":{"uv":[12.625,3.21875,13.40625,3.53125],"tintindex":0,"rotation":0,"texture":"#0"},"south":{"uv":[13.125,6.28125,13.59375,6.59375],"tintindex":0,"rotation":0,"texture":"#0"},"north":{"uv":[3.46875,13.125,3.9375,13.4375],"tintindex":0,"rotation":0,"texture":"#0"},"west":{"uv":[12.625,3.53125,13.40625,3.84375],"tintindex":0,"rotation":0,"texture":"#0"},"up":{"uv":[5.625,12.59375,5.15625,11.8125],"tintindex":0,"rotation":0,"texture":"#0"},"down":{"uv":[9.75,11.8125,9.28125,12.59375],"tintindex":0,"rotation":0,"texture":"#0"}}}],"display":{"gui":{"rotation":[30,225,0]}}}