{"textures":{"0":"modelengine:entity/golem_de_hierro"},"elements":[{"from":[3.125,-6.737501,3.0875],"to":[11.65,0.26249695,14.125],"faces":{"east":{"uv":[12.4375,7.15625,13.125,7.59375],"tintindex":0,"rotation":0,"texture":"#0"},"south":{"uv":[12.78125,8.875,13.3125,9.3125],"tintindex":0,"rotation":0,"texture":"#0"},"north":{"uv":[11.375,12.75,11.90625,13.1875],"tintindex":0,"rotation":0,"texture":"#0"},"west":{"uv":[12.4375,7.59375,13.125,8.03125],"tintindex":0,"rotation":0,"texture":"#0"},"up":{"uv":[12.6875,10.09375,12.15625,9.40625],"tintindex":0,"rotation":0,"texture":"#0"},"down":{"uv":[12.6875,10.09375,12.15625,10.78125],"tintindex":0,"rotation":0,"texture":"#0"}}},{"from":[2.625,-4.237501,2.5875],"to":[12.15,2.262497,14.625],"faces":{"east":{"uv":[12.375,8.09375,13.125,8.5],"tintindex":0,"rotation":0,"texture":"#0"},"south":{"uv":[12.6875,10.21875,13.28125,10.625],"tintindex":0,"rotation":0,"texture":"#0"},"north":{"uv":[12.6875,9.8125,13.28125,10.21875],"tintindex":0,"rotation":0,"texture":"#0"},"west":{"uv":[12.125,12.375,12.875,12.78125],"tintindex":0,"rotation":0,"texture":"#0"},"up":{"uv":[1.84375,12.125,1.25,11.375],"tintindex":0,"rotation":0,"texture":"#0"},"down":{"uv":[2.4375,11.375,1.84375,12.125],"tintindex":0,"rotation":0,"texture":"#0"}}},{"from":[3.625,-11.737501,3.5875],"to":[11.15,11.262497,13.625],"faces":{"east":{"uv":[8.84375,2.65625,9.46875,4.09375],"tintindex":0,"rotation":0,"texture":"#0"},"south":{"uv":[4.65625,9.5625,5.125,11.0],"tintindex":0,"rotation":0,"texture":"#0"},"north":{"uv":[4.1875,9.5625,4.65625,11.0],"tintindex":0,"rotation":0,"texture":"#0"},"west":{"uv":[8.9375,4.09375,9.5625,5.53125],"tintindex":0,"rotation":0,"texture":"#0"},"up":{"uv":[3.125,13.125,2.65625,12.5],"tintindex":0,"rotation":0,"texture":"#0"},"down":{"uv":[5.375,12.59375,4.90625,13.21875],"tintindex":0,"rotation":0,"texture":"#0"}}},{"from":[3.125,-14.237501,3.0875],"to":[11.65,-9.237501,14.125],"faces":{"east":{"uv":[12.84375,4.65625,13.53125,4.96875],"tintindex":0,"rotation":0,"texture":"#0"},"south":{"uv":[13.125,0.0,13.65625,0.3125],"tintindex":0,"rotation":0,"texture":"#0"},"north":{"uv":[13.09375,4.03125,13.625,4.34375],"tintindex":0,"rotation":0,"texture":"#0"},"west":{"uv":[6.8125,12.875,7.5,13.1875],"tintindex":0,"rotation":0,"texture":"#0"},"up":{"uv":[12.6875,11.46875,12.15625,10.78125],"tintindex":0,"rotation":0,"texture":"#0"},"down":{"uv":[7.9375,12.1875,7.40625,12.875],"tintindex":0,"rotation":0,"texture":"#0"}}}],"display":{"gui":{"rotation":[30,225,0]}}}