{"textures":{"0":"modelengine:entity/golem_de_hierro"},"elements":[{"from":[6.3500004,5.262501,12.0875],"to":[9.875,10.262501,14.625],"faces":{"east":{"uv":[6.28125,2.0,6.4375,2.3125],"tintindex":0,"rotation":0,"texture":"#0"},"south":{"uv":[4.46875,2.65625,4.6875,2.96875],"tintindex":0,"rotation":0,"texture":"#0"},"north":{"uv":[4.46875,2.34375,4.6875,2.65625],"tintindex":0,"rotation":0,"texture":"#0"},"west":{"uv":[6.34375,5.34375,6.5,5.65625],"tintindex":0,"rotation":0,"texture":"#0"},"up":{"uv":[6.90625,1.0,6.6875,0.84375],"tintindex":0,"rotation":0,"texture":"#0"},"down":{"uv":[6.09375,10.1875,5.875,10.34375],"tintindex":0,"rotation":0,"texture":"#0"}}},{"from":[4.8500004,-6.737499,4.0875],"to":[11.375,10.262501,13.125],"faces":{"east":{"uv":[10.28125,10.25,10.84375,11.3125],"tintindex":0,"rotation":0,"texture":"#0"},"south":{"uv":[2.4375,11.375,2.84375,12.4375],"tintindex":0,"rotation":0,"texture":"#0"},"north":{"uv":[1.375,3.25,1.78125,4.3125],"tintindex":0,"rotation":0,"texture":"#0"},"west":{"uv":[1.4375,10.3125,2.0,11.375],"tintindex":0,"rotation":0,"texture":"#0"},"up":{"uv":[13.1875,12.34375,12.78125,11.78125],"tintindex":0,"rotation":0,"texture":"#0"},"down":{"uv":[12.3125,12.78125,11.90625,13.34375],"tintindex":0,"rotation":0,"texture":"#0"}}},{"from":[4.3500004,5.762501,3.5875],"to":[11.875,8.262501,13.625],"faces":{"east":{"uv":[13.21875,10.625,13.84375,10.78125],"tintindex":0,"rotation":0,"texture":"#0"},"south":{"uv":[4.84375,13.21875,5.3125,13.375],"tintindex":0,"rotation":0,"texture":"#0"},"north":{"uv":[11.625,4.96875,12.09375,5.125],"tintindex":0,"rotation":0,"texture":"#0"},"west":{"uv":[13.21875,10.78125,13.84375,10.9375],"tintindex":0,"rotation":0,"texture":"#0"},"up":{"uv":[2.65625,13.0625,2.1875,12.4375],"tintindex":0,"rotation":0,"texture":"#0"},"down":{"uv":[6.09375,12.4375,5.625,13.0625],"tintindex":0,"rotation":0,"texture":"#0"}}}],"display":{"gui":{"rotation":[30,225,0]}}}